filename,source_url,source_page,asset_type,width,height,format,local_path,notes,status
447ad580-close.svg,https://dealer-cdn.dealersync.com/3067/images/popups/close.svg,https://www.carfam.com/account/login,homepage,,,SVG,assets/homepage/447ad580-close.svg,Close Modal,200
b93dc6ad-accessibility-icon.svg,https://dealer-cdn.dealersync.com/images/accessibility-icon.svg,https://www.carfam.com/account/login,icons,,,SVG,assets/icons/b93dc6ad-accessibility-icon.svg,Accessibility Widget,200
0ce87465-3726_CF_LogoOk_3067.png,https://images.dealersync.com/3067/Logo/3726_CF_LogoOk_3067.png,https://www.carfam.com/account/login,branding,351,66,PNG,assets/branding/0ce87465-3726_CF_LogoOk_3067.png,CARFAM,200
20e4c7e5-carfam-popup-dec24.jpg,https://images.dealersync.com/3067/images/popups/carfam-popup-dec24.jpg,https://www.carfam.com/account/login,homepage,400,400,JPEG,assets/homepage/20e4c7e5-carfam-popup-dec24.jpg,We Buy Your Car Even If You Don't Buy Ours!,200
035ca12e-accessibility-left-arrow.svg,https://dealer-cdn.dealersync.com/images/accessibility-left-arrow.svg,https://www.carfam.com/account/login,icons,,,SVG,assets/icons/035ca12e-accessibility-left-arrow.svg,white left arrow,200
7cda8422-accessibility-spin-icon.svg,https://dealer-cdn.dealersync.com/images/accessibility-spin-icon.svg,https://www.carfam.com/account/login,icons,,,SVG,assets/icons/7cda8422-accessibility-spin-icon.svg,Spinner: White decorative,200
c85e9a40-20241202235248365_CF-2000x995-Banner.jpg,https://images.dealersync.com/3067/SliderUploadedFiles/20241202235248365_CF-2000x995-Banner.jpg,https://www.carfam.com/,homepage,2000,995,JPEG,assets/homepage/c85e9a40-20241202235248365_CF-2000x995-Banner.jpg,CARFAM,200
a1c363a0-20241203002521899_CF_MainBannerWelcome.jpg,https://images.dealersync.com/3067/SliderUploadedFiles/20241203002521899_CF_MainBannerWelcome.jpg,https://www.carfam.com/,homepage,2600,1294,JPEG,assets/homepage/a1c363a0-20241203002521899_CF_MainBannerWelcome.jpg,Slider image 2,200
3c341c11-3067aboutusbackground_9252.jpg,https://images.dealersync.com/3067/Images/3067aboutusbackground_9252.jpg,https://www.carfam.com/about-us,dealership,1960,840,JPEG,assets/dealership/3c341c11-3067aboutusbackground_9252.jpg,About Us Image,200
4c6047ed-20241203002518242_CF_MainBannerBuy.jpg,https://images.dealersync.com/3067/SliderUploadedFiles/20241203002518242_CF_MainBannerBuy.jpg,https://www.carfam.com/,homepage,2600,1294,JPEG,assets/homepage/4c6047ed-20241203002518242_CF_MainBannerBuy.jpg,Slider image 3,200
87b15491-ds-sedan.png,https://images.dealersync.com/3067/themes/customizations/carfam/images/body-type-v2/ds-sedan.png,https://www.carfam.com/,homepage,2400,1200,PNG,assets/homepage/87b15491-ds-sedan.png,Black Sedan,200
1d08edb0-ds-suv.png,https://images.dealersync.com/3067/themes/customizations/carfam/images/body-type-v2/ds-suv.png,https://www.carfam.com/,homepage,2400,1200,PNG,assets/homepage/1d08edb0-ds-suv.png,White Suv,200
dc99fabd-ds-truck.png,https://images.dealersync.com/3067/themes/customizations/carfam/images/body-type-v2/ds-truck.png,https://www.carfam.com/,homepage,2400,1200,PNG,assets/homepage/dc99fabd-ds-truck.png,Silver Truck,200
ad32099e-ds-coupe.png,https://images.dealersync.com/3067/themes/customizations/carfam/images/body-type-v2/ds-coupe.png,https://www.carfam.com/,homepage,2400,1200,PNG,assets/homepage/ad32099e-ds-coupe.png,Red Coupe,200
e3cd43a0-ds-hatchback.png,https://images.dealersync.com/3067/themes/customizations/carfam/images/body-type-v2/ds-hatchback.png,https://www.carfam.com/,homepage,2400,1200,PNG,assets/homepage/e3cd43a0-ds-hatchback.png,Silver Hatchback,200
50ea4cd6-ds-mini-van.png,https://images.dealersync.com/3067/themes/customizations/carfam/images/body-type-v2/ds-mini-van.png,https://www.carfam.com/,homepage,2400,1200,PNG,assets/homepage/50ea4cd6-ds-mini-van.png,White Minivan,200
43de8dd0-inventory-bg.jpg,https://images.dealersync.com/3067/themes/customizations/carfam/images/inventory-bg.jpg,https://www.carfam.com/,homepage,1172,396,JPEG,assets/homepage/43de8dd0-inventory-bg.jpg,Inventory Image,200
36d1efa7-financing-bg.jpg,https://images.dealersync.com/3067/themes/customizations/carfam/images/financing-bg.jpg,https://www.carfam.com/,homepage,1172,396,JPEG,assets/homepage/36d1efa7-financing-bg.jpg,Financing Image,200
2725091f-OpenSans.woff2,https://dealer-cdn.dealersync.com/fonts/opensans/OpenSans.woff2,https://www.carfam.com/,homepage,,,,,CSS background; font was excluded from visual-asset download set,skipped_non_image_font
507b22e1-OpenSans-Bold.woff2,https://dealer-cdn.dealersync.com/fonts/opensans/OpenSans-Bold.woff2,https://www.carfam.com/,homepage,,,,,CSS background; font was excluded from visual-asset download set,skipped_non_image_font
b4210a2f-sell-your-car-bg.jpg,https://images.dealersync.com/3067/themes/customizations/carfam/images/sell-your-car-bg.jpg,https://www.carfam.com/,homepage,1172,396,JPEG,assets/homepage/b4210a2f-sell-your-car-bg.jpg,Online Appraisal Image,200
f6507c81-meet-our-team-bg.jpg,https://images.dealersync.com/3067/themes/customizations/carfam/images/meet-our-team-bg.jpg,https://www.carfam.com/,homepage,1172,396,JPEG,assets/homepage/f6507c81-meet-our-team-bg.jpg,Meet Our Team Image,200
21158f12-OpenSans-Italic.woff2,https://dealer-cdn.dealersync.com/fonts/opensans/OpenSans-Italic.woff2,https://www.carfam.com/,homepage,,,,,CSS background; font was excluded from visual-asset download set,skipped_non_image_font
39c7ebc2-fontawesome-webfont.eot,https://dealer-cdn.dealersync.com/Content/fontawesome/fontawesome-webfont.eot,https://www.carfam.com/,homepage,,,,,CSS background; font was excluded from visual-asset download set,skipped_non_image_font
02326a9b-fontawesome-webfont.woff,https://dealer-cdn.dealersync.com/Content/fontawesome/fontawesome-webfont.woff,https://www.carfam.com/,homepage,,,,,CSS background; font was excluded from visual-asset download set,skipped_non_image_font
71941c8c-fontawesome-webfont.woff2,https://dealer-cdn.dealersync.com/Content/fontawesome/fontawesome-webfont.woff2,https://www.carfam.com/,homepage,,,,,CSS background; font was excluded from visual-asset download set,skipped_non_image_font
33ef3ba7-fontawesome-webfont.ttf,https://dealer-cdn.dealersync.com/Content/fontawesome/fontawesome-webfont.ttf,https://www.carfam.com/,homepage,,,,,CSS background; font was excluded from visual-asset download set,skipped_non_image_font
09f1034f-DealerSync.woff2,https://dealer-cdn.dealersync.com/fonts/dealersync/DealerSync.woff2,https://www.carfam.com/,homepage,,,,,CSS background; font was excluded from visual-asset download set,skipped_non_image_font
cd2f9bf9-DealerSync.eot,https://dealer-cdn.dealersync.com/fonts/dealersync/DealerSync.eot,https://www.carfam.com/,homepage,,,,,CSS background; font was excluded from visual-asset download set,skipped_non_image_font
0e3381b6-fontawesome-webfont.svg,https://dealer-cdn.dealersync.com/Content/fontawesome/fontawesome-webfont.svg,https://www.carfam.com/,homepage,,,SVG,assets/homepage/0e3381b6-fontawesome-webfont.svg,CSS background,200
d4e45f10-CF_BlogImages_Sedan.jpg,https://images.dealersync.com/3067/images/CF_BlogImages_Sedan.jpg,https://www.carfam.com/best-used-cars-in-bloomington-ca,research,2377,773,JPEG,assets/research/d4e45f10-CF_BlogImages_Sedan.jpg,A white sedan driving down a freeway,200
8927f5ad-CF_BlogImages_Dodge.jpg,https://images.dealersync.com/3067/images/CF_BlogImages_Dodge.jpg,https://www.carfam.com/best-used-coupes-in-bloomington-ca,research,2377,773,JPEG,assets/research/8927f5ad-CF_BlogImages_Dodge.jpg,A green Dodge Challenger SRT in a loading dock,200
cf736410-DealerSync.ttf,https://dealer-cdn.dealersync.com/fonts/dealersync/DealerSync.ttf,https://www.carfam.com/,homepage,,,,,CSS background; font was excluded from visual-asset download set,skipped_non_image_font
4813610d-DealerSync.svg,https://dealer-cdn.dealersync.com/fonts/dealersync/DealerSync.svg,https://www.carfam.com/,homepage,,,SVG,assets/homepage/4813610d-DealerSync.svg,CSS background,200
81320bb3-CF_BlogImages_Finance.jpg,https://images.dealersync.com/3067/images/CF_BlogImages_Finance.jpg,https://www.carfam.com/bad-credit-financing-in-bloomington-ca,dealership,2377,773,JPEG,assets/dealership/81320bb3-CF_BlogImages_Finance.jpg,,200
2a92812c-CF_BlogImages_Buy.jpg,https://images.dealersync.com/3067/images/CF_BlogImages_Buy.jpg,https://www.carfam.com/buying-a-car-in-bloomington-ca,research,2377,773,JPEG,assets/research/2a92812c-CF_BlogImages_Buy.jpg,A person handing over keys to another person,200
4ba095c8-CF_BlogImages_Chevy.jpg,https://images.dealersync.com/3067/images/CF_BlogImages_Chevy.jpg,https://www.carfam.com/best-used-suvs-in-rialto-ca,research,2377,773,JPEG,assets/research/4ba095c8-CF_BlogImages_Chevy.jpg,A red Chevrolet Equnox driving down a highway,200
826b49dc-CF_BlogImages_Toyota.jpg,https://images.dealersync.com/3067/images/CF_BlogImages_Toyota.jpg,https://www.carfam.com/best-used-trucks-in-rialto-ca,research,2377,773,JPEG,assets/research/826b49dc-CF_BlogImages_Toyota.jpg,,200
b79b353b-1.webp,https://dealer-cdn.dealersync.com/3067/images/customer-gallery/1.webp,https://www.carfam.com/customer-gallery-at-carfam,customers,250,250,WEBP,assets/customers/b79b353b-1.webp,,200
e128ec87-4.webp,https://dealer-cdn.dealersync.com/3067/images/customer-gallery/4.webp,https://www.carfam.com/customer-gallery-at-carfam,customers,250,250,WEBP,assets/customers/e128ec87-4.webp,,200
fbd73ad1-2.webp,https://dealer-cdn.dealersync.com/3067/images/customer-gallery/2.webp,https://www.carfam.com/customer-gallery-at-carfam,customers,250,250,WEBP,assets/customers/fbd73ad1-2.webp,,200
22e59632-3.webp,https://dealer-cdn.dealersync.com/3067/images/customer-gallery/3.webp,https://www.carfam.com/customer-gallery-at-carfam,customers,250,250,WEBP,assets/customers/22e59632-3.webp,,200
db663215-6.webp,https://dealer-cdn.dealersync.com/3067/images/customer-gallery/6.webp,https://www.carfam.com/customer-gallery-at-carfam,customers,250,250,WEBP,assets/customers/db663215-6.webp,,200
5ec5dc8b-7.webp,https://dealer-cdn.dealersync.com/3067/images/customer-gallery/7.webp,https://www.carfam.com/customer-gallery-at-carfam,customers,250,250,WEBP,assets/customers/5ec5dc8b-7.webp,,200
8a324a9f-5.webp,https://dealer-cdn.dealersync.com/3067/images/customer-gallery/5.webp,https://www.carfam.com/customer-gallery-at-carfam,customers,250,250,WEBP,assets/customers/8a324a9f-5.webp,,200
26b0cf26-8.webp,https://dealer-cdn.dealersync.com/3067/images/customer-gallery/8.webp,https://www.carfam.com/customer-gallery-at-carfam,customers,250,250,WEBP,assets/customers/26b0cf26-8.webp,,200
b6549305-9.webp,https://dealer-cdn.dealersync.com/3067/images/customer-gallery/9.webp,https://www.carfam.com/customer-gallery-at-carfam,customers,250,250,WEBP,assets/customers/b6549305-9.webp,,200
0fd1e13c-12.webp,https://dealer-cdn.dealersync.com/3067/images/customer-gallery/12.webp,https://www.carfam.com/customer-gallery-at-carfam,customers,250,250,WEBP,assets/customers/0fd1e13c-12.webp,,200
a9301546-10.webp,https://dealer-cdn.dealersync.com/3067/images/customer-gallery/10.webp,https://www.carfam.com/customer-gallery-at-carfam,customers,250,250,WEBP,assets/customers/a9301546-10.webp,,200
b14ad258-11.webp,https://dealer-cdn.dealersync.com/3067/images/customer-gallery/11.webp,https://www.carfam.com/customer-gallery-at-carfam,customers,250,250,WEBP,assets/customers/b14ad258-11.webp,,200
66134431-13.webp,https://dealer-cdn.dealersync.com/3067/images/customer-gallery/13.webp,https://www.carfam.com/customer-gallery-at-carfam,customers,250,250,WEBP,assets/customers/66134431-13.webp,,200
3b4cb65e-16.webp,https://dealer-cdn.dealersync.com/3067/images/customer-gallery/16.webp,https://www.carfam.com/customer-gallery-at-carfam,customers,250,250,WEBP,assets/customers/3b4cb65e-16.webp,,200
769dcb75-14.webp,https://dealer-cdn.dealersync.com/3067/images/customer-gallery/14.webp,https://www.carfam.com/customer-gallery-at-carfam,customers,250,250,WEBP,assets/customers/769dcb75-14.webp,,200
5910e797-15.webp,https://dealer-cdn.dealersync.com/3067/images/customer-gallery/15.webp,https://www.carfam.com/customer-gallery-at-carfam,customers,250,250,WEBP,assets/customers/5910e797-15.webp,,200
329bb460-19.webp,https://dealer-cdn.dealersync.com/3067/images/customer-gallery/19.webp,https://www.carfam.com/customer-gallery-at-carfam,customers,250,250,WEBP,assets/customers/329bb460-19.webp,,200
5041f8ff-18.webp,https://dealer-cdn.dealersync.com/3067/images/customer-gallery/18.webp,https://www.carfam.com/customer-gallery-at-carfam,customers,250,250,WEBP,assets/customers/5041f8ff-18.webp,,200
da0c0f11-17.webp,https://dealer-cdn.dealersync.com/3067/images/customer-gallery/17.webp,https://www.carfam.com/customer-gallery-at-carfam,customers,250,250,WEBP,assets/customers/da0c0f11-17.webp,,200
79a9bb02-20.webp,https://dealer-cdn.dealersync.com/3067/images/customer-gallery/20.webp,https://www.carfam.com/customer-gallery-at-carfam,customers,250,250,WEBP,assets/customers/79a9bb02-20.webp,,200
41c0a2ec-21.webp,https://dealer-cdn.dealersync.com/3067/images/customer-gallery/21.webp,https://www.carfam.com/customer-gallery-at-carfam,customers,250,250,WEBP,assets/customers/41c0a2ec-21.webp,,200
57cadf35-22.webp,https://dealer-cdn.dealersync.com/3067/images/customer-gallery/22.webp,https://www.carfam.com/customer-gallery-at-carfam,customers,250,250,WEBP,assets/customers/57cadf35-22.webp,,200
d871c280-23.webp,https://dealer-cdn.dealersync.com/3067/images/customer-gallery/23.webp,https://www.carfam.com/customer-gallery-at-carfam,customers,250,250,WEBP,assets/customers/d871c280-23.webp,,200
db10d5f4-24.webp,https://dealer-cdn.dealersync.com/3067/images/customer-gallery/24.webp,https://www.carfam.com/customer-gallery-at-carfam,customers,250,250,WEBP,assets/customers/db10d5f4-24.webp,,200
6704ffa1-25.webp,https://dealer-cdn.dealersync.com/3067/images/customer-gallery/25.webp,https://www.carfam.com/customer-gallery-at-carfam,customers,250,250,WEBP,assets/customers/6704ffa1-25.webp,,200
f30a001f-27.webp,https://dealer-cdn.dealersync.com/3067/images/customer-gallery/27.webp,https://www.carfam.com/customer-gallery-at-carfam,customers,250,250,WEBP,assets/customers/f30a001f-27.webp,,200
ab04c3d7-29.webp,https://dealer-cdn.dealersync.com/3067/images/customer-gallery/29.webp,https://www.carfam.com/customer-gallery-at-carfam,customers,250,250,WEBP,assets/customers/ab04c3d7-29.webp,,200
d3c441ee-26.webp,https://dealer-cdn.dealersync.com/3067/images/customer-gallery/26.webp,https://www.carfam.com/customer-gallery-at-carfam,customers,250,250,WEBP,assets/customers/d3c441ee-26.webp,,200
d4862af3-30.webp,https://dealer-cdn.dealersync.com/3067/images/customer-gallery/30.webp,https://www.carfam.com/customer-gallery-at-carfam,customers,250,250,WEBP,assets/customers/d4862af3-30.webp,,200
857765ed-32.webp,https://dealer-cdn.dealersync.com/3067/images/customer-gallery/32.webp,https://www.carfam.com/customer-gallery-at-carfam,customers,250,250,WEBP,assets/customers/857765ed-32.webp,,200
99bc87c5-31.webp,https://dealer-cdn.dealersync.com/3067/images/customer-gallery/31.webp,https://www.carfam.com/customer-gallery-at-carfam,customers,250,250,WEBP,assets/customers/99bc87c5-31.webp,,200
9548f057-33.webp,https://dealer-cdn.dealersync.com/3067/images/customer-gallery/33.webp,https://www.carfam.com/customer-gallery-at-carfam,customers,250,250,WEBP,assets/customers/9548f057-33.webp,,200
70b30f03-34.webp,https://dealer-cdn.dealersync.com/3067/images/customer-gallery/34.webp,https://www.carfam.com/customer-gallery-at-carfam,customers,250,250,WEBP,assets/customers/70b30f03-34.webp,,200
32efbcbf-37.webp,https://dealer-cdn.dealersync.com/3067/images/customer-gallery/37.webp,https://www.carfam.com/customer-gallery-at-carfam,customers,250,250,WEBP,assets/customers/32efbcbf-37.webp,,200
ee75a414-35.webp,https://dealer-cdn.dealersync.com/3067/images/customer-gallery/35.webp,https://www.carfam.com/customer-gallery-at-carfam,customers,250,250,WEBP,assets/customers/ee75a414-35.webp,,200
3fc9ec66-36.webp,https://dealer-cdn.dealersync.com/3067/images/customer-gallery/36.webp,https://www.carfam.com/customer-gallery-at-carfam,customers,250,250,WEBP,assets/customers/3fc9ec66-36.webp,,200
66e36c3a-39.webp,https://dealer-cdn.dealersync.com/3067/images/customer-gallery/39.webp,https://www.carfam.com/customer-gallery-at-carfam,customers,250,250,WEBP,assets/customers/66e36c3a-39.webp,,200
58232a94-38.webp,https://dealer-cdn.dealersync.com/3067/images/customer-gallery/38.webp,https://www.carfam.com/customer-gallery-at-carfam,customers,250,250,WEBP,assets/customers/58232a94-38.webp,,200
a91c8f7f-40.webp,https://dealer-cdn.dealersync.com/3067/images/customer-gallery/40.webp,https://www.carfam.com/customer-gallery-at-carfam,customers,250,250,WEBP,assets/customers/a91c8f7f-40.webp,,200
862ed942-41.webp,https://dealer-cdn.dealersync.com/3067/images/customer-gallery/41.webp,https://www.carfam.com/customer-gallery-at-carfam,customers,250,250,WEBP,assets/customers/862ed942-41.webp,,200
e9fac806-45.webp,https://dealer-cdn.dealersync.com/3067/images/customer-gallery/45.webp,https://www.carfam.com/customer-gallery-at-carfam,customers,250,250,WEBP,assets/customers/e9fac806-45.webp,,200
b96f1537-44.webp,https://dealer-cdn.dealersync.com/3067/images/customer-gallery/44.webp,https://www.carfam.com/customer-gallery-at-carfam,customers,250,250,WEBP,assets/customers/b96f1537-44.webp,,200
1c3e7e65-42.webp,https://dealer-cdn.dealersync.com/3067/images/customer-gallery/42.webp,https://www.carfam.com/customer-gallery-at-carfam,customers,250,250,WEBP,assets/customers/1c3e7e65-42.webp,,200
e9cf5f51-43.webp,https://dealer-cdn.dealersync.com/3067/images/customer-gallery/43.webp,https://www.carfam.com/customer-gallery-at-carfam,customers,250,250,WEBP,assets/customers/e9cf5f51-43.webp,,200
b87560dd-46.webp,https://dealer-cdn.dealersync.com/3067/images/customer-gallery/46.webp,https://www.carfam.com/customer-gallery-at-carfam,customers,250,250,WEBP,assets/customers/b87560dd-46.webp,,200
ec39c45a-favicon-test.jpg,https://dealer-cdn.dealersync.com/3067/favicon/favicon-test.jpg,https://www.carfam.com/,branding,72,72,JPEG,assets/branding/ec39c45a-favicon-test.jpg,Observed shortcut icon,200
677ef678-user-coming-soon.jpg,https://images.dealersync.com/images/user-coming-soon.jpg,https://www.carfam.com/meet-our-team,staff,300,240,JPEG,assets/staff/677ef678-user-coming-soon.jpg,Magic Faouri,200
fd75cc1f-3067financepagebackground_8079.jpg,https://images.dealersync.com/3067/Images/3067financepagebackground_8079.jpg,https://www.carfam.com/finance-your-car,dealership,1960,840,JPEG,assets/dealership/fd75cc1f-3067financepagebackground_8079.jpg,Finance Image,200
fb62f4f5-wm_50bb2c2b04ad4ef98b5cd73cb6846d69_1567362.jpg,https://images.dealersync.com/3067/Photos/1567362/wm_50bb2c2b04ad4ef98b5cd73cb6846d69_1567362.jpg,https://www.carfam.com/searchused.aspx,dealership,1200,900,JPEG,assets/dealership/fb62f4f5-wm_50bb2c2b04ad4ef98b5cd73cb6846d69_1567362.jpg,2019 Acura RDX w/Technology Pkg,200
e1d40b86-capital-one-logo.svg,https://dealer-cdn.dealersync.com/themes/widgets/capital-one/capital-one-logo.svg,https://www.carfam.com/searchused.aspx,dealership,,,SVG,assets/dealership/e1d40b86-capital-one-logo.svg,Capital One Logo,200
7611c172-fuel-gas.svg,https://dealer-cdn.dealersync.com/3067/icons/vehicle/fuel-gas.svg,https://www.carfam.com/searchused.aspx,dealership,,,SVG,assets/dealership/7611c172-fuel-gas.svg,fuel-gas,200
525c549a-transmission.svg,https://dealer-cdn.dealersync.com/3067/icons/vehicle/transmission.svg,https://www.carfam.com/searchused.aspx,dealership,,,SVG,assets/dealership/525c549a-transmission.svg,transmission,200
258d8150-show-me-carfax-light.svg,https://dealer-cdn.dealersync.com/themes/widgets/carfax/show-me-carfax-light.svg,https://www.carfam.com/searchused.aspx,dealership,,,SVG,assets/dealership/258d8150-show-me-carfax-light.svg,Carfax Report,200
da48df40-show-me-carfax-dark.svg,https://dealer-cdn.dealersync.com/themes/widgets/carfax/show-me-carfax-dark.svg,https://www.carfam.com/searchused.aspx,dealership,,,SVG,assets/dealership/da48df40-show-me-carfax-dark.svg,Carfax Report,200
e3d0f6e4-compare.svg,https://dealer-cdn.dealersync.com/3067/icons/vehicle/compare.svg,https://www.carfam.com/searchused.aspx,dealership,,,SVG,assets/dealership/e3d0f6e4-compare.svg,mass scale with car on each side,200
3c77ed36-fuel-gas-nozzle.svg,https://dealer-cdn.dealersync.com/3067/icons/vehicle/fuel-gas-nozzle.svg,https://www.carfam.com/searchused.aspx,dealership,,,SVG,assets/dealership/3c77ed36-fuel-gas-nozzle.svg,fuel-gas-nozzle,200
4f2add45-wm_5cdd52eb8ff4480b8caa7a664d165dad_1502496.jpg,https://images.dealersync.com/3067/Photos/1502496/wm_5cdd52eb8ff4480b8caa7a664d165dad_1502496.jpg,https://www.carfam.com/searchused.aspx,dealership,1200,900,JPEG,assets/dealership/4f2add45-wm_5cdd52eb8ff4480b8caa7a664d165dad_1502496.jpg,2015 Acura RDX,200
8669a178-show-me-carfax-one-owner-light.svg,https://dealer-cdn.dealersync.com/themes/widgets/carfax/show-me-carfax-one-owner-light.svg,https://www.carfam.com/searchused.aspx,dealership,,,SVG,assets/dealership/8669a178-show-me-carfax-one-owner-light.svg,Carfax Report,200
7a423cb2-leather-seats.svg,https://dealer-cdn.dealersync.com/3067/icons/vehicle/leather-seats.svg,https://www.carfam.com/searchused.aspx,dealership,,,SVG,assets/dealership/7a423cb2-leather-seats.svg,leather-seats,200
83069a92-premium-sound.svg,https://dealer-cdn.dealersync.com/3067/icons/vehicle/premium-sound.svg,https://www.carfam.com/searchused.aspx,dealership,,,SVG,assets/dealership/83069a92-premium-sound.svg,premium-sound,200
16b03a6a-bluetooth.svg,https://dealer-cdn.dealersync.com/3067/icons/vehicle/bluetooth.svg,https://www.carfam.com/searchused.aspx,dealership,,,SVG,assets/dealership/16b03a6a-bluetooth.svg,bluetooth,200
6d11d906-wm_c56b1e0f088243f89853de51d8ab849c_1576973.jpg,https://images.dealersync.com/3067/Photos/1576973/wm_c56b1e0f088243f89853de51d8ab849c_1576973.jpg,https://www.carfam.com/searchused.aspx,dealership,1200,900,JPEG,assets/dealership/6d11d906-wm_c56b1e0f088243f89853de51d8ab849c_1576973.jpg,2022 Audi Q3 S line Premium Plus,200
912ba859-8e22da30c4574e20856393a7bfaa779c.jpg,https://images.dealersync.com/3067/Photos/comingsoon/8e22da30c4574e20856393a7bfaa779c.jpg,https://www.carfam.com/searchused.aspx,dealership,1200,900,JPEG,assets/dealership/912ba859-8e22da30c4574e20856393a7bfaa779c.jpg,2023 Audi A5 Sportback Premium,200
e94fdb36-4wd.svg,https://dealer-cdn.dealersync.com/3067/icons/vehicle/4wd.svg,https://www.carfam.com/searchused.aspx,dealership,,,SVG,assets/dealership/e94fdb36-4wd.svg,4wd,200
888acd00-show-me-carfax-one-owner-dark.svg,https://dealer-cdn.dealersync.com/themes/widgets/carfax/show-me-carfax-one-owner-dark.svg,https://www.carfam.com/searchused.aspx,dealership,,,SVG,assets/dealership/888acd00-show-me-carfax-one-owner-dark.svg,Carfax Report,200
417cb2e5-wm_ecbbf284669b44329c0b749022a4ad30_1573026.jpg,https://images.dealersync.com/3067/Photos/1573026/wm_ecbbf284669b44329c0b749022a4ad30_1573026.jpg,https://www.carfam.com/searchused.aspx,dealership,1200,900,JPEG,assets/dealership/417cb2e5-wm_ecbbf284669b44329c0b749022a4ad30_1573026.jpg,2017 BMW 5 Series 540i xDrive,200
e60cfc2f-wm_5537fb9bd4d44438ab82a0d03507d277_1573572.jpg,https://images.dealersync.com/3067/Photos/1573572/wm_5537fb9bd4d44438ab82a0d03507d277_1573572.jpg,https://www.carfam.com/searchused.aspx,dealership,1200,900,JPEG,assets/dealership/e60cfc2f-wm_5537fb9bd4d44438ab82a0d03507d277_1573572.jpg,2018 BMW 5 Series 530i,200
06eceab1-wm_8adadcd2f25945a88d1d75e1aae0742b_1573299.jpg,https://images.dealersync.com/3067/Photos/1573299/wm_8adadcd2f25945a88d1d75e1aae0742b_1573299.jpg,https://www.carfam.com/searchused.aspx,dealership,1200,900,JPEG,assets/dealership/06eceab1-wm_8adadcd2f25945a88d1d75e1aae0742b_1573299.jpg,2019 BMW 5 Series 530i,200
2d39c452-wm_0fcd6efb0ec64f729c92119a451364a9_1587151.jpg,https://images.dealersync.com/3067/Photos/1587151/wm_0fcd6efb0ec64f729c92119a451364a9_1587151.jpg,https://www.carfam.com/searchused.aspx,dealership,1200,900,JPEG,assets/dealership/2d39c452-wm_0fcd6efb0ec64f729c92119a451364a9_1587151.jpg,2015 BMW 4 Series 428i xDrive,200
8c3c10f1-wm_254f2609a23a411ea4f46445e6ceed3d_1581410.jpg,https://images.dealersync.com/3067/Photos/1581410/wm_254f2609a23a411ea4f46445e6ceed3d_1581410.jpg,https://www.carfam.com/searchused.aspx,dealership,1200,900,JPEG,assets/dealership/8c3c10f1-wm_254f2609a23a411ea4f46445e6ceed3d_1581410.jpg,2019 BMW 7 Series 740i,200
1452bb85-wm_227e272a88f94087aab8bc6212349d95_1555159.jpg,https://images.dealersync.com/3067/Photos/1555159/wm_227e272a88f94087aab8bc6212349d95_1555159.jpg,https://www.carfam.com/searchused.aspx,dealership,1200,900,JPEG,assets/dealership/1452bb85-wm_227e272a88f94087aab8bc6212349d95_1555159.jpg,2013 BMW 7 Series 740Li,200
aa883c76-wm_91c952442d7d493a86d1bbc42e825366_1565706.jpg,https://images.dealersync.com/3067/Photos/1565706/wm_91c952442d7d493a86d1bbc42e825366_1565706.jpg,https://www.carfam.com/searchused.aspx,dealership,1200,900,JPEG,assets/dealership/aa883c76-wm_91c952442d7d493a86d1bbc42e825366_1565706.jpg,2021 BMW Z4 sDrive30i,200
22253ace-wm_8642b18e14194e39b6240ff8a6b5581f_1568264.jpg,https://images.dealersync.com/3067/Photos/1568264/wm_8642b18e14194e39b6240ff8a6b5581f_1568264.jpg,https://www.carfam.com/searchused.aspx,dealership,1200,900,JPEG,assets/dealership/22253ace-wm_8642b18e14194e39b6240ff8a6b5581f_1568264.jpg,2013 Buick Enclave Premium,200
5d336fd5-srp-no-results-icon.svg,https://dealer-cdn.dealersync.com/images/srp-no-results-icon.svg,https://www.carfam.com/searchused.aspx,dealership,,,SVG,assets/dealership/5d336fd5-srp-no-results-icon.svg,No Results Icon,200
357ec1fe-wm_c3fe1fb4c84d4e78b782b337721e8dcc_1575058.jpg,https://images.dealersync.com/3067/Photos/1575058/wm_c3fe1fb4c84d4e78b782b337721e8dcc_1575058.jpg,https://www.carfam.com/searchused.aspx,dealership,1200,900,JPEG,assets/dealership/357ec1fe-wm_c3fe1fb4c84d4e78b782b337721e8dcc_1575058.jpg,2021 Buick Envision Preferred,200
70ed9e45-CF_BlogImages_Communities.jpg,https://images.dealersync.com/3067/images/CF_BlogImages_Communities.jpg,https://www.carfam.com/used-car-dealer-serving-the-community-in-rialto,dealership,2377,773,JPEG,assets/dealership/70ed9e45-CF_BlogImages_Communities.jpg,,200
b56c265b-choc.png,https://images.dealersync.com/3067/images/choc.png,https://www.carfam.com/used-car-dealer-serving-the-community-in-rialto,dealership,600,76,PNG,assets/dealership/b56c265b-choc.png,choc children's logo,200
f2a6d011-make-a-wish.png,https://images.dealersync.com/3067/images/make-a-wish.png,https://www.carfam.com/used-car-dealer-serving-the-community-in-rialto,dealership,872,186,PNG,assets/dealership/f2a6d011-make-a-wish.png,make a wish logo,200
5cb81a15-CAR_2400x900_EV.jpg,https://images.dealersync.com/3067/images/blogs/CAR_2400x900_EV.jpg,https://www.carfam.com/used-ev-home-charging-guide-rialto-ca,research,2400,900,JPEG,assets/research/5cb81a15-CAR_2400x900_EV.jpg,A car's dashboard.,200
0d2765f2-used-car-dealership-guide.png,https://images.dealersync.com/3067/images/blogs/used-car-dealership-guide.png,https://www.carfam.com/used-car-rialto-used-car-dealership-guide,research,2400,900,PNG,assets/research/0d2765f2-used-car-dealership-guide.png,A sedan and a suv.,200
1f002351-wheels-for-wishes_logo.webp,https://dealer-cdn.dealersync.com/3067/images/wheels-for-wishes_logo.webp,https://www.carfam.com/used-car-dealer-serving-the-community-in-rialto,dealership,170,170,WEBP,assets/dealership/1f002351-wheels-for-wishes_logo.webp,wheels for wishes logo,200
1567362-1.jpg,https://images.dealersync.com/3067/Photos/1567362/wm_50bb2c2b04ad4ef98b5cd73cb6846d69_1567362.jpg,https://www.carfam.com/pre-owned-cars/detail/2019-Acura-RDX/1567362,inventory-demo,1200,900,JPEG,assets/inventory-demo/1567362-1.jpg,2019 Acura RDX w/Technology Pkg; original gallery position 1,200
1555159-1.jpg,https://images.dealersync.com/3067/Photos/1555159/wm_227e272a88f94087aab8bc6212349d95_1555159.jpg,https://www.carfam.com/pre-owned-cars/detail/2013-BMW-7-Series/1555159,inventory-demo,1200,900,JPEG,assets/inventory-demo/1555159-1.jpg,2013 BMW 7 Series 740Li; original gallery position 1,200
1567362-5.jpg,https://images.dealersync.com/3067/Photos/1567362/20260817234440563_1787010280.jpg,https://www.carfam.com/pre-owned-cars/detail/2019-Acura-RDX/1567362,inventory-demo,1200,900,JPEG,assets/inventory-demo/1567362-5.jpg,2019 Acura RDX w/Technology Pkg; original gallery position 5,200
1567362-11.jpg,https://images.dealersync.com/3067/Photos/1567362/20260817234603410_1787010363.jpg,https://www.carfam.com/pre-owned-cars/detail/2019-Acura-RDX/1567362,inventory-demo,1200,900,JPEG,assets/inventory-demo/1567362-11.jpg,2019 Acura RDX w/Technology Pkg; original gallery position 11,200
1567362-17.jpg,https://images.dealersync.com/3067/Photos/1567362/20260817234701753_1787010421.jpg,https://www.carfam.com/pre-owned-cars/detail/2019-Acura-RDX/1567362,inventory-demo,1200,900,JPEG,assets/inventory-demo/1567362-17.jpg,2019 Acura RDX w/Technology Pkg; original gallery position 17,200
1555159-5.jpg,https://images.dealersync.com/3067/Photos/1555159/20260811214141557_1786484501.jpg,https://www.carfam.com/pre-owned-cars/detail/2013-BMW-7-Series/1555159,inventory-demo,1200,900,JPEG,assets/inventory-demo/1555159-5.jpg,2013 BMW 7 Series 740Li; original gallery position 5,200
1555159-17.jpg,https://images.dealersync.com/3067/Photos/1555159/20260811214605292_1786484765.jpg,https://www.carfam.com/pre-owned-cars/detail/2013-BMW-7-Series/1555159,inventory-demo,1200,900,JPEG,assets/inventory-demo/1555159-17.jpg,2013 BMW 7 Series 740Li; original gallery position 17,200
1540740-5.jpg,https://images.dealersync.com/3067/Photos/1540740/20260716193423357_1784230462.jpg,https://www.carfam.com/pre-owned-cars/detail/2023-GMC-Sierra-1500/1540740,inventory-demo,1200,900,JPEG,assets/inventory-demo/1540740-5.jpg,2023 GMC Sierra 1500 Pro; original gallery position 5,200
1540740-17.jpg,https://images.dealersync.com/3067/Photos/1540740/20260716193741655_1784230661.jpg,https://www.carfam.com/pre-owned-cars/detail/2023-GMC-Sierra-1500/1540740,inventory-demo,1200,900,JPEG,assets/inventory-demo/1540740-17.jpg,2023 GMC Sierra 1500 Pro; original gallery position 17,200
1489060-1.jpg,https://images.dealersync.com/3067/Photos/1489060/wm_d07de0cbe012439cbdf86266b82ec231_1489060.jpg,https://www.carfam.com/pre-owned-cars/detail/2020-Tesla-Model-X/1489060,inventory-demo,1200,900,JPEG,assets/inventory-demo/1489060-1.jpg,2020 Tesla Model X Long Range Plus; original gallery position 1,200
1555159-11.jpg,https://images.dealersync.com/3067/Photos/1555159/20260811214405065_1786484644.jpg,https://www.carfam.com/pre-owned-cars/detail/2013-BMW-7-Series/1555159,inventory-demo,1200,900,JPEG,assets/inventory-demo/1555159-11.jpg,2013 BMW 7 Series 740Li; original gallery position 11,200
1489060-5.jpg,https://images.dealersync.com/3067/Photos/1489060/20260417003653533_1776386213.jpg,https://www.carfam.com/pre-owned-cars/detail/2020-Tesla-Model-X/1489060,inventory-demo,1200,900,JPEG,assets/inventory-demo/1489060-5.jpg,2020 Tesla Model X Long Range Plus; original gallery position 5,200
1540740-1.jpg,https://images.dealersync.com/3067/Photos/1540740/wm_2d74da15bdaa4ae4880cac9b205204e3_1540740.jpg,https://www.carfam.com/pre-owned-cars/detail/2023-GMC-Sierra-1500/1540740,inventory-demo,1200,900,JPEG,assets/inventory-demo/1540740-1.jpg,2023 GMC Sierra 1500 Pro; original gallery position 1,200
1489060-17.jpg,https://images.dealersync.com/3067/Photos/1489060/20260417003959437_1776386399.jpg,https://www.carfam.com/pre-owned-cars/detail/2020-Tesla-Model-X/1489060,inventory-demo,1200,900,JPEG,assets/inventory-demo/1489060-17.jpg,2020 Tesla Model X Long Range Plus; original gallery position 17,200
1570960-1.jpg,https://images.dealersync.com/3067/Photos/1570960/wm_ec4f38f69ae449d6a075f38fa1772517_1570960.jpg,https://www.carfam.com/pre-owned-cars/detail/2017-Lexus-RC-350/1570960,inventory-demo,1200,900,JPEG,assets/inventory-demo/1570960-1.jpg,2017 Lexus RC 350; original gallery position 1,200
1489060-11.jpg,https://images.dealersync.com/3067/Photos/1489060/20260417003804800_1776386284.jpg,https://www.carfam.com/pre-owned-cars/detail/2020-Tesla-Model-X/1489060,inventory-demo,1200,900,JPEG,assets/inventory-demo/1489060-11.jpg,2020 Tesla Model X Long Range Plus; original gallery position 11,200
1540740-11.jpg,https://images.dealersync.com/3067/Photos/1540740/20260716193556820_1784230556.jpg,https://www.carfam.com/pre-owned-cars/detail/2023-GMC-Sierra-1500/1540740,inventory-demo,1200,900,JPEG,assets/inventory-demo/1540740-11.jpg,2023 GMC Sierra 1500 Pro; original gallery position 11,200
1570960-11.jpg,https://images.dealersync.com/3067/Photos/1570960/20260824225439035_1787612078.jpg,https://www.carfam.com/pre-owned-cars/detail/2017-Lexus-RC-350/1570960,inventory-demo,1200,900,JPEG,assets/inventory-demo/1570960-11.jpg,2017 Lexus RC 350; original gallery position 11,200
1570960-5.jpg,https://images.dealersync.com/3067/Photos/1570960/20260824225252889_1787611972.jpg,https://www.carfam.com/pre-owned-cars/detail/2017-Lexus-RC-350/1570960,inventory-demo,1200,900,JPEG,assets/inventory-demo/1570960-5.jpg,2017 Lexus RC 350; original gallery position 5,200
1570960-17.jpg,https://images.dealersync.com/3067/Photos/1570960/20260824225657588_1787612217.jpg,https://www.carfam.com/pre-owned-cars/detail/2017-Lexus-RC-350/1570960,inventory-demo,1200,900,JPEG,assets/inventory-demo/1570960-17.jpg,2017 Lexus RC 350; original gallery position 17,200
1573576-17.jpg,https://images.dealersync.com/3067/Photos/1573576/20260904181733941_1788545853.jpg,https://www.carfam.com/pre-owned-cars/detail/2019-Honda-Odyssey/1573576,inventory-demo,1200,900,JPEG,assets/inventory-demo/1573576-17.jpg,2019 Honda Odyssey Elite; original gallery position 17,200
1573576-11.jpg,https://images.dealersync.com/3067/Photos/1573576/20260904181505372_1788545704.jpg,https://www.carfam.com/pre-owned-cars/detail/2019-Honda-Odyssey/1573576,inventory-demo,1200,900,JPEG,assets/inventory-demo/1573576-11.jpg,2019 Honda Odyssey Elite; original gallery position 11,200
1573576-1.jpg,https://images.dealersync.com/3067/Photos/1573576/wm_e7679ba7db634737bd96097b85a71443_1573576.jpg,https://www.carfam.com/pre-owned-cars/detail/2019-Honda-Odyssey/1573576,inventory-demo,1200,900,JPEG,assets/inventory-demo/1573576-1.jpg,2019 Honda Odyssey Elite; original gallery position 1,200
1573576-5.jpg,https://images.dealersync.com/3067/Photos/1573576/20260904181143463_1788545503.jpg,https://www.carfam.com/pre-owned-cars/detail/2019-Honda-Odyssey/1573576,inventory-demo,1200,900,JPEG,assets/inventory-demo/1573576-5.jpg,2019 Honda Odyssey Elite; original gallery position 5,200
1572973-17.jpg,https://images.dealersync.com/3067/Photos/1572973/20260908214520627_1788903920.jpg,https://www.carfam.com/pre-owned-cars/detail/2017-Toyota-Corolla-iM/1572973,inventory-demo,1200,900,JPEG,assets/inventory-demo/1572973-17.jpg,2017 Toyota Corolla iM; original gallery position 17,200
1572973-5.jpg,https://images.dealersync.com/3067/Photos/1572973/20260908214224146_1788903743.jpg,https://www.carfam.com/pre-owned-cars/detail/2017-Toyota-Corolla-iM/1572973,inventory-demo,1200,900,JPEG,assets/inventory-demo/1572973-5.jpg,2017 Toyota Corolla iM; original gallery position 5,200
1572973-1.jpg,https://images.dealersync.com/3067/Photos/1572973/wm_080eb1b9ca3c404aa288eb09f0c2d3b2_1572973.jpg,https://www.carfam.com/pre-owned-cars/detail/2017-Toyota-Corolla-iM/1572973,inventory-demo,1200,900,JPEG,assets/inventory-demo/1572973-1.jpg,2017 Toyota Corolla iM; original gallery position 1,200
1572973-11.jpg,https://images.dealersync.com/3067/Photos/1572973/20260908214410663_1788903850.jpg,https://www.carfam.com/pre-owned-cars/detail/2017-Toyota-Corolla-iM/1572973,inventory-demo,1200,900,JPEG,assets/inventory-demo/1572973-11.jpg,2017 Toyota Corolla iM; original gallery position 11,200
1560111-1.jpg,https://images.dealersync.com/3067/Photos/1560111/wm_446fcca505e94a7dbd087a232b811cac_1560111.jpg,https://www.carfam.com/pre-owned-cars/detail/2016-Toyota-Highlander/1560111,inventory-demo,1200,900,JPEG,assets/inventory-demo/1560111-1.jpg,2016 Toyota Highlander Limited; original gallery position 1,200
1560111-11.jpg,https://images.dealersync.com/3067/Photos/1560111/20260805003143943_1785889903.jpg,https://www.carfam.com/pre-owned-cars/detail/2016-Toyota-Highlander/1560111,inventory-demo,1200,900,JPEG,assets/inventory-demo/1560111-11.jpg,2016 Toyota Highlander Limited; original gallery position 11,200
1560111-17.jpg,https://images.dealersync.com/3067/Photos/1560111/20260805003247683_1785889967.jpg,https://www.carfam.com/pre-owned-cars/detail/2016-Toyota-Highlander/1560111,inventory-demo,1200,900,JPEG,assets/inventory-demo/1560111-17.jpg,2016 Toyota Highlander Limited; original gallery position 17,200
1560111-5.jpg,https://images.dealersync.com/3067/Photos/1560111/20260805002938708_1785889778.jpg,https://www.carfam.com/pre-owned-cars/detail/2016-Toyota-Highlander/1560111,inventory-demo,1200,900,JPEG,assets/inventory-demo/1560111-5.jpg,2016 Toyota Highlander Limited; original gallery position 5,200
1513231-17.jpg,https://images.dealersync.com/3067/Photos/1513231/20260522164244644_1779468164.jpg,https://www.carfam.com/pre-owned-cars/detail/2019-Chevrolet-Colorado/1513231,inventory-demo,1200,900,JPEG,assets/inventory-demo/1513231-17.jpg,2019 Chevrolet Colorado 4WD Z71; original gallery position 17,200
1513231-5.jpg,https://images.dealersync.com/3067/Photos/1513231/20260522163907178_1779467946.jpg,https://www.carfam.com/pre-owned-cars/detail/2019-Chevrolet-Colorado/1513231,inventory-demo,1200,900,JPEG,assets/inventory-demo/1513231-5.jpg,2019 Chevrolet Colorado 4WD Z71; original gallery position 5,200
1513231-11.jpg,https://images.dealersync.com/3067/Photos/1513231/20260522164113648_1779468073.jpg,https://www.carfam.com/pre-owned-cars/detail/2019-Chevrolet-Colorado/1513231,inventory-demo,1200,900,JPEG,assets/inventory-demo/1513231-11.jpg,2019 Chevrolet Colorado 4WD Z71; original gallery position 11,200
1513231-1.jpg,https://images.dealersync.com/3067/Photos/1513231/wm_a38f34f17d1b4de3a909c2b1af241782_1513231.jpg,https://www.carfam.com/pre-owned-cars/detail/2019-Chevrolet-Colorado/1513231,inventory-demo,1200,900,JPEG,assets/inventory-demo/1513231-1.jpg,2019 Chevrolet Colorado 4WD Z71; original gallery position 1,200
,https://images.dealersync.com/3067/Photos/1449827/wm_f34f0a51e5a74ce2891dcea2026a94f6_1449827.jpg,https://www.carfam.com/pre-owned-cars/detail/2020-Cadillac-XT5/1449827,inventory,,,,,URL only; full vehicle galleries recorded to avoid huge download,url_only
,https://images.dealersync.com/3067/Photos/1449827/20260206185822085_1770404301.jpg,https://www.carfam.com/pre-owned-cars/detail/2020-Cadillac-XT5/1449827,inventory,,,,,URL only; full vehicle galleries recorded to avoid huge download,url_only
,https://images.dealersync.com/3067/Photos/1449827/20260206185835955_1770404315.jpg,https://www.carfam.com/pre-owned-cars/detail/2020-Cadillac-XT5/1449827,inventory,,,,,URL only; full vehicle galleries recorded to avoid huge download,url_only
,https://images.dealersync.com/3067/Photos/1449827/20260206185844478_1770404324.jpg,https://www.carfam.com/pre-owned-cars/detail/2020-Cadillac-XT5/1449827,inventory,,,,,URL only; full vehicle galleries recorded to avoid huge download,url_only
,https://images.dealersync.com/3067/Photos/1449827/20260206185853569_1770404333.jpg,https://www.carfam.com/pre-owned-cars/detail/2020-Cadillac-XT5/1449827,inventory,,,,,URL only; full vehicle galleries recorded to avoid huge download,url_only
,https://images.dealersync.com/3067/Photos/1449827/20260206185909654_1770404349.jpg,https://www.carfam.com/pre-owned-cars/detail/2020-Cadillac-XT5/1449827,inventory,,,,,URL only; full vehicle galleries recorded to avoid huge download,url_only
,https://images.dealersync.com/3067/Photos/1449827/20260206185930282_1770404369.jpg,https://www.carfam.com/pre-owned-cars/detail/2020-Cadillac-XT5/1449827,inventory,,,,,URL only; full vehicle galleries recorded to avoid huge download,url_only
,https://images.dealersync.com/3067/Photos/1449827/20260206185951646_1770404391.jpg,https://www.carfam.com/pre-owned-cars/detail/2020-Cadillac-XT5/1449827,inventory,,,,,URL only; full vehicle galleries recorded to avoid huge download,url_only
,https://images.dealersync.com/3067/Photos/1449827/20260206190032590_1770404432.jpg,https://www.carfam.com/pre-owned-cars/detail/2020-Cadillac-XT5/1449827,inventory,,,,,URL only; full vehicle galleries recorded to avoid huge download,url_only
,https://images.dealersync.com/3067/Photos/1449827/20260206190042598_1770404442.jpg,https://www.carfam.com/pre-owned-cars/detail/2020-Cadillac-XT5/1449827,inventory,,,,,URL only; full vehicle galleries recorded to avoid huge download,url_only
,https://images.dealersync.com/3067/Photos/1449827/20260206190011583_1770404411.jpg,https://www.carfam.com/pre-owned-cars/detail/2020-Cadillac-XT5/1449827,inventory,,,,,URL only; full vehicle galleries recorded to avoid huge download,url_only
,https://images.dealersync.com/3067/Photos/1449827/20260206190059559_1770404459.jpg,https://www.carfam.com/pre-owned-cars/detail/2020-Cadillac-XT5/1449827,inventory,,,,,URL only; full vehicle galleries recorded to avoid huge download,url_only
,https://images.dealersync.com/3067/Photos/1449827/20260206190108819_1770404468.jpg,https://www.carfam.com/pre-owned-cars/detail/2020-Cadillac-XT5/1449827,inventory,,,,,URL only; full vehicle galleries recorded to avoid huge download,url_only
,https://images.dealersync.com/3067/Photos/1449827/20260206190124864_1770404484.jpg,https://www.carfam.com/pre-owned-cars/detail/2020-Cadillac-XT5/1449827,inventory,,,,,URL only; full vehicle galleries recorded to avoid huge download,url_only
,https://images.dealersync.com/3067/Photos/1449827/20260206190133404_1770404493.jpg,https://www.carfam.com/pre-owned-cars/detail/2020-Cadillac-XT5/1449827,inventory,,,,,URL only; full vehicle galleries recorded to avoid huge download,url_only
,https://images.dealersync.com/3067/Photos/1449827/20260206190517872_1770404717.jpg,https://www.carfam.com/pre-owned-cars/detail/2020-Cadillac-XT5/1449827,inventory,,,,,URL only; full vehicle galleries recorded to avoid huge download,url_only
,https://images.dealersync.com/3067/Photos/1449827/20260206190143984_1770404503.jpg,https://www.carfam.com/pre-owned-cars/detail/2020-Cadillac-XT5/1449827,inventory,,,,,URL only; full vehicle galleries recorded to avoid huge download,url_only
,https://images.dealersync.com/3067/Photos/1449827/20260206190203809_1770404523.jpg,https://www.carfam.com/pre-owned-cars/detail/2020-Cadillac-XT5/1449827,inventory,,,,,URL only; full vehicle galleries recorded to avoid huge download,url_only
,https://images.dealersync.com/3067/Photos/1449827/20260206190219060_1770404538.jpg,https://www.carfam.com/pre-owned-cars/detail/2020-Cadillac-XT5/1449827,inventory,,,,,URL only; full vehicle galleries recorded to avoid huge download,url_only
,https://images.dealersync.com/3067/Photos/1449827/20260206190225522_1770404545.jpg,https://www.carfam.com/pre-owned-cars/detail/2020-Cadillac-XT5/1449827,inventory,,,,,URL only; full vehicle galleries recorded to avoid huge download,url_only
,https://images.dealersync.com/3067/Photos/1449827/20260206190257453_1770404576.jpg,https://www.carfam.com/pre-owned-cars/detail/2020-Cadillac-XT5/1449827,inventory,,,,,URL only; full vehicle galleries recorded to avoid huge download,url_only
,https://images.dealersync.com/3067/Photos/1449827/20260206190306560_1770404586.jpg,https://www.carfam.com/pre-owned-cars/detail/2020-Cadillac-XT5/1449827,inventory,,,,,URL only; full vehicle galleries recorded to avoid huge download,url_only
,https://images.dealersync.com/3067/Photos/1449827/20260206190333498_1770404613.jpg,https://www.carfam.com/pre-owned-cars/detail/2020-Cadillac-XT5/1449827,inventory,,,,,URL only; full vehicle galleries recorded to avoid huge download,url_only
,https://images.dealersync.com/3067/Photos/1449827/20260206190342094_1770404621.jpg,https://www.carfam.com/pre-owned-cars/detail/2020-Cadillac-XT5/1449827,inventory,,,,,URL only; full vehicle galleries recorded to avoid huge download,url_only
,https://images.dealersync.com/3067/Photos/1449827/20260206190349653_1770404629.jpg,https://www.carfam.com/pre-owned-cars/detail/2020-Cadillac-XT5/1449827,inventory,,,,,URL only; full vehicle galleries recorded to avoid huge download,url_only
,https://images.dealersync.com/3067/Photos/1449827/20260206190427313_1770404666.jpg,https://www.carfam.com/pre-owned-cars/detail/2020-Cadillac-XT5/1449827,inventory,,,,,URL only; full vehicle galleries recorded to avoid huge download,url_only
,https://images.dealersync.com/3067/Photos/1449827/20260206190630224_1770404788.jpg,https://www.carfam.com/pre-owned-cars/detail/2020-Cadillac-XT5/1449827,inventory,,,,,URL only; full vehicle galleries recorded to avoid huge download,url_only
,https://images.dealersync.com/3067/Photos/1449827/20260206190437462_1770404677.jpg,https://www.carfam.com/pre-owned-cars/detail/2020-Cadillac-XT5/1449827,inventory,,,,,URL only; full vehicle galleries recorded to avoid huge download,url_only
,https://images.dealersync.com/3067/Photos/1449827/20260206190447725_1770404687.jpg,https://www.carfam.com/pre-owned-cars/detail/2020-Cadillac-XT5/1449827,inventory,,,,,URL only; full vehicle galleries recorded to avoid huge download,url_only
,https://images.dealersync.com/3067/Photos/1449827/20260206190512061_1770404711.jpg,https://www.carfam.com/pre-owned-cars/detail/2020-Cadillac-XT5/1449827,inventory,,,,,URL only; full vehicle galleries recorded to avoid huge download,url_only
,https://images.dealersync.com/3067/Photos/1449827/20260206190525534_1770404725.jpg,https://www.carfam.com/pre-owned-cars/detail/2020-Cadillac-XT5/1449827,inventory,,,,,URL only; full vehicle galleries recorded to avoid huge download,url_only
,https://images.dealersync.com/3067/Photos/1449827/20260206190547665_1770404747.jpg,https://www.carfam.com/pre-owned-cars/detail/2020-Cadillac-XT5/1449827,inventory,,,,,URL only; full vehicle galleries recorded to avoid huge download,url_only
,https://images.dealersync.com/3067/Photos/1449827/20260206190602665_1770404762.jpg,https://www.carfam.com/pre-owned-cars/detail/2020-Cadillac-XT5/1449827,inventory,,,,,URL only; full vehicle galleries recorded to avoid huge download,url_only
,https://images.dealersync.com/3067/Photos/1482207/wm_43c4a37119374b37a9a39abbb85b80ee_1482207.jpg,https://www.carfam.com/pre-owned-cars/detail/2020-Mercedes-Benz-A-220/1482207,inventory,,,,,URL only; full vehicle galleries recorded to avoid huge download,url_only
,https://images.dealersync.com/3067/Photos/1482207/20260407225847071_1775602726.jpg,https://www.carfam.com/pre-owned-cars/detail/2020-Mercedes-Benz-A-220/1482207,inventory,,,,,URL only; full vehicle galleries recorded to avoid huge download,url_only
,https://images.dealersync.com/3067/Photos/1482207/20260407225903296_1775602742.jpg,https://www.carfam.com/pre-owned-cars/detail/2020-Mercedes-Benz-A-220/1482207,inventory,,,,,URL only; full vehicle galleries recorded to avoid huge download,url_only
,https://images.dealersync.com/3067/Photos/1482207/20260407225912726_1775602752.jpg,https://www.carfam.com/pre-owned-cars/detail/2020-Mercedes-Benz-A-220/1482207,inventory,,,,,URL only; full vehicle galleries recorded to avoid huge download,url_only
,https://images.dealersync.com/3067/Photos/1482207/20260407225926384_1775602766.jpg,https://www.carfam.com/pre-owned-cars/detail/2020-Mercedes-Benz-A-220/1482207,inventory,,,,,URL only; full vehicle galleries recorded to avoid huge download,url_only
,https://images.dealersync.com/3067/Photos/1482207/20260407225941160_1775602780.jpg,https://www.carfam.com/pre-owned-cars/detail/2020-Mercedes-Benz-A-220/1482207,inventory,,,,,URL only; full vehicle galleries recorded to avoid huge download,url_only
,https://images.dealersync.com/3067/Photos/1482207/20260407225952651_1775602792.jpg,https://www.carfam.com/pre-owned-cars/detail/2020-Mercedes-Benz-A-220/1482207,inventory,,,,,URL only; full vehicle galleries recorded to avoid huge download,url_only
,https://images.dealersync.com/3067/Photos/1482207/20260407230004181_1775602803.jpg,https://www.carfam.com/pre-owned-cars/detail/2020-Mercedes-Benz-A-220/1482207,inventory,,,,,URL only; full vehicle galleries recorded to avoid huge download,url_only
,https://images.dealersync.com/3067/Photos/1482207/20260407230019070_1775602818.jpg,https://www.carfam.com/pre-owned-cars/detail/2020-Mercedes-Benz-A-220/1482207,inventory,,,,,URL only; full vehicle galleries recorded to avoid huge download,url_only
,https://images.dealersync.com/3067/Photos/1482207/20260407230035418_1775602835.jpg,https://www.carfam.com/pre-owned-cars/detail/2020-Mercedes-Benz-A-220/1482207,inventory,,,,,URL only; full vehicle galleries recorded to avoid huge download,url_only
,https://images.dealersync.com/3067/Photos/1482207/20260407230051121_1775602850.jpg,https://www.carfam.com/pre-owned-cars/detail/2020-Mercedes-Benz-A-220/1482207,inventory,,,,,URL only; full vehicle galleries recorded to avoid huge download,url_only
,https://images.dealersync.com/3067/Photos/1482207/20260407230056757_1775602856.jpg,https://www.carfam.com/pre-owned-cars/detail/2020-Mercedes-Benz-A-220/1482207,inventory,,,,,URL only; full vehicle galleries recorded to avoid huge download,url_only
,https://images.dealersync.com/3067/Photos/1482207/20260407230114775_1775602874.jpg,https://www.carfam.com/pre-owned-cars/detail/2020-Mercedes-Benz-A-220/1482207,inventory,,,,,URL only; full vehicle galleries recorded to avoid huge download,url_only
,https://images.dealersync.com/3067/Photos/1482207/20260407230121179_1775602880.jpg,https://www.carfam.com/pre-owned-cars/detail/2020-Mercedes-Benz-A-220/1482207,inventory,,,,,URL only; full vehicle galleries recorded to avoid huge download,url_only
,https://images.dealersync.com/3067/Photos/1482207/20260407230136167_1775602895.jpg,https://www.carfam.com/pre-owned-cars/detail/2020-Mercedes-Benz-A-220/1482207,inventory,,,,,URL only; full vehicle galleries recorded to avoid huge download,url_only
,https://images.dealersync.com/3067/Photos/1482207/20260407230145849_1775602905.jpg,https://www.carfam.com/pre-owned-cars/detail/2020-Mercedes-Benz-A-220/1482207,inventory,,,,,URL only; full vehicle galleries recorded to avoid huge download,url_only
,https://images.dealersync.com/3067/Photos/1482207/20260407230152116_1775602911.jpg,https://www.carfam.com/pre-owned-cars/detail/2020-Mercedes-Benz-A-220/1482207,inventory,,,,,URL only; full vehicle galleries recorded to avoid huge download,url_only
,https://images.dealersync.com/3067/Photos/1482207/20260407230223947_1775602943.jpg,https://www.carfam.com/pre-owned-cars/detail/2020-Mercedes-Benz-A-220/1482207,inventory,,,,,URL only; full vehicle galleries recorded to avoid huge download,url_only
,https://images.dealersync.com/3067/Photos/1482207/20260407230231153_1775602950.jpg,https://www.carfam.com/pre-owned-cars/detail/2020-Mercedes-Benz-A-220/1482207,inventory,,,,,URL only; full vehicle galleries recorded to avoid huge download,url_only
,https://images.dealersync.com/3067/Photos/1482207/20260407230238151_1775602957.jpg,https://www.carfam.com/pre-owned-cars/detail/2020-Mercedes-Benz-A-220/1482207,inventory,,,,,URL only; full vehicle galleries recorded to avoid huge download,url_only
,https://images.dealersync.com/3067/Photos/1482207/20260407230247724_1775602967.jpg,https://www.carfam.com/pre-owned-cars/detail/2020-Mercedes-Benz-A-220/1482207,inventory,,,,,URL only; full vehicle galleries recorded to avoid huge download,url_only
,https://images.dealersync.com/3067/Photos/1482207/20260407230302353_1775602981.jpg,https://www.carfam.com/pre-owned-cars/detail/2020-Mercedes-Benz-A-220/1482207,inventory,,,,,URL only; full vehicle galleries recorded to avoid huge download,url_only
,https://images.dealersync.com/3067/Photos/1482207/20260407230353042_1775603032.jpg,https://www.carfam.com/pre-owned-cars/detail/2020-Mercedes-Benz-A-220/1482207,inventory,,,,,URL only; full vehicle galleries recorded to avoid huge download,url_only
,https://images.dealersync.com/3067/Photos/1482207/20260407230409022_1775603048.jpg,https://www.carfam.com/pre-owned-cars/detail/2020-Mercedes-Benz-A-220/1482207,inventory,,,,,URL only; full vehicle galleries recorded to avoid huge download,url_only
,https://images.dealersync.com/3067/Photos/1482207/20260407230422261_1775603061.jpg,https://www.carfam.com/pre-owned-cars/detail/2020-Mercedes-Benz-A-220/1482207,inventory,,,,,URL only; full vehicle galleries recorded to avoid huge download,url_only
,https://images.dealersync.com/3067/Photos/1482207/20260407230446835_1775603086.jpg,https://www.carfam.com/pre-owned-cars/detail/2020-Mercedes-Benz-A-220/1482207,inventory,,,,,URL only; full vehicle galleries recorded to avoid huge download,url_only
,https://images.dealersync.com/3067/Photos/1482207/20260407230453855_1775603093.jpg,https://www.carfam.com/pre-owned-cars/detail/2020-Mercedes-Benz-A-220/1482207,inventory,,,,,URL only; full vehicle galleries recorded to avoid huge download,url_only
,https://images.dealersync.com/3067/Photos/1482207/20260407230503455_1775603103.jpg,https://www.carfam.com/pre-owned-cars/detail/2020-Mercedes-Benz-A-220/1482207,inventory,,,,,URL only; full vehicle galleries recorded to avoid huge download,url_only
,https://images.dealersync.com/3067/Photos/1482207/20260407230514132_1775603113.jpg,https://www.carfam.com/pre-owned-cars/detail/2020-Mercedes-Benz-A-220/1482207,inventory,,,,,URL only; full vehicle galleries recorded to avoid huge download,url_only
,https://images.dealersync.com/3067/Photos/1485865/wm_313a8968abaf41ad8e5097fa6c686578_1485865.jpg,https://www.carfam.com/pre-owned-cars/detail/2023-Chevrolet-Colorado/1485865,inventory,,,,,URL only; full vehicle galleries recorded to avoid huge download,url_only
,https://images.dealersync.com/3067/Photos/1485865/20260811234709047_1786492028.jpg,https://www.carfam.com/pre-owned-cars/detail/2023-Chevrolet-Colorado/1485865,inventory,,,,,URL only; full vehicle galleries recorded to avoid huge download,url_only
,https://images.dealersync.com/3067/Photos/1485865/20260811234719288_1786492038.jpg,https://www.carfam.com/pre-owned-cars/detail/2023-Chevrolet-Colorado/1485865,inventory,,,,,URL only; full vehicle galleries recorded to avoid huge download,url_only
,https://images.dealersync.com/3067/Photos/1485865/20260811234800733_1786492080.jpg,https://www.carfam.com/pre-owned-cars/detail/2023-Chevrolet-Colorado/1485865,inventory,,,,,URL only; full vehicle galleries recorded to avoid huge download,url_only
,https://images.dealersync.com/3067/Photos/1485865/20260811234814894_1786492094.jpg,https://www.carfam.com/pre-owned-cars/detail/2023-Chevrolet-Colorado/1485865,inventory,,,,,URL only; full vehicle galleries recorded to avoid huge download,url_only
,https://images.dealersync.com/3067/Photos/1485865/20260811234828165_1786492107.jpg,https://www.carfam.com/pre-owned-cars/detail/2023-Chevrolet-Colorado/1485865,inventory,,,,,URL only; full vehicle galleries recorded to avoid huge download,url_only
,https://images.dealersync.com/3067/Photos/1485865/20260811234839642_1786492119.jpg,https://www.carfam.com/pre-owned-cars/detail/2023-Chevrolet-Colorado/1485865,inventory,,,,,URL only; full vehicle galleries recorded to avoid huge download,url_only
,https://images.dealersync.com/3067/Photos/1485865/20260811234852445_1786492132.jpg,https://www.carfam.com/pre-owned-cars/detail/2023-Chevrolet-Colorado/1485865,inventory,,,,,URL only; full vehicle galleries recorded to avoid huge download,url_only
,https://images.dealersync.com/3067/Photos/1485865/20260811234903314_1786492143.jpg,https://www.carfam.com/pre-owned-cars/detail/2023-Chevrolet-Colorado/1485865,inventory,,,,,URL only; full vehicle galleries recorded to avoid huge download,url_only
,https://images.dealersync.com/3067/Photos/1485865/20260811234926762_1786492166.jpg,https://www.carfam.com/pre-owned-cars/detail/2023-Chevrolet-Colorado/1485865,inventory,,,,,URL only; full vehicle galleries recorded to avoid huge download,url_only
,https://images.dealersync.com/3067/Photos/1485865/20260811234959163_1786492198.jpg,https://www.carfam.com/pre-owned-cars/detail/2023-Chevrolet-Colorado/1485865,inventory,,,,,URL only; full vehicle galleries recorded to avoid huge download,url_only
,https://images.dealersync.com/3067/Photos/1485865/20260811235017690_1786492217.jpg,https://www.carfam.com/pre-owned-cars/detail/2023-Chevrolet-Colorado/1485865,inventory,,,,,URL only; full vehicle galleries recorded to avoid huge download,url_only
,https://images.dealersync.com/3067/Photos/1485865/20260811235024759_1786492224.jpg,https://www.carfam.com/pre-owned-cars/detail/2023-Chevrolet-Colorado/1485865,inventory,,,,,URL only; full vehicle galleries recorded to avoid huge download,url_only
,https://images.dealersync.com/3067/Photos/1485865/20260811235043804_1786492243.jpg,https://www.carfam.com/pre-owned-cars/detail/2023-Chevrolet-Colorado/1485865,inventory,,,,,URL only; full vehicle galleries recorded to avoid huge download,url_only
,https://images.dealersync.com/3067/Photos/1485865/20260811235050851_1786492250.jpg,https://www.carfam.com/pre-owned-cars/detail/2023-Chevrolet-Colorado/1485865,inventory,,,,,URL only; full vehicle galleries recorded to avoid huge download,url_only
,https://images.dealersync.com/3067/Photos/1485865/20260811235109042_1786492268.jpg,https://www.carfam.com/pre-owned-cars/detail/2023-Chevrolet-Colorado/1485865,inventory,,,,,URL only; full vehicle galleries recorded to avoid huge download,url_only
,https://images.dealersync.com/3067/Photos/1485865/20260811235129128_1786492288.jpg,https://www.carfam.com/pre-owned-cars/detail/2023-Chevrolet-Colorado/1485865,inventory,,,,,URL only; full vehicle galleries recorded to avoid huge download,url_only
,https://images.dealersync.com/3067/Photos/1485865/20260811235135166_1786492294.jpg,https://www.carfam.com/pre-owned-cars/detail/2023-Chevrolet-Colorado/1485865,inventory,,,,,URL only; full vehicle galleries recorded to avoid huge download,url_only
,https://images.dealersync.com/3067/Photos/1485865/20260811235204787_1786492324.jpg,https://www.carfam.com/pre-owned-cars/detail/2023-Chevrolet-Colorado/1485865,inventory,,,,,URL only; full vehicle galleries recorded to avoid huge download,url_only
,https://images.dealersync.com/3067/Photos/1485865/20260811235726755_1786492646.jpg,https://www.carfam.com/pre-owned-cars/detail/2023-Chevrolet-Colorado/1485865,inventory,,,,,URL only; full vehicle galleries recorded to avoid huge download,url_only
,https://images.dealersync.com/3067/Photos/1485865/20260811235211322_1786492331.jpg,https://www.carfam.com/pre-owned-cars/detail/2023-Chevrolet-Colorado/1485865,inventory,,,,,URL only; full vehicle galleries recorded to avoid huge download,url_only
,https://images.dealersync.com/3067/Photos/1485865/20260811235302999_1786492382.jpg,https://www.carfam.com/pre-owned-cars/detail/2023-Chevrolet-Colorado/1485865,inventory,,,,,URL only; full vehicle galleries recorded to avoid huge download,url_only
,https://images.dealersync.com/3067/Photos/1485865/20260811235431680_1786492471.jpg,https://www.carfam.com/pre-owned-cars/detail/2023-Chevrolet-Colorado/1485865,inventory,,,,,URL only; full vehicle galleries recorded to avoid huge download,url_only
,https://images.dealersync.com/3067/Photos/1485865/20260811235448798_1786492488.jpg,https://www.carfam.com/pre-owned-cars/detail/2023-Chevrolet-Colorado/1485865,inventory,,,,,URL only; full vehicle galleries recorded to avoid huge download,url_only
,https://images.dealersync.com/3067/Photos/1485865/20260811235606441_1786492566.jpg,https://www.carfam.com/pre-owned-cars/detail/2023-Chevrolet-Colorado/1485865,inventory,,,,,URL only; full vehicle galleries recorded to avoid huge download,url_only
,https://images.dealersync.com/3067/Photos/1485865/20260811235625563_1786492585.jpg,https://www.carfam.com/pre-owned-cars/detail/2023-Chevrolet-Colorado/1485865,inventory,,,,,URL only; full vehicle galleries recorded to avoid huge download,url_only
,https://images.dealersync.com/3067/Photos/1485865/20260811235500190_1786492499.jpg,https://www.carfam.com/pre-owned-cars/detail/2023-Chevrolet-Colorado/1485865,inventory,,,,,URL only; full vehicle galleries recorded to avoid huge download,url_only
,https://images.dealersync.com/3067/Photos/1485865/20260812000059219_1786492857.jpg,https://www.carfam.com/pre-owned-cars/detail/2023-Chevrolet-Colorado/1485865,inventory,,,,,URL only; full vehicle galleries recorded to avoid huge download,url_only
,https://images.dealersync.com/3067/Photos/1485865/20260811235507138_1786492506.jpg,https://www.carfam.com/pre-owned-cars/detail/2023-Chevrolet-Colorado/1485865,inventory,,,,,URL only; full vehicle galleries recorded to avoid huge download,url_only
,https://images.dealersync.com/3067/Photos/1485865/20260811235517049_1786492516.jpg,https://www.carfam.com/pre-owned-cars/detail/2023-Chevrolet-Colorado/1485865,inventory,,,,,URL only; full vehicle galleries recorded to avoid huge download,url_only
,https://images.dealersync.com/3067/Photos/1485865/20260811235525087_1786492524.jpg,https://www.carfam.com/pre-owned-cars/detail/2023-Chevrolet-Colorado/1485865,inventory,,,,,URL only; full vehicle galleries recorded to avoid huge download,url_only
,https://images.dealersync.com/3067/Photos/1489060/20260417003622417_1776386182.jpg,https://www.carfam.com/pre-owned-cars/detail/2020-Tesla-Model-X/1489060,inventory,,,,,URL only; full vehicle galleries recorded to avoid huge download,url_only
,https://images.dealersync.com/3067/Photos/1489060/20260417003633174_1776386192.jpg,https://www.carfam.com/pre-owned-cars/detail/2020-Tesla-Model-X/1489060,inventory,,,,,URL only; full vehicle galleries recorded to avoid huge download,url_only
,https://images.dealersync.com/3067/Photos/1489060/20260417003641976_1776386201.jpg,https://www.carfam.com/pre-owned-cars/detail/2020-Tesla-Model-X/1489060,inventory,,,,,URL only; full vehicle galleries recorded to avoid huge download,url_only
,https://images.dealersync.com/3067/Photos/1489060/20260417003707349_1776386227.jpg,https://www.carfam.com/pre-owned-cars/detail/2020-Tesla-Model-X/1489060,inventory,,,,,URL only; full vehicle galleries recorded to avoid huge download,url_only
,https://images.dealersync.com/3067/Photos/1489060/20260417003719199_1776386238.jpg,https://www.carfam.com/pre-owned-cars/detail/2020-Tesla-Model-X/1489060,inventory,,,,,URL only; full vehicle galleries recorded to avoid huge download,url_only
,https://images.dealersync.com/3067/Photos/1489060/20260417003725949_1776386245.jpg,https://www.carfam.com/pre-owned-cars/detail/2020-Tesla-Model-X/1489060,inventory,,,,,URL only; full vehicle galleries recorded to avoid huge download,url_only
,https://images.dealersync.com/3067/Photos/1489060/20260417003755299_1776386275.jpg,https://www.carfam.com/pre-owned-cars/detail/2020-Tesla-Model-X/1489060,inventory,,,,,URL only; full vehicle galleries recorded to avoid huge download,url_only
,https://images.dealersync.com/3067/Photos/1489060/20260417003810132_1776386289.jpg,https://www.carfam.com/pre-owned-cars/detail/2020-Tesla-Model-X/1489060,inventory,,,,,URL only; full vehicle galleries recorded to avoid huge download,url_only
,https://images.dealersync.com/3067/Photos/1489060/20260417003911282_1776386351.jpg,https://www.carfam.com/pre-owned-cars/detail/2020-Tesla-Model-X/1489060,inventory,,,,,URL only; full vehicle galleries recorded to avoid huge download,url_only
,https://images.dealersync.com/3067/Photos/1489060/20260417003916782_1776386356.jpg,https://www.carfam.com/pre-owned-cars/detail/2020-Tesla-Model-X/1489060,inventory,,,,,URL only; full vehicle galleries recorded to avoid huge download,url_only
,https://images.dealersync.com/3067/Photos/1489060/20260417003927788_1776386367.jpg,https://www.carfam.com/pre-owned-cars/detail/2020-Tesla-Model-X/1489060,inventory,,,,,URL only; full vehicle galleries recorded to avoid huge download,url_only
,https://images.dealersync.com/3067/Photos/1489060/20260417003947246_1776386386.jpg,https://www.carfam.com/pre-owned-cars/detail/2020-Tesla-Model-X/1489060,inventory,,,,,URL only; full vehicle galleries recorded to avoid huge download,url_only
,https://images.dealersync.com/3067/Photos/1489060/20260417003953902_1776386393.jpg,https://www.carfam.com/pre-owned-cars/detail/2020-Tesla-Model-X/1489060,inventory,,,,,URL only; full vehicle galleries recorded to avoid huge download,url_only
,https://images.dealersync.com/3067/Photos/1489060/20260417004004397_1776386404.jpg,https://www.carfam.com/pre-owned-cars/detail/2020-Tesla-Model-X/1489060,inventory,,,,,URL only; full vehicle galleries recorded to avoid huge download,url_only
,https://images.dealersync.com/3067/Photos/1489060/20260417004053708_1776386449.jpg,https://www.carfam.com/pre-owned-cars/detail/2020-Tesla-Model-X/1489060,inventory,,,,,URL only; full vehicle galleries recorded to avoid huge download,url_only
,https://images.dealersync.com/3067/Photos/1489060/20260417004059505_1776386458.jpg,https://www.carfam.com/pre-owned-cars/detail/2020-Tesla-Model-X/1489060,inventory,,,,,URL only; full vehicle galleries recorded to avoid huge download,url_only
,https://images.dealersync.com/3067/Photos/1489060/20260417004104833_1776386464.jpg,https://www.carfam.com/pre-owned-cars/detail/2020-Tesla-Model-X/1489060,inventory,,,,,URL only; full vehicle galleries recorded to avoid huge download,url_only
,https://images.dealersync.com/3067/Photos/1489060/20260417004138583_1776386498.jpg,https://www.carfam.com/pre-owned-cars/detail/2020-Tesla-Model-X/1489060,inventory,,,,,URL only; full vehicle galleries recorded to avoid huge download,url_only
,https://images.dealersync.com/3067/Photos/1489060/20260417004219113_1776386538.jpg,https://www.carfam.com/pre-owned-cars/detail/2020-Tesla-Model-X/1489060,inventory,,,,,URL only; full vehicle galleries recorded to avoid huge download,url_only
,https://images.dealersync.com/3067/Photos/1489060/20260417004225676_1776386545.jpg,https://www.carfam.com/pre-owned-cars/detail/2020-Tesla-Model-X/1489060,inventory,,,,,URL only; full vehicle galleries recorded to avoid huge download,url_only
,https://images.dealersync.com/3067/Photos/1489060/20260417004236954_1776386556.jpg,https://www.carfam.com/pre-owned-cars/detail/2020-Tesla-Model-X/1489060,inventory,,,,,URL only; full vehicle galleries recorded to avoid huge download,url_only
,https://images.dealersync.com/3067/Photos/1489060/20260417004242252_1776386561.jpg,https://www.carfam.com/pre-owned-cars/detail/2020-Tesla-Model-X/1489060,inventory,,,,,URL only; full vehicle galleries recorded to avoid huge download,url_only
,https://images.dealersync.com/3067/Photos/1489060/20260417004251844_1776386571.jpg,https://www.carfam.com/pre-owned-cars/detail/2020-Tesla-Model-X/1489060,inventory,,,,,URL only; full vehicle galleries recorded to avoid huge download,url_only
,https://images.dealersync.com/3067/Photos/1489060/20260417004348320_1776386628.jpg,https://www.carfam.com/pre-owned-cars/detail/2020-Tesla-Model-X/1489060,inventory,,,,,URL only; full vehicle galleries recorded to avoid huge download,url_only
,https://images.dealersync.com/3067/Photos/1489060/20260417004311109_1776386590.jpg,https://www.carfam.com/pre-owned-cars/detail/2020-Tesla-Model-X/1489060,inventory,,,,,URL only; full vehicle galleries recorded to avoid huge download,url_only
,https://images.dealersync.com/3067/Photos/1489739/wm_1bac3aeb14094d1099cea24d544f52bf_1489739.jpg,https://www.carfam.com/pre-owned-cars/detail/2018-GMC-Sierra-1500/1489739,inventory,,,,,URL only; full vehicle galleries recorded to avoid huge download,url_only
,https://images.dealersync.com/3067/Photos/1489739/20260420222103983_1776723663.jpg,https://www.carfam.com/pre-owned-cars/detail/2018-GMC-Sierra-1500/1489739,inventory,,,,,URL only; full vehicle galleries recorded to avoid huge download,url_only
,https://images.dealersync.com/3067/Photos/1489739/20260420222116090_1776723675.jpg,https://www.carfam.com/pre-owned-cars/detail/2018-GMC-Sierra-1500/1489739,inventory,,,,,URL only; full vehicle galleries recorded to avoid huge download,url_only
,https://images.dealersync.com/3067/Photos/1489739/20260420222126895_1776723686.jpg,https://www.carfam.com/pre-owned-cars/detail/2018-GMC-Sierra-1500/1489739,inventory,,,,,URL only; full vehicle galleries recorded to avoid huge download,url_only
,https://images.dealersync.com/3067/Photos/1489739/20260420222138648_1776723697.jpg,https://www.carfam.com/pre-owned-cars/detail/2018-GMC-Sierra-1500/1489739,inventory,,,,,URL only; full vehicle galleries recorded to avoid huge download,url_only
,https://images.dealersync.com/3067/Photos/1489739/20260420222228428_1776723748.jpg,https://www.carfam.com/pre-owned-cars/detail/2018-GMC-Sierra-1500/1489739,inventory,,,,,URL only; full vehicle galleries recorded to avoid huge download,url_only
,https://images.dealersync.com/3067/Photos/1489739/20260420222241891_1776723761.jpg,https://www.carfam.com/pre-owned-cars/detail/2018-GMC-Sierra-1500/1489739,inventory,,,,,URL only; full vehicle galleries recorded to avoid huge download,url_only
,https://images.dealersync.com/3067/Photos/1489739/20260420222249329_1776723769.jpg,https://www.carfam.com/pre-owned-cars/detail/2018-GMC-Sierra-1500/1489739,inventory,,,,,URL only; full vehicle galleries recorded to avoid huge download,url_only
,https://images.dealersync.com/3067/Photos/1489739/20260420222307510_1776723787.jpg,https://www.carfam.com/pre-owned-cars/detail/2018-GMC-Sierra-1500/1489739,inventory,,,,,URL only; full vehicle galleries recorded to avoid huge download,url_only
,https://images.dealersync.com/3067/Photos/1489739/20260420222328011_1776723807.jpg,https://www.carfam.com/pre-owned-cars/detail/2018-GMC-Sierra-1500/1489739,inventory,,,,,URL only; full vehicle galleries recorded to avoid huge download,url_only
,https://images.dealersync.com/3067/Photos/1489739/20260420222348552_1776723828.jpg,https://www.carfam.com/pre-owned-cars/detail/2018-GMC-Sierra-1500/1489739,inventory,,,,,URL only; full vehicle galleries recorded to avoid huge download,url_only
,https://images.dealersync.com/3067/Photos/1489739/20260420222357963_1776723837.jpg,https://www.carfam.com/pre-owned-cars/detail/2018-GMC-Sierra-1500/1489739,inventory,,,,,URL only; full vehicle galleries recorded to avoid huge download,url_only
,https://images.dealersync.com/3067/Photos/1489739/20260420222434149_1776723873.jpg,https://www.carfam.com/pre-owned-cars/detail/2018-GMC-Sierra-1500/1489739,inventory,,,,,URL only; full vehicle galleries recorded to avoid huge download,url_only
,https://images.dealersync.com/3067/Photos/1489739/20260420222438867_1776723878.jpg,https://www.carfam.com/pre-owned-cars/detail/2018-GMC-Sierra-1500/1489739,inventory,,,,,URL only; full vehicle galleries recorded to avoid huge download,url_only
,https://images.dealersync.com/3067/Photos/1489739/20260420222501844_1776723901.jpg,https://www.carfam.com/pre-owned-cars/detail/2018-GMC-Sierra-1500/1489739,inventory,,,,,URL only; full vehicle galleries recorded to avoid huge download,url_only
,https://images.dealersync.com/3067/Photos/1489739/20260420222509679_1776723909.jpg,https://www.carfam.com/pre-owned-cars/detail/2018-GMC-Sierra-1500/1489739,inventory,,,,,URL only; full vehicle galleries recorded to avoid huge download,url_only
,https://images.dealersync.com/3067/Photos/1489739/20260420222518595_1776723918.jpg,https://www.carfam.com/pre-owned-cars/detail/2018-GMC-Sierra-1500/1489739,inventory,,,,,URL only; full vehicle galleries recorded to avoid huge download,url_only
,https://images.dealersync.com/3067/Photos/1489739/20260420222546153_1776723945.jpg,https://www.carfam.com/pre-owned-cars/detail/2018-GMC-Sierra-1500/1489739,inventory,,,,,URL only; full vehicle galleries recorded to avoid huge download,url_only
,https://images.dealersync.com/3067/Photos/1489739/20260420222552435_1776723952.jpg,https://www.carfam.com/pre-owned-cars/detail/2018-GMC-Sierra-1500/1489739,inventory,,,,,URL only; full vehicle galleries recorded to avoid huge download,url_only
,https://images.dealersync.com/3067/Photos/1489739/20260420222559265_1776723959.jpg,https://www.carfam.com/pre-owned-cars/detail/2018-GMC-Sierra-1500/1489739,inventory,,,,,URL only; full vehicle galleries recorded to avoid huge download,url_only
,https://images.dealersync.com/3067/Photos/1489739/20260420222613712_1776723973.jpg,https://www.carfam.com/pre-owned-cars/detail/2018-GMC-Sierra-1500/1489739,inventory,,,,,URL only; full vehicle galleries recorded to avoid huge download,url_only
,https://images.dealersync.com/3067/Photos/1489739/20260420222620611_1776723980.jpg,https://www.carfam.com/pre-owned-cars/detail/2018-GMC-Sierra-1500/1489739,inventory,,,,,URL only; full vehicle galleries recorded to avoid huge download,url_only
,https://images.dealersync.com/3067/Photos/1489739/20260420222629024_1776723988.jpg,https://www.carfam.com/pre-owned-cars/detail/2018-GMC-Sierra-1500/1489739,inventory,,,,,URL only; full vehicle galleries recorded to avoid huge download,url_only
,https://images.dealersync.com/3067/Photos/1489739/20260420222721309_1776724040.jpg,https://www.carfam.com/pre-owned-cars/detail/2018-GMC-Sierra-1500/1489739,inventory,,,,,URL only; full vehicle galleries recorded to avoid huge download,url_only
,https://images.dealersync.com/3067/Photos/1489739/20260420222635809_1776723995.jpg,https://www.carfam.com/pre-owned-cars/detail/2018-GMC-Sierra-1500/1489739,inventory,,,,,URL only; full vehicle galleries recorded to avoid huge download,url_only
,https://images.dealersync.com/3067/Photos/1489739/20260420222643784_1776724001.jpg,https://www.carfam.com/pre-owned-cars/detail/2018-GMC-Sierra-1500/1489739,inventory,,,,,URL only; full vehicle galleries recorded to avoid huge download,url_only
,https://images.dealersync.com/3067/Photos/1489739/20260420222651590_1776724011.jpg,https://www.carfam.com/pre-owned-cars/detail/2018-GMC-Sierra-1500/1489739,inventory,,,,,URL only; full vehicle galleries recorded to avoid huge download,url_only
,https://images.dealersync.com/3067/Photos/1502496/20260512001325184_1778544804.jpg,https://www.carfam.com/pre-owned-cars/detail/2015-Acura-RDX/1502496,inventory,,,,,URL only; full vehicle galleries recorded to avoid huge download,url_only
,https://images.dealersync.com/3067/Photos/1502496/20260512001357455_1778544837.jpg,https://www.carfam.com/pre-owned-cars/detail/2015-Acura-RDX/1502496,inventory,,,,,URL only; full vehicle galleries recorded to avoid huge download,url_only
,https://images.dealersync.com/3067/Photos/1502496/20260512001406216_1778544845.jpg,https://www.carfam.com/pre-owned-cars/detail/2015-Acura-RDX/1502496,inventory,,,,,URL only; full vehicle galleries recorded to avoid huge download,url_only
,https://images.dealersync.com/3067/Photos/1502496/20260512001416138_1778544855.jpg,https://www.carfam.com/pre-owned-cars/detail/2015-Acura-RDX/1502496,inventory,,,,,URL only; full vehicle galleries recorded to avoid huge download,url_only
,https://images.dealersync.com/3067/Photos/1502496/20260512001443089_1778544882.jpg,https://www.carfam.com/pre-owned-cars/detail/2015-Acura-RDX/1502496,inventory,,,,,URL only; full vehicle galleries recorded to avoid huge download,url_only
,https://images.dealersync.com/3067/Photos/1502496/20260512001454755_1778544894.jpg,https://www.carfam.com/pre-owned-cars/detail/2015-Acura-RDX/1502496,inventory,,,,,URL only; full vehicle galleries recorded to avoid huge download,url_only
,https://images.dealersync.com/3067/Photos/1502496/20260512001501842_1778544901.jpg,https://www.carfam.com/pre-owned-cars/detail/2015-Acura-RDX/1502496,inventory,,,,,URL only; full vehicle galleries recorded to avoid huge download,url_only
,https://images.dealersync.com/3067/Photos/1502496/20260512001514066_1778544913.jpg,https://www.carfam.com/pre-owned-cars/detail/2015-Acura-RDX/1502496,inventory,,,,,URL only; full vehicle galleries recorded to avoid huge download,url_only
,https://images.dealersync.com/3067/Photos/1502496/20260512001622689_1778544982.jpg,https://www.carfam.com/pre-owned-cars/detail/2015-Acura-RDX/1502496,inventory,,,,,URL only; full vehicle galleries recorded to avoid huge download,url_only
,https://images.dealersync.com/3067/Photos/1502496/20260512001638392_1778544997.jpg,https://www.carfam.com/pre-owned-cars/detail/2015-Acura-RDX/1502496,inventory,,,,,URL only; full vehicle galleries recorded to avoid huge download,url_only
,https://images.dealersync.com/3067/Photos/1502496/20260512001648594_1778545008.jpg,https://www.carfam.com/pre-owned-cars/detail/2015-Acura-RDX/1502496,inventory,,,,,URL only; full vehicle galleries recorded to avoid huge download,url_only
,https://images.dealersync.com/3067/Photos/1502496/20260512001704003_1778545023.jpg,https://www.carfam.com/pre-owned-cars/detail/2015-Acura-RDX/1502496,inventory,,,,,URL only; full vehicle galleries recorded to avoid huge download,url_only
,https://images.dealersync.com/3067/Photos/1502496/20260512001716746_1778545036.jpg,https://www.carfam.com/pre-owned-cars/detail/2015-Acura-RDX/1502496,inventory,,,,,URL only; full vehicle galleries recorded to avoid huge download,url_only
,https://images.dealersync.com/3067/Photos/1502496/20260512001722213_1778545041.jpg,https://www.carfam.com/pre-owned-cars/detail/2015-Acura-RDX/1502496,inventory,,,,,URL only; full vehicle galleries recorded to avoid huge download,url_only
,https://images.dealersync.com/3067/Photos/1502496/20260512001733128_1778545052.jpg,https://www.carfam.com/pre-owned-cars/detail/2015-Acura-RDX/1502496,inventory,,,,,URL only; full vehicle galleries recorded to avoid huge download,url_only
,https://images.dealersync.com/3067/Photos/1502496/20260512001739937_1778545059.jpg,https://www.carfam.com/pre-owned-cars/detail/2015-Acura-RDX/1502496,inventory,,,,,URL only; full vehicle galleries recorded to avoid huge download,url_only
,https://images.dealersync.com/3067/Photos/1502496/20260512001755814_1778545075.jpg,https://www.carfam.com/pre-owned-cars/detail/2015-Acura-RDX/1502496,inventory,,,,,URL only; full vehicle galleries recorded to avoid huge download,url_only
,https://images.dealersync.com/3067/Photos/1502496/20260512001800768_1778545080.jpg,https://www.carfam.com/pre-owned-cars/detail/2015-Acura-RDX/1502496,inventory,,,,,URL only; full vehicle galleries recorded to avoid huge download,url_only
,https://images.dealersync.com/3067/Photos/1502496/20260512001827110_1778545106.jpg,https://www.carfam.com/pre-owned-cars/detail/2015-Acura-RDX/1502496,inventory,,,,,URL only; full vehicle galleries recorded to avoid huge download,url_only
,https://images.dealersync.com/3067/Photos/1502496/20260512001834985_1778545114.jpg,https://www.carfam.com/pre-owned-cars/detail/2015-Acura-RDX/1502496,inventory,,,,,URL only; full vehicle galleries recorded to avoid huge download,url_only
,https://images.dealersync.com/3067/Photos/1502496/20260512001842016_1778545121.jpg,https://www.carfam.com/pre-owned-cars/detail/2015-Acura-RDX/1502496,inventory,,,,,URL only; full vehicle galleries recorded to avoid huge download,url_only
,https://images.dealersync.com/3067/Photos/1502496/20260512001848964_1778545128.jpg,https://www.carfam.com/pre-owned-cars/detail/2015-Acura-RDX/1502496,inventory,,,,,URL only; full vehicle galleries recorded to avoid huge download,url_only
,https://images.dealersync.com/3067/Photos/1502496/20260512001952942_1778545192.jpg,https://www.carfam.com/pre-owned-cars/detail/2015-Acura-RDX/1502496,inventory,,,,,URL only; full vehicle galleries recorded to avoid huge download,url_only
,https://images.dealersync.com/3067/Photos/1502496/20260512001901128_1778545140.jpg,https://www.carfam.com/pre-owned-cars/detail/2015-Acura-RDX/1502496,inventory,,,,,URL only; full vehicle galleries recorded to avoid huge download,url_only
,https://images.dealersync.com/3067/Photos/1502496/20260512001907023_1778545146.jpg,https://www.carfam.com/pre-owned-cars/detail/2015-Acura-RDX/1502496,inventory,,,,,URL only; full vehicle galleries recorded to avoid huge download,url_only
,https://images.dealersync.com/3067/Photos/1502496/20260512001922956_1778545162.jpg,https://www.carfam.com/pre-owned-cars/detail/2015-Acura-RDX/1502496,inventory,,,,,URL only; full vehicle galleries recorded to avoid huge download,url_only
,https://images.dealersync.com/3067/Photos/1502496/20260512001934821_1778545174.jpg,https://www.carfam.com/pre-owned-cars/detail/2015-Acura-RDX/1502496,inventory,,,,,URL only; full vehicle galleries recorded to avoid huge download,url_only
,https://images.dealersync.com/3067/Photos/1502496/20260526194711067_ds_generated_monroney_1502496.jpg,https://www.carfam.com/pre-owned-cars/detail/2015-Acura-RDX/1502496,inventory,,,,,URL only; full vehicle galleries recorded to avoid huge download,url_only
,https://images.dealersync.com/3067/Photos/1504253/wm_98c3d00e1d544ac3b3b0d27d3526fc48_1504253.jpg,https://www.carfam.com/pre-owned-cars/detail/2017-Toyota-Sienna/1504253,inventory,,,,,URL only; full vehicle galleries recorded to avoid huge download,url_only
,https://images.dealersync.com/3067/Photos/1504253/20260508225811213_1778281090.jpg,https://www.carfam.com/pre-owned-cars/detail/2017-Toyota-Sienna/1504253,inventory,,,,,URL only; full vehicle galleries recorded to avoid huge download,url_only
,https://images.dealersync.com/3067/Photos/1504253/20260508225824497_1778281104.jpg,https://www.carfam.com/pre-owned-cars/detail/2017-Toyota-Sienna/1504253,inventory,,,,,URL only; full vehicle galleries recorded to avoid huge download,url_only
,https://images.dealersync.com/3067/Photos/1504253/20260508225836071_1778281115.jpg,https://www.carfam.com/pre-owned-cars/detail/2017-Toyota-Sienna/1504253,inventory,,,,,URL only; full vehicle galleries recorded to avoid huge download,url_only
,https://images.dealersync.com/3067/Photos/1504253/20260508225841976_1778281121.jpg,https://www.carfam.com/pre-owned-cars/detail/2017-Toyota-Sienna/1504253,inventory,,,,,URL only; full vehicle galleries recorded to avoid huge download,url_only
,https://images.dealersync.com/3067/Photos/1504253/20260508225857094_1778281136.jpg,https://www.carfam.com/pre-owned-cars/detail/2017-Toyota-Sienna/1504253,inventory,,,,,URL only; full vehicle galleries recorded to avoid huge download,url_only
,https://images.dealersync.com/3067/Photos/1504253/20260508225907454_1778281147.jpg,https://www.carfam.com/pre-owned-cars/detail/2017-Toyota-Sienna/1504253,inventory,,,,,URL only; full vehicle galleries recorded to avoid huge download,url_only
,https://images.dealersync.com/3067/Photos/1504253/20260508225913918_1778281153.jpg,https://www.carfam.com/pre-owned-cars/detail/2017-Toyota-Sienna/1504253,inventory,,,,,URL only; full vehicle galleries recorded to avoid huge download,url_only
,https://images.dealersync.com/3067/Photos/1504253/20260508225938708_1778281178.jpg,https://www.carfam.com/pre-owned-cars/detail/2017-Toyota-Sienna/1504253,inventory,,,,,URL only; full vehicle galleries recorded to avoid huge download,url_only
,https://images.dealersync.com/3067/Photos/1504253/20260508225951652_1778281191.jpg,https://www.carfam.com/pre-owned-cars/detail/2017-Toyota-Sienna/1504253,inventory,,,,,URL only; full vehicle galleries recorded to avoid huge download,url_only
,https://images.dealersync.com/3067/Photos/1504253/20260508230010182_1778281209.jpg,https://www.carfam.com/pre-owned-cars/detail/2017-Toyota-Sienna/1504253,inventory,,,,,URL only; full vehicle galleries recorded to avoid huge download,url_only
,https://images.dealersync.com/3067/Photos/1504253/20260508230015309_1778281214.jpg,https://www.carfam.com/pre-owned-cars/detail/2017-Toyota-Sienna/1504253,inventory,,,,,URL only; full vehicle galleries recorded to avoid huge download,url_only
,https://images.dealersync.com/3067/Photos/1504253/20260508230049395_1778281249.jpg,https://www.carfam.com/pre-owned-cars/detail/2017-Toyota-Sienna/1504253,inventory,,,,,URL only; full vehicle galleries recorded to avoid huge download,url_only
,https://images.dealersync.com/3067/Photos/1504253/20260508230054512_1778281254.jpg,https://www.carfam.com/pre-owned-cars/detail/2017-Toyota-Sienna/1504253,inventory,,,,,URL only; full vehicle galleries recorded to avoid huge download,url_only
,https://images.dealersync.com/3067/Photos/1504253/20260508230100043_1778281259.jpg,https://www.carfam.com/pre-owned-cars/detail/2017-Toyota-Sienna/1504253,inventory,,,,,URL only; full vehicle galleries recorded to avoid huge download,url_only
,https://images.dealersync.com/3067/Photos/1504253/20260508230105239_1778281264.jpg,https://www.carfam.com/pre-owned-cars/detail/2017-Toyota-Sienna/1504253,inventory,,,,,URL only; full vehicle galleries recorded to avoid huge download,url_only
,https://images.dealersync.com/3067/Photos/1504253/20260508230121193_1778281280.jpg,https://www.carfam.com/pre-owned-cars/detail/2017-Toyota-Sienna/1504253,inventory,,,,,URL only; full vehicle galleries recorded to avoid huge download,url_only
,https://images.dealersync.com/3067/Photos/1504253/20260508230126965_1778281286.jpg,https://www.carfam.com/pre-owned-cars/detail/2017-Toyota-Sienna/1504253,inventory,,,,,URL only; full vehicle galleries recorded to avoid huge download,url_only
,https://images.dealersync.com/3067/Photos/1504253/20260508230136943_1778281296.jpg,https://www.carfam.com/pre-owned-cars/detail/2017-Toyota-Sienna/1504253,inventory,,,,,URL only; full vehicle galleries recorded to avoid huge download,url_only
,https://images.dealersync.com/3067/Photos/1504253/20260508230142957_1778281302.jpg,https://www.carfam.com/pre-owned-cars/detail/2017-Toyota-Sienna/1504253,inventory,,,,,URL only; full vehicle galleries recorded to avoid huge download,url_only
,https://images.dealersync.com/3067/Photos/1504253/20260508230159126_1778281318.jpg,https://www.carfam.com/pre-owned-cars/detail/2017-Toyota-Sienna/1504253,inventory,,,,,URL only; full vehicle galleries recorded to avoid huge download,url_only
,https://images.dealersync.com/3067/Photos/1504253/20260508230205727_1778281325.jpg,https://www.carfam.com/pre-owned-cars/detail/2017-Toyota-Sienna/1504253,inventory,,,,,URL only; full vehicle galleries recorded to avoid huge download,url_only
,https://images.dealersync.com/3067/Photos/1504253/20260508230250129_1778281369.jpg,https://www.carfam.com/pre-owned-cars/detail/2017-Toyota-Sienna/1504253,inventory,,,,,URL only; full vehicle galleries recorded to avoid huge download,url_only
,https://images.dealersync.com/3067/Photos/1504253/20260508230218693_1778281338.jpg,https://www.carfam.com/pre-owned-cars/detail/2017-Toyota-Sienna/1504253,inventory,,,,,URL only; full vehicle galleries recorded to avoid huge download,url_only
,https://images.dealersync.com/3067/Photos/1504253/20260508230224218_1778281343.jpg,https://www.carfam.com/pre-owned-cars/detail/2017-Toyota-Sienna/1504253,inventory,,,,,URL only; full vehicle galleries recorded to avoid huge download,url_only
,https://images.dealersync.com/3067/Photos/1504253/20260508230229685_1778281349.jpg,https://www.carfam.com/pre-owned-cars/detail/2017-Toyota-Sienna/1504253,inventory,,,,,URL only; full vehicle galleries recorded to avoid huge download,url_only
,https://images.dealersync.com/3067/Photos/1504253/20260508230243096_1778281362.jpg,https://www.carfam.com/pre-owned-cars/detail/2017-Toyota-Sienna/1504253,inventory,,,,,URL only; full vehicle galleries recorded to avoid huge download,url_only
,https://images.dealersync.com/3067/Photos/1504543/wm_c806223954e440f69c950832c894eac8_1504543.jpg,https://www.carfam.com/pre-owned-cars/detail/2017-Toyota-Tacoma/1504543,inventory,,,,,URL only; full vehicle galleries recorded to avoid huge download,url_only
,https://images.dealersync.com/3067/Photos/1504543/20260514235238375_1778802757.jpg,https://www.carfam.com/pre-owned-cars/detail/2017-Toyota-Tacoma/1504543,inventory,,,,,URL only; full vehicle galleries recorded to avoid huge download,url_only
,https://images.dealersync.com/3067/Photos/1504543/20260514235253324_1778802772.jpg,https://www.carfam.com/pre-owned-cars/detail/2017-Toyota-Tacoma/1504543,inventory,,,,,URL only; full vehicle galleries recorded to avoid huge download,url_only
,https://images.dealersync.com/3067/Photos/1504543/20260514235302334_1778802782.jpg,https://www.carfam.com/pre-owned-cars/detail/2017-Toyota-Tacoma/1504543,inventory,,,,,URL only; full vehicle galleries recorded to avoid huge download,url_only
,https://images.dealersync.com/3067/Photos/1504543/20260514235312872_1778802792.jpg,https://www.carfam.com/pre-owned-cars/detail/2017-Toyota-Tacoma/1504543,inventory,,,,,URL only; full vehicle galleries recorded to avoid huge download,url_only
,https://images.dealersync.com/3067/Photos/1504543/20260514235355561_1778802834.jpg,https://www.carfam.com/pre-owned-cars/detail/2017-Toyota-Tacoma/1504543,inventory,,,,,URL only; full vehicle galleries recorded to avoid huge download,url_only
,https://images.dealersync.com/3067/Photos/1504543/20260514235409459_1778802849.jpg,https://www.carfam.com/pre-owned-cars/detail/2017-Toyota-Tacoma/1504543,inventory,,,,,URL only; full vehicle galleries recorded to avoid huge download,url_only
,https://images.dealersync.com/3067/Photos/1504543/20260514235417899_1778802857.jpg,https://www.carfam.com/pre-owned-cars/detail/2017-Toyota-Tacoma/1504543,inventory,,,,,URL only; full vehicle galleries recorded to avoid huge download,url_only
,https://images.dealersync.com/3067/Photos/1504543/20260514235432006_1778802871.jpg,https://www.carfam.com/pre-owned-cars/detail/2017-Toyota-Tacoma/1504543,inventory,,,,,URL only; full vehicle galleries recorded to avoid huge download,url_only
,https://images.dealersync.com/3067/Photos/1504543/20260514235457067_1778802896.jpg,https://www.carfam.com/pre-owned-cars/detail/2017-Toyota-Tacoma/1504543,inventory,,,,,URL only; full vehicle galleries recorded to avoid huge download,url_only
,https://images.dealersync.com/3067/Photos/1504543/20260514235507011_1778802905.jpg,https://www.carfam.com/pre-owned-cars/detail/2017-Toyota-Tacoma/1504543,inventory,,,,,URL only; full vehicle galleries recorded to avoid huge download,url_only
,https://images.dealersync.com/3067/Photos/1504543/20260514235729577_1778803049.jpg,https://www.carfam.com/pre-owned-cars/detail/2017-Toyota-Tacoma/1504543,inventory,,,,,URL only; full vehicle galleries recorded to avoid huge download,url_only
,https://images.dealersync.com/3067/Photos/1504543/20260514235744194_1778803063.jpg,https://www.carfam.com/pre-owned-cars/detail/2017-Toyota-Tacoma/1504543,inventory,,,,,URL only; full vehicle galleries recorded to avoid huge download,url_only
,https://images.dealersync.com/3067/Photos/1504543/20260514235849437_1778803128.jpg,https://www.carfam.com/pre-owned-cars/detail/2017-Toyota-Tacoma/1504543,inventory,,,,,URL only; full vehicle galleries recorded to avoid huge download,url_only
,https://images.dealersync.com/3067/Photos/1504543/20260514235932201_1778803171.jpg,https://www.carfam.com/pre-owned-cars/detail/2017-Toyota-Tacoma/1504543,inventory,,,,,URL only; full vehicle galleries recorded to avoid huge download,url_only
,https://images.dealersync.com/3067/Photos/1504543/20260514235937392_1778803177.jpg,https://www.carfam.com/pre-owned-cars/detail/2017-Toyota-Tacoma/1504543,inventory,,,,,URL only; full vehicle galleries recorded to avoid huge download,url_only
,https://images.dealersync.com/3067/Photos/1504543/20260515000137180_1778803296.jpg,https://www.carfam.com/pre-owned-cars/detail/2017-Toyota-Tacoma/1504543,inventory,,,,,URL only; full vehicle galleries recorded to avoid huge download,url_only
,https://images.dealersync.com/3067/Photos/1504543/20260515000142939_1778803302.jpg,https://www.carfam.com/pre-owned-cars/detail/2017-Toyota-Tacoma/1504543,inventory,,,,,URL only; full vehicle galleries recorded to avoid huge download,url_only
,https://images.dealersync.com/3067/Photos/1504543/20260515000152496_1778803312.jpg,https://www.carfam.com/pre-owned-cars/detail/2017-Toyota-Tacoma/1504543,inventory,,,,,URL only; full vehicle galleries recorded to avoid huge download,url_only
,https://images.dealersync.com/3067/Photos/1504543/20260515000409815_1778803449.jpg,https://www.carfam.com/pre-owned-cars/detail/2017-Toyota-Tacoma/1504543,inventory,,,,,URL only; full vehicle galleries recorded to avoid huge download,url_only
,https://images.dealersync.com/3067/Photos/1504543/20260515000428270_1778803467.jpg,https://www.carfam.com/pre-owned-cars/detail/2017-Toyota-Tacoma/1504543,inventory,,,,,URL only; full vehicle galleries recorded to avoid huge download,url_only
,https://images.dealersync.com/3067/Photos/1504543/20260515000451555_1778803491.jpg,https://www.carfam.com/pre-owned-cars/detail/2017-Toyota-Tacoma/1504543,inventory,,,,,URL only; full vehicle galleries recorded to avoid huge download,url_only
,https://images.dealersync.com/3067/Photos/1504543/20260515000529219_1778803528.jpg,https://www.carfam.com/pre-owned-cars/detail/2017-Toyota-Tacoma/1504543,inventory,,,,,URL only; full vehicle galleries recorded to avoid huge download,url_only
,https://images.dealersync.com/3067/Photos/1504543/20260515000457463_1778803497.jpg,https://www.carfam.com/pre-owned-cars/detail/2017-Toyota-Tacoma/1504543,inventory,,,,,URL only; full vehicle galleries recorded to avoid huge download,url_only
,https://images.dealersync.com/3067/Photos/1504543/20260515000503047_1778803502.jpg,https://www.carfam.com/pre-owned-cars/detail/2017-Toyota-Tacoma/1504543,inventory,,,,,URL only; full vehicle galleries recorded to avoid huge download,url_only
,https://images.dealersync.com/3067/Photos/1504543/20260515000519902_1778803519.jpg,https://www.carfam.com/pre-owned-cars/detail/2017-Toyota-Tacoma/1504543,inventory,,,,,URL only; full vehicle galleries recorded to avoid huge download,url_only
,https://images.dealersync.com/3067/Photos/1504543/20260515000510749_1778803510.jpg,https://www.carfam.com/pre-owned-cars/detail/2017-Toyota-Tacoma/1504543,inventory,,,,,URL only; full vehicle galleries recorded to avoid huge download,url_only
,https://images.dealersync.com/3067/Photos/1505860/wm_827e640e06d44e39b0a85ff3958481a3_1505860.jpg,https://www.carfam.com/pre-owned-cars/detail/2013-Nissan-370Z/1505860,inventory,,,,,URL only; full vehicle galleries recorded to avoid huge download,url_only
,https://images.dealersync.com/3067/Photos/1505860/20260605001729803_1780618649.jpg,https://www.carfam.com/pre-owned-cars/detail/2013-Nissan-370Z/1505860,inventory,,,,,URL only; full vehicle galleries recorded to avoid huge download,url_only
,https://images.dealersync.com/3067/Photos/1505860/20260605001742577_1780618662.jpg,https://www.carfam.com/pre-owned-cars/detail/2013-Nissan-370Z/1505860,inventory,,,,,URL only; full vehicle galleries recorded to avoid huge download,url_only
,https://images.dealersync.com/3067/Photos/1505860/20260605001752533_1780618672.jpg,https://www.carfam.com/pre-owned-cars/detail/2013-Nissan-370Z/1505860,inventory,,,,,URL only; full vehicle galleries recorded to avoid huge download,url_only
,https://images.dealersync.com/3067/Photos/1505860/20260605001806055_1780618685.jpg,https://www.carfam.com/pre-owned-cars/detail/2013-Nissan-370Z/1505860,inventory,,,,,URL only; full vehicle galleries recorded to avoid huge download,url_only
,https://images.dealersync.com/3067/Photos/1505860/20260605001819015_1780618698.jpg,https://www.carfam.com/pre-owned-cars/detail/2013-Nissan-370Z/1505860,inventory,,,,,URL only; full vehicle galleries recorded to avoid huge download,url_only
,https://images.dealersync.com/3067/Photos/1505860/20260605001830870_1780618710.jpg,https://www.carfam.com/pre-owned-cars/detail/2013-Nissan-370Z/1505860,inventory,,,,,URL only; full vehicle galleries recorded to avoid huge download,url_only
,https://images.dealersync.com/3067/Photos/1505860/20260605001843206_1780618722.jpg,https://www.carfam.com/pre-owned-cars/detail/2013-Nissan-370Z/1505860,inventory,,,,,URL only; full vehicle galleries recorded to avoid huge download,url_only
,https://images.dealersync.com/3067/Photos/1505860/20260605001904357_1780618743.jpg,https://www.carfam.com/pre-owned-cars/detail/2013-Nissan-370Z/1505860,inventory,,,,,URL only; full vehicle galleries recorded to avoid huge download,url_only
,https://images.dealersync.com/3067/Photos/1505860/20260605001854583_1780618734.jpg,https://www.carfam.com/pre-owned-cars/detail/2013-Nissan-370Z/1505860,inventory,,,,,URL only; full vehicle galleries recorded to avoid huge download,url_only
,https://images.dealersync.com/3067/Photos/1505860/20260605001916901_1780618756.jpg,https://www.carfam.com/pre-owned-cars/detail/2013-Nissan-370Z/1505860,inventory,,,,,URL only; full vehicle galleries recorded to avoid huge download,url_only
,https://images.dealersync.com/3067/Photos/1505860/20260605002356293_1780619035.jpg,https://www.carfam.com/pre-owned-cars/detail/2013-Nissan-370Z/1505860,inventory,,,,,URL only; full vehicle galleries recorded to avoid huge download,url_only
,https://images.dealersync.com/3067/Photos/1505860/20260605001955343_1780618794.jpg,https://www.carfam.com/pre-owned-cars/detail/2013-Nissan-370Z/1505860,inventory,,,,,URL only; full vehicle galleries recorded to avoid huge download,url_only
,https://images.dealersync.com/3067/Photos/1505860/20260605002005279_1780618805.jpg,https://www.carfam.com/pre-owned-cars/detail/2013-Nissan-370Z/1505860,inventory,,,,,URL only; full vehicle galleries recorded to avoid huge download,url_only
,https://images.dealersync.com/3067/Photos/1505860/20260605002038424_1780618838.jpg,https://www.carfam.com/pre-owned-cars/detail/2013-Nissan-370Z/1505860,inventory,,,,,URL only; full vehicle galleries recorded to avoid huge download,url_only
,https://images.dealersync.com/3067/Photos/1505860/20260605002102108_1780618861.jpg,https://www.carfam.com/pre-owned-cars/detail/2013-Nissan-370Z/1505860,inventory,,,,,URL only; full vehicle galleries recorded to avoid huge download,url_only
,https://images.dealersync.com/3067/Photos/1505860/20260605002109139_1780618868.jpg,https://www.carfam.com/pre-owned-cars/detail/2013-Nissan-370Z/1505860,inventory,,,,,URL only; full vehicle galleries recorded to avoid huge download,url_only
,https://images.dealersync.com/3067/Photos/1505860/20260605002149903_1780618909.jpg,https://www.carfam.com/pre-owned-cars/detail/2013-Nissan-370Z/1505860,inventory,,,,,URL only; full vehicle galleries recorded to avoid huge download,url_only
,https://images.dealersync.com/3067/Photos/1505860/20260605002202880_1780618922.jpg,https://www.carfam.com/pre-owned-cars/detail/2013-Nissan-370Z/1505860,inventory,,,,,URL only; full vehicle galleries recorded to avoid huge download,url_only
,https://images.dealersync.com/3067/Photos/1505860/20260605002220608_1780618940.jpg,https://www.carfam.com/pre-owned-cars/detail/2013-Nissan-370Z/1505860,inventory,,,,,URL only; full vehicle galleries recorded to avoid huge download,url_only
,https://images.dealersync.com/3067/Photos/1505860/20260605002231706_1780618951.jpg,https://www.carfam.com/pre-owned-cars/detail/2013-Nissan-370Z/1505860,inventory,,,,,URL only; full vehicle galleries recorded to avoid huge download,url_only
,https://images.dealersync.com/3067/Photos/1505860/20260605002241749_1780618961.jpg,https://www.carfam.com/pre-owned-cars/detail/2013-Nissan-370Z/1505860,inventory,,,,,URL only; full vehicle galleries recorded to avoid huge download,url_only
,https://images.dealersync.com/3067/Photos/1505860/20260605002253370_1780618973.jpg,https://www.carfam.com/pre-owned-cars/detail/2013-Nissan-370Z/1505860,inventory,,,,,URL only; full vehicle galleries recorded to avoid huge download,url_only
,https://images.dealersync.com/3067/Photos/1512247/wm_e00d5245279f4b78bf94e4630369c9af_1512247.jpg,https://www.carfam.com/pre-owned-cars/detail/2021-Toyota-Corolla/1512247,inventory,,,,,URL only; full vehicle galleries recorded to avoid huge download,url_only
,https://images.dealersync.com/3067/Photos/1512247/20260519212753435_1779226073.jpg,https://www.carfam.com/pre-owned-cars/detail/2021-Toyota-Corolla/1512247,inventory,,,,,URL only; full vehicle galleries recorded to avoid huge download,url_only
,https://images.dealersync.com/3067/Photos/1512247/20260519212817126_1779226096.jpg,https://www.carfam.com/pre-owned-cars/detail/2021-Toyota-Corolla/1512247,inventory,,,,,URL only; full vehicle galleries recorded to avoid huge download,url_only
,https://images.dealersync.com/3067/Photos/1512247/20260519212825206_1779226104.jpg,https://www.carfam.com/pre-owned-cars/detail/2021-Toyota-Corolla/1512247,inventory,,,,,URL only; full vehicle galleries recorded to avoid huge download,url_only
,https://images.dealersync.com/3067/Photos/1512247/20260519212836337_1779226116.jpg,https://www.carfam.com/pre-owned-cars/detail/2021-Toyota-Corolla/1512247,inventory,,,,,URL only; full vehicle galleries recorded to avoid huge download,url_only
,https://images.dealersync.com/3067/Photos/1512247/20260519212902158_1779226141.jpg,https://www.carfam.com/pre-owned-cars/detail/2021-Toyota-Corolla/1512247,inventory,,,,,URL only; full vehicle galleries recorded to avoid huge download,url_only
,https://images.dealersync.com/3067/Photos/1512247/20260519213024491_1779226223.jpg,https://www.carfam.com/pre-owned-cars/detail/2021-Toyota-Corolla/1512247,inventory,,,,,URL only; full vehicle galleries recorded to avoid huge download,url_only
,https://images.dealersync.com/3067/Photos/1512247/20260519213045972_1779226245.jpg,https://www.carfam.com/pre-owned-cars/detail/2021-Toyota-Corolla/1512247,inventory,,,,,URL only; full vehicle galleries recorded to avoid huge download,url_only
,https://images.dealersync.com/3067/Photos/1512247/20260519213107378_1779226267.jpg,https://www.carfam.com/pre-owned-cars/detail/2021-Toyota-Corolla/1512247,inventory,,,,,URL only; full vehicle galleries recorded to avoid huge download,url_only
,https://images.dealersync.com/3067/Photos/1512247/20260519213113500_1779226273.jpg,https://www.carfam.com/pre-owned-cars/detail/2021-Toyota-Corolla/1512247,inventory,,,,,URL only; full vehicle galleries recorded to avoid huge download,url_only
,https://images.dealersync.com/3067/Photos/1512247/20260519213125611_1779226285.jpg,https://www.carfam.com/pre-owned-cars/detail/2021-Toyota-Corolla/1512247,inventory,,,,,URL only; full vehicle galleries recorded to avoid huge download,url_only
,https://images.dealersync.com/3067/Photos/1512247/20260519213130716_1779226290.jpg,https://www.carfam.com/pre-owned-cars/detail/2021-Toyota-Corolla/1512247,inventory,,,,,URL only; full vehicle galleries recorded to avoid huge download,url_only
,https://images.dealersync.com/3067/Photos/1512247/20260519213145166_1779226304.jpg,https://www.carfam.com/pre-owned-cars/detail/2021-Toyota-Corolla/1512247,inventory,,,,,URL only; full vehicle galleries recorded to avoid huge download,url_only
,https://images.dealersync.com/3067/Photos/1512247/20260519213150933_1779226310.jpg,https://www.carfam.com/pre-owned-cars/detail/2021-Toyota-Corolla/1512247,inventory,,,,,URL only; full vehicle galleries recorded to avoid huge download,url_only
,https://images.dealersync.com/3067/Photos/1512247/20260519213208153_1779226327.jpg,https://www.carfam.com/pre-owned-cars/detail/2021-Toyota-Corolla/1512247,inventory,,,,,URL only; full vehicle galleries recorded to avoid huge download,url_only
,https://images.dealersync.com/3067/Photos/1512247/20260519213213851_1779226333.jpg,https://www.carfam.com/pre-owned-cars/detail/2021-Toyota-Corolla/1512247,inventory,,,,,URL only; full vehicle galleries recorded to avoid huge download,url_only
,https://images.dealersync.com/3067/Photos/1512247/20260519213219446_1779226339.jpg,https://www.carfam.com/pre-owned-cars/detail/2021-Toyota-Corolla/1512247,inventory,,,,,URL only; full vehicle galleries recorded to avoid huge download,url_only
,https://images.dealersync.com/3067/Photos/1512247/20260519213240255_1779226360.jpg,https://www.carfam.com/pre-owned-cars/detail/2021-Toyota-Corolla/1512247,inventory,,,,,URL only; full vehicle galleries recorded to avoid huge download,url_only
,https://images.dealersync.com/3067/Photos/1512247/20260519213245424_1779226365.jpg,https://www.carfam.com/pre-owned-cars/detail/2021-Toyota-Corolla/1512247,inventory,,,,,URL only; full vehicle galleries recorded to avoid huge download,url_only
,https://images.dealersync.com/3067/Photos/1512247/20260519213258137_1779226377.jpg,https://www.carfam.com/pre-owned-cars/detail/2021-Toyota-Corolla/1512247,inventory,,,,,URL only; full vehicle galleries recorded to avoid huge download,url_only
,https://images.dealersync.com/3067/Photos/1512247/20260519213304272_1779226383.jpg,https://www.carfam.com/pre-owned-cars/detail/2021-Toyota-Corolla/1512247,inventory,,,,,URL only; full vehicle galleries recorded to avoid huge download,url_only
,https://images.dealersync.com/3067/Photos/1512247/20260519213347545_1779226424.jpg,https://www.carfam.com/pre-owned-cars/detail/2021-Toyota-Corolla/1512247,inventory,,,,,URL only; full vehicle galleries recorded to avoid huge download,url_only
,https://images.dealersync.com/3067/Photos/1512247/20260519213406881_1779226446.jpg,https://www.carfam.com/pre-owned-cars/detail/2021-Toyota-Corolla/1512247,inventory,,,,,URL only; full vehicle galleries recorded to avoid huge download,url_only
,https://images.dealersync.com/3067/Photos/1512247/20260519213451864_1779226490.jpg,https://www.carfam.com/pre-owned-cars/detail/2021-Toyota-Corolla/1512247,inventory,,,,,URL only; full vehicle galleries recorded to avoid huge download,url_only
,https://images.dealersync.com/3067/Photos/1512247/20260519213503877_1779226503.jpg,https://www.carfam.com/pre-owned-cars/detail/2021-Toyota-Corolla/1512247,inventory,,,,,URL only; full vehicle galleries recorded to avoid huge download,url_only
,https://images.dealersync.com/3067/Photos/1512247/20260519213516124_1779226515.jpg,https://www.carfam.com/pre-owned-cars/detail/2021-Toyota-Corolla/1512247,inventory,,,,,URL only; full vehicle galleries recorded to avoid huge download,url_only
,https://images.dealersync.com/3067/Photos/1512247/20260519213526869_1779226526.jpg,https://www.carfam.com/pre-owned-cars/detail/2021-Toyota-Corolla/1512247,inventory,,,,,URL only; full vehicle galleries recorded to avoid huge download,url_only
,https://images.dealersync.com/3067/Photos/1512247/20260519213626628_1779226585.jpg,https://www.carfam.com/pre-owned-cars/detail/2021-Toyota-Corolla/1512247,inventory,,,,,URL only; full vehicle galleries recorded to avoid huge download,url_only
,https://images.dealersync.com/3067/Photos/1512247/20260519213611016_1779226570.jpg,https://www.carfam.com/pre-owned-cars/detail/2021-Toyota-Corolla/1512247,inventory,,,,,URL only; full vehicle galleries recorded to avoid huge download,url_only
,https://images.dealersync.com/3067/Photos/1513231/20260522163830987_1779467910.jpg,https://www.carfam.com/pre-owned-cars/detail/2019-Chevrolet-Colorado/1513231,inventory,,,,,URL only; full vehicle galleries recorded to avoid huge download,url_only
,https://images.dealersync.com/3067/Photos/1513231/20260522163846676_1779467926.jpg,https://www.carfam.com/pre-owned-cars/detail/2019-Chevrolet-Colorado/1513231,inventory,,,,,URL only; full vehicle galleries recorded to avoid huge download,url_only
,https://images.dealersync.com/3067/Photos/1513231/20260522163855183_1779467934.jpg,https://www.carfam.com/pre-owned-cars/detail/2019-Chevrolet-Colorado/1513231,inventory,,,,,URL only; full vehicle galleries recorded to avoid huge download,url_only
,https://images.dealersync.com/3067/Photos/1513231/20260522163924343_1779467963.jpg,https://www.carfam.com/pre-owned-cars/detail/2019-Chevrolet-Colorado/1513231,inventory,,,,,URL only; full vehicle galleries recorded to avoid huge download,url_only
,https://images.dealersync.com/3067/Photos/1513231/20260522163941158_1779467980.jpg,https://www.carfam.com/pre-owned-cars/detail/2019-Chevrolet-Colorado/1513231,inventory,,,,,URL only; full vehicle galleries recorded to avoid huge download,url_only
,https://images.dealersync.com/3067/Photos/1513231/20260522163950096_1779467989.jpg,https://www.carfam.com/pre-owned-cars/detail/2019-Chevrolet-Colorado/1513231,inventory,,,,,URL only; full vehicle galleries recorded to avoid huge download,url_only
,https://images.dealersync.com/3067/Photos/1513231/20260522164005137_1779468004.jpg,https://www.carfam.com/pre-owned-cars/detail/2019-Chevrolet-Colorado/1513231,inventory,,,,,URL only; full vehicle galleries recorded to avoid huge download,url_only
,https://images.dealersync.com/3067/Photos/1513231/20260522164023899_1779468023.jpg,https://www.carfam.com/pre-owned-cars/detail/2019-Chevrolet-Colorado/1513231,inventory,,,,,URL only; full vehicle galleries recorded to avoid huge download,url_only
,https://images.dealersync.com/3067/Photos/1513231/20260522164128388_1779468088.jpg,https://www.carfam.com/pre-owned-cars/detail/2019-Chevrolet-Colorado/1513231,inventory,,,,,URL only; full vehicle galleries recorded to avoid huge download,url_only
,https://images.dealersync.com/3067/Photos/1513231/20260522164144352_1779468103.jpg,https://www.carfam.com/pre-owned-cars/detail/2019-Chevrolet-Colorado/1513231,inventory,,,,,URL only; full vehicle galleries recorded to avoid huge download,url_only
,https://images.dealersync.com/3067/Photos/1513231/20260522164201528_1779468120.jpg,https://www.carfam.com/pre-owned-cars/detail/2019-Chevrolet-Colorado/1513231,inventory,,,,,URL only; full vehicle galleries recorded to avoid huge download,url_only
,https://images.dealersync.com/3067/Photos/1513231/20260522164231707_1779468151.jpg,https://www.carfam.com/pre-owned-cars/detail/2019-Chevrolet-Colorado/1513231,inventory,,,,,URL only; full vehicle galleries recorded to avoid huge download,url_only
,https://images.dealersync.com/3067/Photos/1513231/20260522164239682_1779468159.jpg,https://www.carfam.com/pre-owned-cars/detail/2019-Chevrolet-Colorado/1513231,inventory,,,,,URL only; full vehicle galleries recorded to avoid huge download,url_only
,https://images.dealersync.com/3067/Photos/1513231/20260522164554820_1779468354.jpg,https://www.carfam.com/pre-owned-cars/detail/2019-Chevrolet-Colorado/1513231,inventory,,,,,URL only; full vehicle galleries recorded to avoid huge download,url_only
,https://images.dealersync.com/3067/Photos/1513231/20260522164602467_1779468362.jpg,https://www.carfam.com/pre-owned-cars/detail/2019-Chevrolet-Colorado/1513231,inventory,,,,,URL only; full vehicle galleries recorded to avoid huge download,url_only
,https://images.dealersync.com/3067/Photos/1513231/20260522164635512_1779468393.jpg,https://www.carfam.com/pre-owned-cars/detail/2019-Chevrolet-Colorado/1513231,inventory,,,,,URL only; full vehicle galleries recorded to avoid huge download,url_only
,https://images.dealersync.com/3067/Photos/1513231/20260522164645541_1779468404.jpg,https://www.carfam.com/pre-owned-cars/detail/2019-Chevrolet-Colorado/1513231,inventory,,,,,URL only; full vehicle galleries recorded to avoid huge download,url_only
,https://images.dealersync.com/3067/Photos/1513231/20260522164834754_1779468513.jpg,https://www.carfam.com/pre-owned-cars/detail/2019-Chevrolet-Colorado/1513231,inventory,,,,,URL only; full vehicle galleries recorded to avoid huge download,url_only
,https://images.dealersync.com/3067/Photos/1513231/20260522164714455_1779468432.jpg,https://www.carfam.com/pre-owned-cars/detail/2019-Chevrolet-Colorado/1513231,inventory,,,,,URL only; full vehicle galleries recorded to avoid huge download,url_only
,https://images.dealersync.com/3067/Photos/1513231/20260522164719324_1779468438.jpg,https://www.carfam.com/pre-owned-cars/detail/2019-Chevrolet-Colorado/1513231,inventory,,,,,URL only; full vehicle galleries recorded to avoid huge download,url_only
,https://images.dealersync.com/3067/Photos/1513231/20260522164739438_1779468458.jpg,https://www.carfam.com/pre-owned-cars/detail/2019-Chevrolet-Colorado/1513231,inventory,,,,,URL only; full vehicle galleries recorded to avoid huge download,url_only
,https://images.dealersync.com/3067/Photos/1513231/20260522164744975_1779468463.jpg,https://www.carfam.com/pre-owned-cars/detail/2019-Chevrolet-Colorado/1513231,inventory,,,,,URL only; full vehicle galleries recorded to avoid huge download,url_only
,https://images.dealersync.com/3067/Photos/1513231/20260522164824442_1779468502.jpg,https://www.carfam.com/pre-owned-cars/detail/2019-Chevrolet-Colorado/1513231,inventory,,,,,URL only; full vehicle galleries recorded to avoid huge download,url_only
,https://images.dealersync.com/3067/Photos/1519461/wm_3deb229c51e943858acace71cb180efe_1519461.jpg,https://www.carfam.com/pre-owned-cars/detail/2022-Chevrolet-Tahoe/1519461,inventory,,,,,URL only; full vehicle galleries recorded to avoid huge download,url_only
,https://images.dealersync.com/3067/Photos/1519461/20260610211710193_1781126229.jpg,https://www.carfam.com/pre-owned-cars/detail/2022-Chevrolet-Tahoe/1519461,inventory,,,,,URL only; full vehicle galleries recorded to avoid huge download,url_only
,https://images.dealersync.com/3067/Photos/1519461/20260610211722200_1781126241.jpg,https://www.carfam.com/pre-owned-cars/detail/2022-Chevrolet-Tahoe/1519461,inventory,,,,,URL only; full vehicle galleries recorded to avoid huge download,url_only
,https://images.dealersync.com/3067/Photos/1519461/20260610211729462_1781126249.jpg,https://www.carfam.com/pre-owned-cars/detail/2022-Chevrolet-Tahoe/1519461,inventory,,,,,URL only; full vehicle galleries recorded to avoid huge download,url_only
,https://images.dealersync.com/3067/Photos/1519461/20260610211737730_1781126257.jpg,https://www.carfam.com/pre-owned-cars/detail/2022-Chevrolet-Tahoe/1519461,inventory,,,,,URL only; full vehicle galleries recorded to avoid huge download,url_only
,https://images.dealersync.com/3067/Photos/1519461/20260610211749436_1781126269.jpg,https://www.carfam.com/pre-owned-cars/detail/2022-Chevrolet-Tahoe/1519461,inventory,,,,,URL only; full vehicle galleries recorded to avoid huge download,url_only
,https://images.dealersync.com/3067/Photos/1519461/20260610211814373_1781126293.jpg,https://www.carfam.com/pre-owned-cars/detail/2022-Chevrolet-Tahoe/1519461,inventory,,,,,URL only; full vehicle galleries recorded to avoid huge download,url_only
,https://images.dealersync.com/3067/Photos/1519461/20260610211822207_1781126301.jpg,https://www.carfam.com/pre-owned-cars/detail/2022-Chevrolet-Tahoe/1519461,inventory,,,,,URL only; full vehicle galleries recorded to avoid huge download,url_only
,https://images.dealersync.com/3067/Photos/1519461/20260610211842658_1781126322.jpg,https://www.carfam.com/pre-owned-cars/detail/2022-Chevrolet-Tahoe/1519461,inventory,,,,,URL only; full vehicle galleries recorded to avoid huge download,url_only
,https://images.dealersync.com/3067/Photos/1519461/20260610211850827_1781126330.jpg,https://www.carfam.com/pre-owned-cars/detail/2022-Chevrolet-Tahoe/1519461,inventory,,,,,URL only; full vehicle galleries recorded to avoid huge download,url_only
,https://images.dealersync.com/3067/Photos/1519461/20260610211856825_1781126336.jpg,https://www.carfam.com/pre-owned-cars/detail/2022-Chevrolet-Tahoe/1519461,inventory,,,,,URL only; full vehicle galleries recorded to avoid huge download,url_only
,https://images.dealersync.com/3067/Photos/1519461/20260610211911075_1781126350.jpg,https://www.carfam.com/pre-owned-cars/detail/2022-Chevrolet-Tahoe/1519461,inventory,,,,,URL only; full vehicle galleries recorded to avoid huge download,url_only
,https://images.dealersync.com/3067/Photos/1519461/20260610211916154_1781126355.jpg,https://www.carfam.com/pre-owned-cars/detail/2022-Chevrolet-Tahoe/1519461,inventory,,,,,URL only; full vehicle galleries recorded to avoid huge download,url_only
,https://images.dealersync.com/3067/Photos/1519461/20260610211941964_1781126381.jpg,https://www.carfam.com/pre-owned-cars/detail/2022-Chevrolet-Tahoe/1519461,inventory,,,,,URL only; full vehicle galleries recorded to avoid huge download,url_only
,https://images.dealersync.com/3067/Photos/1519461/20260610211957103_1781126396.jpg,https://www.carfam.com/pre-owned-cars/detail/2022-Chevrolet-Tahoe/1519461,inventory,,,,,URL only; full vehicle galleries recorded to avoid huge download,url_only
,https://images.dealersync.com/3067/Photos/1519461/20260610212004567_1781126403.jpg,https://www.carfam.com/pre-owned-cars/detail/2022-Chevrolet-Tahoe/1519461,inventory,,,,,URL only; full vehicle galleries recorded to avoid huge download,url_only
,https://images.dealersync.com/3067/Photos/1519461/20260610212020014_1781126419.jpg,https://www.carfam.com/pre-owned-cars/detail/2022-Chevrolet-Tahoe/1519461,inventory,,,,,URL only; full vehicle galleries recorded to avoid huge download,url_only
,https://images.dealersync.com/3067/Photos/1519461/20260610212025446_1781126424.jpg,https://www.carfam.com/pre-owned-cars/detail/2022-Chevrolet-Tahoe/1519461,inventory,,,,,URL only; full vehicle galleries recorded to avoid huge download,url_only
,https://images.dealersync.com/3067/Photos/1519461/20260610212033384_1781126433.jpg,https://www.carfam.com/pre-owned-cars/detail/2022-Chevrolet-Tahoe/1519461,inventory,,,,,URL only; full vehicle galleries recorded to avoid huge download,url_only
,https://images.dealersync.com/3067/Photos/1519461/20260610212040815_1781126440.jpg,https://www.carfam.com/pre-owned-cars/detail/2022-Chevrolet-Tahoe/1519461,inventory,,,,,URL only; full vehicle galleries recorded to avoid huge download,url_only
,https://images.dealersync.com/3067/Photos/1519461/20260610212106411_1781126465.jpg,https://www.carfam.com/pre-owned-cars/detail/2022-Chevrolet-Tahoe/1519461,inventory,,,,,URL only; full vehicle galleries recorded to avoid huge download,url_only
,https://images.dealersync.com/3067/Photos/1519461/20260610212112156_1781126471.jpg,https://www.carfam.com/pre-owned-cars/detail/2022-Chevrolet-Tahoe/1519461,inventory,,,,,URL only; full vehicle galleries recorded to avoid huge download,url_only
,https://images.dealersync.com/3067/Photos/1519461/20260610212122825_1781126482.jpg,https://www.carfam.com/pre-owned-cars/detail/2022-Chevrolet-Tahoe/1519461,inventory,,,,,URL only; full vehicle galleries recorded to avoid huge download,url_only
,https://images.dealersync.com/3067/Photos/1519461/20260610212131091_1781126490.jpg,https://www.carfam.com/pre-owned-cars/detail/2022-Chevrolet-Tahoe/1519461,inventory,,,,,URL only; full vehicle galleries recorded to avoid huge download,url_only
,https://images.dealersync.com/3067/Photos/1519461/20260610212141280_1781126500.jpg,https://www.carfam.com/pre-owned-cars/detail/2022-Chevrolet-Tahoe/1519461,inventory,,,,,URL only; full vehicle galleries recorded to avoid huge download,url_only
,https://images.dealersync.com/3067/Photos/1519461/20260610212151124_1781126510.jpg,https://www.carfam.com/pre-owned-cars/detail/2022-Chevrolet-Tahoe/1519461,inventory,,,,,URL only; full vehicle galleries recorded to avoid huge download,url_only
,https://images.dealersync.com/3067/Photos/1519461/20260610212308953_1781126586.jpg,https://www.carfam.com/pre-owned-cars/detail/2022-Chevrolet-Tahoe/1519461,inventory,,,,,URL only; full vehicle galleries recorded to avoid huge download,url_only
,https://images.dealersync.com/3067/Photos/1519461/20260610212158492_1781126518.jpg,https://www.carfam.com/pre-owned-cars/detail/2022-Chevrolet-Tahoe/1519461,inventory,,,,,URL only; full vehicle galleries recorded to avoid huge download,url_only
,https://images.dealersync.com/3067/Photos/1519461/20260610212207030_1781126526.jpg,https://www.carfam.com/pre-owned-cars/detail/2022-Chevrolet-Tahoe/1519461,inventory,,,,,URL only; full vehicle galleries recorded to avoid huge download,url_only
,https://images.dealersync.com/3067/Photos/1519461/20260610212245886_1781126561.jpg,https://www.carfam.com/pre-owned-cars/detail/2022-Chevrolet-Tahoe/1519461,inventory,,,,,URL only; full vehicle galleries recorded to avoid huge download,url_only
,https://images.dealersync.com/3067/Photos/1519461/20260610212252254_1781126571.jpg,https://www.carfam.com/pre-owned-cars/detail/2022-Chevrolet-Tahoe/1519461,inventory,,,,,URL only; full vehicle galleries recorded to avoid huge download,url_only
,https://images.dealersync.com/3067/Photos/1519461/20260610212230892_1781126550.jpg,https://www.carfam.com/pre-owned-cars/detail/2022-Chevrolet-Tahoe/1519461,inventory,,,,,URL only; full vehicle galleries recorded to avoid huge download,url_only
,https://images.dealersync.com/3067/Photos/1525050/wm_13287a0ff6f84c15b694c515f8848829_1525050.jpg,https://www.carfam.com/pre-owned-cars/detail/2011-Lexus-IS-250/1525050,inventory,,,,,URL only; full vehicle galleries recorded to avoid huge download,url_only
,https://images.dealersync.com/3067/Photos/1525050/20260616214750278_1781646469.jpg,https://www.carfam.com/pre-owned-cars/detail/2011-Lexus-IS-250/1525050,inventory,,,,,URL only; full vehicle galleries recorded to avoid huge download,url_only
,https://images.dealersync.com/3067/Photos/1525050/20260616214800308_1781646479.jpg,https://www.carfam.com/pre-owned-cars/detail/2011-Lexus-IS-250/1525050,inventory,,,,,URL only; full vehicle galleries recorded to avoid huge download,url_only
,https://images.dealersync.com/3067/Photos/1525050/20260616214805983_1781646485.jpg,https://www.carfam.com/pre-owned-cars/detail/2011-Lexus-IS-250/1525050,inventory,,,,,URL only; full vehicle galleries recorded to avoid huge download,url_only
,https://images.dealersync.com/3067/Photos/1525050/20260616214815881_1781646495.jpg,https://www.carfam.com/pre-owned-cars/detail/2011-Lexus-IS-250/1525050,inventory,,,,,URL only; full vehicle galleries recorded to avoid huge download,url_only
,https://images.dealersync.com/3067/Photos/1525050/20260616214827373_1781646507.jpg,https://www.carfam.com/pre-owned-cars/detail/2011-Lexus-IS-250/1525050,inventory,,,,,URL only; full vehicle galleries recorded to avoid huge download,url_only
,https://images.dealersync.com/3067/Photos/1525050/20260616214838551_1781646518.jpg,https://www.carfam.com/pre-owned-cars/detail/2011-Lexus-IS-250/1525050,inventory,,,,,URL only; full vehicle galleries recorded to avoid huge download,url_only
,https://images.dealersync.com/3067/Photos/1525050/20260616214845267_1781646524.jpg,https://www.carfam.com/pre-owned-cars/detail/2011-Lexus-IS-250/1525050,inventory,,,,,URL only; full vehicle galleries recorded to avoid huge download,url_only
,https://images.dealersync.com/3067/Photos/1525050/20260616214858967_1781646538.jpg,https://www.carfam.com/pre-owned-cars/detail/2011-Lexus-IS-250/1525050,inventory,,,,,URL only; full vehicle galleries recorded to avoid huge download,url_only
,https://images.dealersync.com/3067/Photos/1525050/20260616214955006_1781646594.jpg,https://www.carfam.com/pre-owned-cars/detail/2011-Lexus-IS-250/1525050,inventory,,,,,URL only; full vehicle galleries recorded to avoid huge download,url_only
,https://images.dealersync.com/3067/Photos/1525050/20260616215002668_1781646602.jpg,https://www.carfam.com/pre-owned-cars/detail/2011-Lexus-IS-250/1525050,inventory,,,,,URL only; full vehicle galleries recorded to avoid huge download,url_only
,https://images.dealersync.com/3067/Photos/1525050/20260616215014549_1781646614.jpg,https://www.carfam.com/pre-owned-cars/detail/2011-Lexus-IS-250/1525050,inventory,,,,,URL only; full vehicle galleries recorded to avoid huge download,url_only
,https://images.dealersync.com/3067/Photos/1525050/20260616215024284_1781646624.jpg,https://www.carfam.com/pre-owned-cars/detail/2011-Lexus-IS-250/1525050,inventory,,,,,URL only; full vehicle galleries recorded to avoid huge download,url_only
,https://images.dealersync.com/3067/Photos/1525050/20260616215033617_1781646633.jpg,https://www.carfam.com/pre-owned-cars/detail/2011-Lexus-IS-250/1525050,inventory,,,,,URL only; full vehicle galleries recorded to avoid huge download,url_only
,https://images.dealersync.com/3067/Photos/1525050/20260616215043328_1781646642.jpg,https://www.carfam.com/pre-owned-cars/detail/2011-Lexus-IS-250/1525050,inventory,,,,,URL only; full vehicle galleries recorded to avoid huge download,url_only
,https://images.dealersync.com/3067/Photos/1525050/20260616215052863_1781646652.jpg,https://www.carfam.com/pre-owned-cars/detail/2011-Lexus-IS-250/1525050,inventory,,,,,URL only; full vehicle galleries recorded to avoid huge download,url_only
,https://images.dealersync.com/3067/Photos/1525050/20260616215111405_1781646670.jpg,https://www.carfam.com/pre-owned-cars/detail/2011-Lexus-IS-250/1525050,inventory,,,,,URL only; full vehicle galleries recorded to avoid huge download,url_only
,https://images.dealersync.com/3067/Photos/1525050/20260616215120597_1781646679.jpg,https://www.carfam.com/pre-owned-cars/detail/2011-Lexus-IS-250/1525050,inventory,,,,,URL only; full vehicle galleries recorded to avoid huge download,url_only
,https://images.dealersync.com/3067/Photos/1525050/20260616215133698_1781646691.jpg,https://www.carfam.com/pre-owned-cars/detail/2011-Lexus-IS-250/1525050,inventory,,,,,URL only; full vehicle galleries recorded to avoid huge download,url_only
,https://images.dealersync.com/3067/Photos/1525050/20260616215147709_1781646706.jpg,https://www.carfam.com/pre-owned-cars/detail/2011-Lexus-IS-250/1525050,inventory,,,,,URL only; full vehicle galleries recorded to avoid huge download,url_only
,https://images.dealersync.com/3067/Photos/1525050/20260616215153891_1781646711.jpg,https://www.carfam.com/pre-owned-cars/detail/2011-Lexus-IS-250/1525050,inventory,,,,,URL only; full vehicle galleries recorded to avoid huge download,url_only
,https://images.dealersync.com/3067/Photos/1525050/20260616215428344_1781646867.jpg,https://www.carfam.com/pre-owned-cars/detail/2011-Lexus-IS-250/1525050,inventory,,,,,URL only; full vehicle galleries recorded to avoid huge download,url_only
,https://images.dealersync.com/3067/Photos/1525050/20260616215403268_1781646836.jpg,https://www.carfam.com/pre-owned-cars/detail/2011-Lexus-IS-250/1525050,inventory,,,,,URL only; full vehicle galleries recorded to avoid huge download,url_only
,https://images.dealersync.com/3067/Photos/1525050/20260616215246846_1781646766.jpg,https://www.carfam.com/pre-owned-cars/detail/2011-Lexus-IS-250/1525050,inventory,,,,,URL only; full vehicle galleries recorded to avoid huge download,url_only
,https://images.dealersync.com/3067/Photos/1525050/20260616215254780_1781646774.jpg,https://www.carfam.com/pre-owned-cars/detail/2011-Lexus-IS-250/1525050,inventory,,,,,URL only; full vehicle galleries recorded to avoid huge download,url_only
,https://images.dealersync.com/3067/Photos/1525050/20260616215314989_1781646794.jpg,https://www.carfam.com/pre-owned-cars/detail/2011-Lexus-IS-250/1525050,inventory,,,,,URL only; full vehicle galleries recorded to avoid huge download,url_only
,https://images.dealersync.com/3067/Photos/1525050/20260616215348381_1781646826.jpg,https://www.carfam.com/pre-owned-cars/detail/2011-Lexus-IS-250/1525050,inventory,,,,,URL only; full vehicle galleries recorded to avoid huge download,url_only
,https://images.dealersync.com/3067/Photos/1525050/20260616215343282_1781646819.jpg,https://www.carfam.com/pre-owned-cars/detail/2011-Lexus-IS-250/1525050,inventory,,,,,URL only; full vehicle galleries recorded to avoid huge download,url_only
,https://images.dealersync.com/3067/Photos/1526866/wm_4eaf388f06994b6b9b83f01bf3176bb7_1526866.jpg,https://www.carfam.com/pre-owned-cars/detail/2023-Chevrolet-Tahoe/1526866,inventory,,,,,URL only; full vehicle galleries recorded to avoid huge download,url_only
,https://images.dealersync.com/3067/Photos/1526866/20260613005105461_1781311864.jpg,https://www.carfam.com/pre-owned-cars/detail/2023-Chevrolet-Tahoe/1526866,inventory,,,,,URL only; full vehicle galleries recorded to avoid huge download,url_only
,https://images.dealersync.com/3067/Photos/1526866/20260613005117573_1781311876.jpg,https://www.carfam.com/pre-owned-cars/detail/2023-Chevrolet-Tahoe/1526866,inventory,,,,,URL only; full vehicle galleries recorded to avoid huge download,url_only
,https://images.dealersync.com/3067/Photos/1526866/20260613005124530_1781311884.jpg,https://www.carfam.com/pre-owned-cars/detail/2023-Chevrolet-Tahoe/1526866,inventory,,,,,URL only; full vehicle galleries recorded to avoid huge download,url_only
,https://images.dealersync.com/3067/Photos/1526866/20260613005132820_1781311892.jpg,https://www.carfam.com/pre-owned-cars/detail/2023-Chevrolet-Tahoe/1526866,inventory,,,,,URL only; full vehicle galleries recorded to avoid huge download,url_only
,https://images.dealersync.com/3067/Photos/1526866/20260613005142776_1781311902.jpg,https://www.carfam.com/pre-owned-cars/detail/2023-Chevrolet-Tahoe/1526866,inventory,,,,,URL only; full vehicle galleries recorded to avoid huge download,url_only
,https://images.dealersync.com/3067/Photos/1526866/20260613005154062_1781311913.jpg,https://www.carfam.com/pre-owned-cars/detail/2023-Chevrolet-Tahoe/1526866,inventory,,,,,URL only; full vehicle galleries recorded to avoid huge download,url_only
,https://images.dealersync.com/3067/Photos/1526866/20260613005204565_1781311924.jpg,https://www.carfam.com/pre-owned-cars/detail/2023-Chevrolet-Tahoe/1526866,inventory,,,,,URL only; full vehicle galleries recorded to avoid huge download,url_only
,https://images.dealersync.com/3067/Photos/1526866/20260613005215728_1781311935.jpg,https://www.carfam.com/pre-owned-cars/detail/2023-Chevrolet-Tahoe/1526866,inventory,,,,,URL only; full vehicle galleries recorded to avoid huge download,url_only
,https://images.dealersync.com/3067/Photos/1526866/20260613005230826_1781311950.jpg,https://www.carfam.com/pre-owned-cars/detail/2023-Chevrolet-Tahoe/1526866,inventory,,,,,URL only; full vehicle galleries recorded to avoid huge download,url_only
,https://images.dealersync.com/3067/Photos/1526866/20260613005245727_1781311965.jpg,https://www.carfam.com/pre-owned-cars/detail/2023-Chevrolet-Tahoe/1526866,inventory,,,,,URL only; full vehicle galleries recorded to avoid huge download,url_only
,https://images.dealersync.com/3067/Photos/1526866/20260613005253468_1781311973.jpg,https://www.carfam.com/pre-owned-cars/detail/2023-Chevrolet-Tahoe/1526866,inventory,,,,,URL only; full vehicle galleries recorded to avoid huge download,url_only
,https://images.dealersync.com/3067/Photos/1526866/20260613005258202_1781311977.jpg,https://www.carfam.com/pre-owned-cars/detail/2023-Chevrolet-Tahoe/1526866,inventory,,,,,URL only; full vehicle galleries recorded to avoid huge download,url_only
,https://images.dealersync.com/3067/Photos/1526866/20260613005308889_1781311988.jpg,https://www.carfam.com/pre-owned-cars/detail/2023-Chevrolet-Tahoe/1526866,inventory,,,,,URL only; full vehicle galleries recorded to avoid huge download,url_only
,https://images.dealersync.com/3067/Photos/1526866/20260613005332627_1781312012.jpg,https://www.carfam.com/pre-owned-cars/detail/2023-Chevrolet-Tahoe/1526866,inventory,,,,,URL only; full vehicle galleries recorded to avoid huge download,url_only
,https://images.dealersync.com/3067/Photos/1526866/20260613005346680_1781312026.jpg,https://www.carfam.com/pre-owned-cars/detail/2023-Chevrolet-Tahoe/1526866,inventory,,,,,URL only; full vehicle galleries recorded to avoid huge download,url_only
,https://images.dealersync.com/3067/Photos/1526866/20260613005352942_1781312032.jpg,https://www.carfam.com/pre-owned-cars/detail/2023-Chevrolet-Tahoe/1526866,inventory,,,,,URL only; full vehicle galleries recorded to avoid huge download,url_only
,https://images.dealersync.com/3067/Photos/1526866/20260613005404135_1781312043.jpg,https://www.carfam.com/pre-owned-cars/detail/2023-Chevrolet-Tahoe/1526866,inventory,,,,,URL only; full vehicle galleries recorded to avoid huge download,url_only
,https://images.dealersync.com/3067/Photos/1526866/20260613005412980_1781312052.jpg,https://www.carfam.com/pre-owned-cars/detail/2023-Chevrolet-Tahoe/1526866,inventory,,,,,URL only; full vehicle galleries recorded to avoid huge download,url_only
,https://images.dealersync.com/3067/Photos/1526866/20260613005419492_1781312058.jpg,https://www.carfam.com/pre-owned-cars/detail/2023-Chevrolet-Tahoe/1526866,inventory,,,,,URL only; full vehicle galleries recorded to avoid huge download,url_only
,https://images.dealersync.com/3067/Photos/1526866/20260613005442642_1781312082.jpg,https://www.carfam.com/pre-owned-cars/detail/2023-Chevrolet-Tahoe/1526866,inventory,,,,,URL only; full vehicle galleries recorded to avoid huge download,url_only
,https://images.dealersync.com/3067/Photos/1526866/20260613005448426_1781312088.jpg,https://www.carfam.com/pre-owned-cars/detail/2023-Chevrolet-Tahoe/1526866,inventory,,,,,URL only; full vehicle galleries recorded to avoid huge download,url_only
,https://images.dealersync.com/3067/Photos/1526866/20260613005457296_1781312096.jpg,https://www.carfam.com/pre-owned-cars/detail/2023-Chevrolet-Tahoe/1526866,inventory,,,,,URL only; full vehicle galleries recorded to avoid huge download,url_only
,https://images.dealersync.com/3067/Photos/1526866/20260613005502416_1781312102.jpg,https://www.carfam.com/pre-owned-cars/detail/2023-Chevrolet-Tahoe/1526866,inventory,,,,,URL only; full vehicle galleries recorded to avoid huge download,url_only
,https://images.dealersync.com/3067/Photos/1526866/20260613005511314_1781312111.jpg,https://www.carfam.com/pre-owned-cars/detail/2023-Chevrolet-Tahoe/1526866,inventory,,,,,URL only; full vehicle galleries recorded to avoid huge download,url_only
,https://images.dealersync.com/3067/Photos/1526866/20260613005517729_1781312117.jpg,https://www.carfam.com/pre-owned-cars/detail/2023-Chevrolet-Tahoe/1526866,inventory,,,,,URL only; full vehicle galleries recorded to avoid huge download,url_only
,https://images.dealersync.com/3067/Photos/1526866/20260613005608182_1781312167.jpg,https://www.carfam.com/pre-owned-cars/detail/2023-Chevrolet-Tahoe/1526866,inventory,,,,,URL only; full vehicle galleries recorded to avoid huge download,url_only
,https://images.dealersync.com/3067/Photos/1526866/20260613005524375_1781312124.jpg,https://www.carfam.com/pre-owned-cars/detail/2023-Chevrolet-Tahoe/1526866,inventory,,,,,URL only; full vehicle galleries recorded to avoid huge download,url_only
,https://images.dealersync.com/3067/Photos/1526866/20260613005534130_1781312133.jpg,https://www.carfam.com/pre-owned-cars/detail/2023-Chevrolet-Tahoe/1526866,inventory,,,,,URL only; full vehicle galleries recorded to avoid huge download,url_only
,https://images.dealersync.com/3067/Photos/1526866/20260613005545906_1781312145.jpg,https://www.carfam.com/pre-owned-cars/detail/2023-Chevrolet-Tahoe/1526866,inventory,,,,,URL only; full vehicle galleries recorded to avoid huge download,url_only
,https://images.dealersync.com/3067/Photos/1526866/20260613005617806_1781312176.jpg,https://www.carfam.com/pre-owned-cars/detail/2023-Chevrolet-Tahoe/1526866,inventory,,,,,URL only; full vehicle galleries recorded to avoid huge download,url_only
,https://images.dealersync.com/3067/Photos/1526866/20260613005601717_1781312160.jpg,https://www.carfam.com/pre-owned-cars/detail/2023-Chevrolet-Tahoe/1526866,inventory,,,,,URL only; full vehicle galleries recorded to avoid huge download,url_only
,https://images.dealersync.com/3067/Photos/1530885/wm_9964e9654c6d4389b4c82446f7ac5a32_1530885.jpg,https://www.carfam.com/pre-owned-cars/detail/2018-Mercedes-Benz-CLA-250/1530885,inventory,,,,,URL only; full vehicle galleries recorded to avoid huge download,url_only
,https://images.dealersync.com/3067/Photos/1530885/20260619213635736_1781904995.jpg,https://www.carfam.com/pre-owned-cars/detail/2018-Mercedes-Benz-CLA-250/1530885,inventory,,,,,URL only; full vehicle galleries recorded to avoid huge download,url_only
,https://images.dealersync.com/3067/Photos/1530885/20260619213647858_1781905007.jpg,https://www.carfam.com/pre-owned-cars/detail/2018-Mercedes-Benz-CLA-250/1530885,inventory,,,,,URL only; full vehicle galleries recorded to avoid huge download,url_only
,https://images.dealersync.com/3067/Photos/1530885/20260619213655173_1781905014.jpg,https://www.carfam.com/pre-owned-cars/detail/2018-Mercedes-Benz-CLA-250/1530885,inventory,,,,,URL only; full vehicle galleries recorded to avoid huge download,url_only
,https://images.dealersync.com/3067/Photos/1530885/20260619213710108_1781905029.jpg,https://www.carfam.com/pre-owned-cars/detail/2018-Mercedes-Benz-CLA-250/1530885,inventory,,,,,URL only; full vehicle galleries recorded to avoid huge download,url_only
,https://images.dealersync.com/3067/Photos/1530885/20260619213732556_1781905051.jpg,https://www.carfam.com/pre-owned-cars/detail/2018-Mercedes-Benz-CLA-250/1530885,inventory,,,,,URL only; full vehicle galleries recorded to avoid huge download,url_only
,https://images.dealersync.com/3067/Photos/1530885/20260619213753006_1781905072.jpg,https://www.carfam.com/pre-owned-cars/detail/2018-Mercedes-Benz-CLA-250/1530885,inventory,,,,,URL only; full vehicle galleries recorded to avoid huge download,url_only
,https://images.dealersync.com/3067/Photos/1530885/20260619213804314_1781905083.jpg,https://www.carfam.com/pre-owned-cars/detail/2018-Mercedes-Benz-CLA-250/1530885,inventory,,,,,URL only; full vehicle galleries recorded to avoid huge download,url_only
,https://images.dealersync.com/3067/Photos/1530885/20260619213819834_1781905099.jpg,https://www.carfam.com/pre-owned-cars/detail/2018-Mercedes-Benz-CLA-250/1530885,inventory,,,,,URL only; full vehicle galleries recorded to avoid huge download,url_only
,https://images.dealersync.com/3067/Photos/1530885/20260619213832987_1781905112.jpg,https://www.carfam.com/pre-owned-cars/detail/2018-Mercedes-Benz-CLA-250/1530885,inventory,,,,,URL only; full vehicle galleries recorded to avoid huge download,url_only
,https://images.dealersync.com/3067/Photos/1530885/20260619213849105_1781905128.jpg,https://www.carfam.com/pre-owned-cars/detail/2018-Mercedes-Benz-CLA-250/1530885,inventory,,,,,URL only; full vehicle galleries recorded to avoid huge download,url_only
,https://images.dealersync.com/3067/Photos/1530885/20260619213902454_1781905141.jpg,https://www.carfam.com/pre-owned-cars/detail/2018-Mercedes-Benz-CLA-250/1530885,inventory,,,,,URL only; full vehicle galleries recorded to avoid huge download,url_only
,https://images.dealersync.com/3067/Photos/1530885/20260619213922815_1781905162.jpg,https://www.carfam.com/pre-owned-cars/detail/2018-Mercedes-Benz-CLA-250/1530885,inventory,,,,,URL only; full vehicle galleries recorded to avoid huge download,url_only
,https://images.dealersync.com/3067/Photos/1530885/20260619213933189_1781905172.jpg,https://www.carfam.com/pre-owned-cars/detail/2018-Mercedes-Benz-CLA-250/1530885,inventory,,,,,URL only; full vehicle galleries recorded to avoid huge download,url_only
,https://images.dealersync.com/3067/Photos/1530885/20260619213947667_1781905187.jpg,https://www.carfam.com/pre-owned-cars/detail/2018-Mercedes-Benz-CLA-250/1530885,inventory,,,,,URL only; full vehicle galleries recorded to avoid huge download,url_only
,https://images.dealersync.com/3067/Photos/1530885/20260619213959806_1781905199.jpg,https://www.carfam.com/pre-owned-cars/detail/2018-Mercedes-Benz-CLA-250/1530885,inventory,,,,,URL only; full vehicle galleries recorded to avoid huge download,url_only
,https://images.dealersync.com/3067/Photos/1530885/20260619214007975_1781905207.jpg,https://www.carfam.com/pre-owned-cars/detail/2018-Mercedes-Benz-CLA-250/1530885,inventory,,,,,URL only; full vehicle galleries recorded to avoid huge download,url_only
,https://images.dealersync.com/3067/Photos/1530885/20260619214037767_1781905237.jpg,https://www.carfam.com/pre-owned-cars/detail/2018-Mercedes-Benz-CLA-250/1530885,inventory,,,,,URL only; full vehicle galleries recorded to avoid huge download,url_only
,https://images.dealersync.com/3067/Photos/1530885/20260619214043450_1781905243.jpg,https://www.carfam.com/pre-owned-cars/detail/2018-Mercedes-Benz-CLA-250/1530885,inventory,,,,,URL only; full vehicle galleries recorded to avoid huge download,url_only
,https://images.dealersync.com/3067/Photos/1530885/20260619214054953_1781905254.jpg,https://www.carfam.com/pre-owned-cars/detail/2018-Mercedes-Benz-CLA-250/1530885,inventory,,,,,URL only; full vehicle galleries recorded to avoid huge download,url_only
,https://images.dealersync.com/3067/Photos/1530885/20260619214102247_1781905261.jpg,https://www.carfam.com/pre-owned-cars/detail/2018-Mercedes-Benz-CLA-250/1530885,inventory,,,,,URL only; full vehicle galleries recorded to avoid huge download,url_only
,https://images.dealersync.com/3067/Photos/1530885/20260619214134959_1781905294.jpg,https://www.carfam.com/pre-owned-cars/detail/2018-Mercedes-Benz-CLA-250/1530885,inventory,,,,,URL only; full vehicle galleries recorded to avoid huge download,url_only
,https://images.dealersync.com/3067/Photos/1530885/20260619214144340_1781905303.jpg,https://www.carfam.com/pre-owned-cars/detail/2018-Mercedes-Benz-CLA-250/1530885,inventory,,,,,URL only; full vehicle galleries recorded to avoid huge download,url_only
,https://images.dealersync.com/3067/Photos/1530885/20260619214235909_1781905355.jpg,https://www.carfam.com/pre-owned-cars/detail/2018-Mercedes-Benz-CLA-250/1530885,inventory,,,,,URL only; full vehicle galleries recorded to avoid huge download,url_only
,https://images.dealersync.com/3067/Photos/1530885/20260619214155416_1781905315.jpg,https://www.carfam.com/pre-owned-cars/detail/2018-Mercedes-Benz-CLA-250/1530885,inventory,,,,,URL only; full vehicle galleries recorded to avoid huge download,url_only
,https://images.dealersync.com/3067/Photos/1530885/20260619214203876_1781905323.jpg,https://www.carfam.com/pre-owned-cars/detail/2018-Mercedes-Benz-CLA-250/1530885,inventory,,,,,URL only; full vehicle galleries recorded to avoid huge download,url_only
,https://images.dealersync.com/3067/Photos/1530885/20260619214209582_1781905329.jpg,https://www.carfam.com/pre-owned-cars/detail/2018-Mercedes-Benz-CLA-250/1530885,inventory,,,,,URL only; full vehicle galleries recorded to avoid huge download,url_only
,https://images.dealersync.com/3067/Photos/1530885/20260619214215864_1781905335.jpg,https://www.carfam.com/pre-owned-cars/detail/2018-Mercedes-Benz-CLA-250/1530885,inventory,,,,,URL only; full vehicle galleries recorded to avoid huge download,url_only
,https://images.dealersync.com/3067/Photos/1530885/20260619214224025_1781905343.jpg,https://www.carfam.com/pre-owned-cars/detail/2018-Mercedes-Benz-CLA-250/1530885,inventory,,,,,URL only; full vehicle galleries recorded to avoid huge download,url_only
,https://images.dealersync.com/3067/Photos/1533833/wm_0e08d0333449498986bc3101a8b904f2_1533833.jpg,https://www.carfam.com/pre-owned-cars/detail/2025-Honda-CR-V-Hybrid/1533833,inventory,,,,,URL only; full vehicle galleries recorded to avoid huge download,url_only
,https://images.dealersync.com/3067/Photos/1533833/20260708224008844_1783550408.jpg,https://www.carfam.com/pre-owned-cars/detail/2025-Honda-CR-V-Hybrid/1533833,inventory,,,,,URL only; full vehicle galleries recorded to avoid huge download,url_only
,https://images.dealersync.com/3067/Photos/1533833/20260708224030103_1783550429.jpg,https://www.carfam.com/pre-owned-cars/detail/2025-Honda-CR-V-Hybrid/1533833,inventory,,,,,URL only; full vehicle galleries recorded to avoid huge download,url_only
,https://images.dealersync.com/3067/Photos/1533833/20260708224038199_1783550437.jpg,https://www.carfam.com/pre-owned-cars/detail/2025-Honda-CR-V-Hybrid/1533833,inventory,,,,,URL only; full vehicle galleries recorded to avoid huge download,url_only
,https://images.dealersync.com/3067/Photos/1533833/20260708224051049_1783550449.jpg,https://www.carfam.com/pre-owned-cars/detail/2025-Honda-CR-V-Hybrid/1533833,inventory,,,,,URL only; full vehicle galleries recorded to avoid huge download,url_only
,https://images.dealersync.com/3067/Photos/1533833/20260708224113410_1783550472.jpg,https://www.carfam.com/pre-owned-cars/detail/2025-Honda-CR-V-Hybrid/1533833,inventory,,,,,URL only; full vehicle galleries recorded to avoid huge download,url_only
,https://images.dealersync.com/3067/Photos/1533833/20260708224122154_1783550481.jpg,https://www.carfam.com/pre-owned-cars/detail/2025-Honda-CR-V-Hybrid/1533833,inventory,,,,,URL only; full vehicle galleries recorded to avoid huge download,url_only
,https://images.dealersync.com/3067/Photos/1533833/20260708224132051_1783550491.jpg,https://www.carfam.com/pre-owned-cars/detail/2025-Honda-CR-V-Hybrid/1533833,inventory,,,,,URL only; full vehicle galleries recorded to avoid huge download,url_only
,https://images.dealersync.com/3067/Photos/1533833/20260708224146191_1783550505.jpg,https://www.carfam.com/pre-owned-cars/detail/2025-Honda-CR-V-Hybrid/1533833,inventory,,,,,URL only; full vehicle galleries recorded to avoid huge download,url_only
,https://images.dealersync.com/3067/Photos/1533833/20260708224248336_1783550567.jpg,https://www.carfam.com/pre-owned-cars/detail/2025-Honda-CR-V-Hybrid/1533833,inventory,,,,,URL only; full vehicle galleries recorded to avoid huge download,url_only
,https://images.dealersync.com/3067/Photos/1533833/20260708224316758_1783550596.jpg,https://www.carfam.com/pre-owned-cars/detail/2025-Honda-CR-V-Hybrid/1533833,inventory,,,,,URL only; full vehicle galleries recorded to avoid huge download,url_only
,https://images.dealersync.com/3067/Photos/1533833/20260708224325047_1783550604.jpg,https://www.carfam.com/pre-owned-cars/detail/2025-Honda-CR-V-Hybrid/1533833,inventory,,,,,URL only; full vehicle galleries recorded to avoid huge download,url_only
,https://images.dealersync.com/3067/Photos/1533833/20260708224344260_1783550623.jpg,https://www.carfam.com/pre-owned-cars/detail/2025-Honda-CR-V-Hybrid/1533833,inventory,,,,,URL only; full vehicle galleries recorded to avoid huge download,url_only
,https://images.dealersync.com/3067/Photos/1533833/20260708224351689_1783550631.jpg,https://www.carfam.com/pre-owned-cars/detail/2025-Honda-CR-V-Hybrid/1533833,inventory,,,,,URL only; full vehicle galleries recorded to avoid huge download,url_only
,https://images.dealersync.com/3067/Photos/1533833/20260708224358216_1783550637.jpg,https://www.carfam.com/pre-owned-cars/detail/2025-Honda-CR-V-Hybrid/1533833,inventory,,,,,URL only; full vehicle galleries recorded to avoid huge download,url_only
,https://images.dealersync.com/3067/Photos/1533833/20260708224416847_1783550656.jpg,https://www.carfam.com/pre-owned-cars/detail/2025-Honda-CR-V-Hybrid/1533833,inventory,,,,,URL only; full vehicle galleries recorded to avoid huge download,url_only
,https://images.dealersync.com/3067/Photos/1533833/20260708224422379_1783550662.jpg,https://www.carfam.com/pre-owned-cars/detail/2025-Honda-CR-V-Hybrid/1533833,inventory,,,,,URL only; full vehicle galleries recorded to avoid huge download,url_only
,https://images.dealersync.com/3067/Photos/1533833/20260708224429017_1783550668.jpg,https://www.carfam.com/pre-owned-cars/detail/2025-Honda-CR-V-Hybrid/1533833,inventory,,,,,URL only; full vehicle galleries recorded to avoid huge download,url_only
,https://images.dealersync.com/3067/Photos/1533833/20260708224451064_1783550690.jpg,https://www.carfam.com/pre-owned-cars/detail/2025-Honda-CR-V-Hybrid/1533833,inventory,,,,,URL only; full vehicle galleries recorded to avoid huge download,url_only
,https://images.dealersync.com/3067/Photos/1533833/20260708224500729_1783550700.jpg,https://www.carfam.com/pre-owned-cars/detail/2025-Honda-CR-V-Hybrid/1533833,inventory,,,,,URL only; full vehicle galleries recorded to avoid huge download,url_only
,https://images.dealersync.com/3067/Photos/1533833/20260708224759810_1783550879.jpg,https://www.carfam.com/pre-owned-cars/detail/2025-Honda-CR-V-Hybrid/1533833,inventory,,,,,URL only; full vehicle galleries recorded to avoid huge download,url_only
,https://images.dealersync.com/3067/Photos/1533833/20260708224825520_1783550905.jpg,https://www.carfam.com/pre-owned-cars/detail/2025-Honda-CR-V-Hybrid/1533833,inventory,,,,,URL only; full vehicle galleries recorded to avoid huge download,url_only
,https://images.dealersync.com/3067/Photos/1533833/20260708231438543_1783552477.jpg,https://www.carfam.com/pre-owned-cars/detail/2025-Honda-CR-V-Hybrid/1533833,inventory,,,,,URL only; full vehicle galleries recorded to avoid huge download,url_only
,https://images.dealersync.com/3067/Photos/1533833/20260708225408996_1783551248.jpg,https://www.carfam.com/pre-owned-cars/detail/2025-Honda-CR-V-Hybrid/1533833,inventory,,,,,URL only; full vehicle galleries recorded to avoid huge download,url_only
,https://images.dealersync.com/3067/Photos/1533833/20260708225417575_1783551256.jpg,https://www.carfam.com/pre-owned-cars/detail/2025-Honda-CR-V-Hybrid/1533833,inventory,,,,,URL only; full vehicle galleries recorded to avoid huge download,url_only
,https://images.dealersync.com/3067/Photos/1533833/20260708225344593_1783551224.jpg,https://www.carfam.com/pre-owned-cars/detail/2025-Honda-CR-V-Hybrid/1533833,inventory,,,,,URL only; full vehicle galleries recorded to avoid huge download,url_only
,https://images.dealersync.com/3067/Photos/1533833/20260708225353228_1783551232.jpg,https://www.carfam.com/pre-owned-cars/detail/2025-Honda-CR-V-Hybrid/1533833,inventory,,,,,URL only; full vehicle galleries recorded to avoid huge download,url_only
,https://images.dealersync.com/3067/Photos/1533833/20260708225016143_1783551015.jpg,https://www.carfam.com/pre-owned-cars/detail/2025-Honda-CR-V-Hybrid/1533833,inventory,,,,,URL only; full vehicle galleries recorded to avoid huge download,url_only
,https://images.dealersync.com/3067/Photos/1533833/20260723003136510_ds_generated_monroney_1533833.jpg,https://www.carfam.com/pre-owned-cars/detail/2025-Honda-CR-V-Hybrid/1533833,inventory,,,,,URL only; full vehicle galleries recorded to avoid huge download,url_only
,https://images.dealersync.com/3067/Photos/1534746/wm_99819a1a9741455db5b402465ce76bd6_1534746.jpg,https://www.carfam.com/pre-owned-cars/detail/2020-Chevrolet-Equinox/1534746,inventory,,,,,URL only; full vehicle galleries recorded to avoid huge download,url_only
,https://images.dealersync.com/3067/Photos/1534746/20260625220636182_1782425194.jpg,https://www.carfam.com/pre-owned-cars/detail/2020-Chevrolet-Equinox/1534746,inventory,,,,,URL only; full vehicle galleries recorded to avoid huge download,url_only
,https://images.dealersync.com/3067/Photos/1534746/20260625220715637_1782425234.jpg,https://www.carfam.com/pre-owned-cars/detail/2020-Chevrolet-Equinox/1534746,inventory,,,,,URL only; full vehicle galleries recorded to avoid huge download,url_only
,https://images.dealersync.com/3067/Photos/1534746/20260625220743561_1782425263.jpg,https://www.carfam.com/pre-owned-cars/detail/2020-Chevrolet-Equinox/1534746,inventory,,,,,URL only; full vehicle galleries recorded to avoid huge download,url_only
,https://images.dealersync.com/3067/Photos/1534746/20260625220804422_1782425283.jpg,https://www.carfam.com/pre-owned-cars/detail/2020-Chevrolet-Equinox/1534746,inventory,,,,,URL only; full vehicle galleries recorded to avoid huge download,url_only
,https://images.dealersync.com/3067/Photos/1534746/20260625220818149_1782425297.jpg,https://www.carfam.com/pre-owned-cars/detail/2020-Chevrolet-Equinox/1534746,inventory,,,,,URL only; full vehicle galleries recorded to avoid huge download,url_only
,https://images.dealersync.com/3067/Photos/1534746/20260625221511350_1782425710.jpg,https://www.carfam.com/pre-owned-cars/detail/2020-Chevrolet-Equinox/1534746,inventory,,,,,URL only; full vehicle galleries recorded to avoid huge download,url_only
,https://images.dealersync.com/3067/Photos/1534746/20260625221520786_1782425720.jpg,https://www.carfam.com/pre-owned-cars/detail/2020-Chevrolet-Equinox/1534746,inventory,,,,,URL only; full vehicle galleries recorded to avoid huge download,url_only
,https://images.dealersync.com/3067/Photos/1534746/20260625221533394_1782425733.jpg,https://www.carfam.com/pre-owned-cars/detail/2020-Chevrolet-Equinox/1534746,inventory,,,,,URL only; full vehicle galleries recorded to avoid huge download,url_only
,https://images.dealersync.com/3067/Photos/1534746/20260625221545531_1782425745.jpg,https://www.carfam.com/pre-owned-cars/detail/2020-Chevrolet-Equinox/1534746,inventory,,,,,URL only; full vehicle galleries recorded to avoid huge download,url_only
,https://images.dealersync.com/3067/Photos/1534746/20260625221601082_1782425760.jpg,https://www.carfam.com/pre-owned-cars/detail/2020-Chevrolet-Equinox/1534746,inventory,,,,,URL only; full vehicle galleries recorded to avoid huge download,url_only
,https://images.dealersync.com/3067/Photos/1534746/20260625221606105_1782425765.jpg,https://www.carfam.com/pre-owned-cars/detail/2020-Chevrolet-Equinox/1534746,inventory,,,,,URL only; full vehicle galleries recorded to avoid huge download,url_only
,https://images.dealersync.com/3067/Photos/1534746/20260625221623844_1782425782.jpg,https://www.carfam.com/pre-owned-cars/detail/2020-Chevrolet-Equinox/1534746,inventory,,,,,URL only; full vehicle galleries recorded to avoid huge download,url_only
,https://images.dealersync.com/3067/Photos/1534746/20260625221631244_1782425790.jpg,https://www.carfam.com/pre-owned-cars/detail/2020-Chevrolet-Equinox/1534746,inventory,,,,,URL only; full vehicle galleries recorded to avoid huge download,url_only
,https://images.dealersync.com/3067/Photos/1534746/20260625221639143_1782425798.jpg,https://www.carfam.com/pre-owned-cars/detail/2020-Chevrolet-Equinox/1534746,inventory,,,,,URL only; full vehicle galleries recorded to avoid huge download,url_only
,https://images.dealersync.com/3067/Photos/1534746/20260625221657050_1782425816.jpg,https://www.carfam.com/pre-owned-cars/detail/2020-Chevrolet-Equinox/1534746,inventory,,,,,URL only; full vehicle galleries recorded to avoid huge download,url_only
,https://images.dealersync.com/3067/Photos/1534746/20260625221708295_1782425827.jpg,https://www.carfam.com/pre-owned-cars/detail/2020-Chevrolet-Equinox/1534746,inventory,,,,,URL only; full vehicle galleries recorded to avoid huge download,url_only
,https://images.dealersync.com/3067/Photos/1534746/20260625221714017_1782425833.jpg,https://www.carfam.com/pre-owned-cars/detail/2020-Chevrolet-Equinox/1534746,inventory,,,,,URL only; full vehicle galleries recorded to avoid huge download,url_only
,https://images.dealersync.com/3067/Photos/1534746/20260625221733897_1782425853.jpg,https://www.carfam.com/pre-owned-cars/detail/2020-Chevrolet-Equinox/1534746,inventory,,,,,URL only; full vehicle galleries recorded to avoid huge download,url_only
,https://images.dealersync.com/3067/Photos/1534746/20260625221739391_1782425859.jpg,https://www.carfam.com/pre-owned-cars/detail/2020-Chevrolet-Equinox/1534746,inventory,,,,,URL only; full vehicle galleries recorded to avoid huge download,url_only
,https://images.dealersync.com/3067/Photos/1534746/20260625221824196_1782425903.jpg,https://www.carfam.com/pre-owned-cars/detail/2020-Chevrolet-Equinox/1534746,inventory,,,,,URL only; full vehicle galleries recorded to avoid huge download,url_only
,https://images.dealersync.com/3067/Photos/1534746/20260625221940722_1782425980.jpg,https://www.carfam.com/pre-owned-cars/detail/2020-Chevrolet-Equinox/1534746,inventory,,,,,URL only; full vehicle galleries recorded to avoid huge download,url_only
,https://images.dealersync.com/3067/Photos/1534746/20260625221946609_1782425986.jpg,https://www.carfam.com/pre-owned-cars/detail/2020-Chevrolet-Equinox/1534746,inventory,,,,,URL only; full vehicle galleries recorded to avoid huge download,url_only
,https://images.dealersync.com/3067/Photos/1534746/20260625222044826_1782426044.jpg,https://www.carfam.com/pre-owned-cars/detail/2020-Chevrolet-Equinox/1534746,inventory,,,,,URL only; full vehicle galleries recorded to avoid huge download,url_only
,https://images.dealersync.com/3067/Photos/1534746/20260625222006272_1782426006.jpg,https://www.carfam.com/pre-owned-cars/detail/2020-Chevrolet-Equinox/1534746,inventory,,,,,URL only; full vehicle galleries recorded to avoid huge download,url_only
,https://images.dealersync.com/3067/Photos/1534746/20260625222031990_1782426031.jpg,https://www.carfam.com/pre-owned-cars/detail/2020-Chevrolet-Equinox/1534746,inventory,,,,,URL only; full vehicle galleries recorded to avoid huge download,url_only
,https://images.dealersync.com/3067/Photos/1534746/20260625222017732_1782426017.jpg,https://www.carfam.com/pre-owned-cars/detail/2020-Chevrolet-Equinox/1534746,inventory,,,,,URL only; full vehicle galleries recorded to avoid huge download,url_only
,https://images.dealersync.com/3067/Photos/1535816/wm_67bc7474a6c847bcaf43259d48bf9211_1535816.jpg,https://www.carfam.com/pre-owned-cars/detail/2013-Lexus-RX-350/1535816,inventory,,,,,URL only; full vehicle galleries recorded to avoid huge download,url_only
,https://images.dealersync.com/3067/Photos/1535816/20260709003936369_1783557576.jpg,https://www.carfam.com/pre-owned-cars/detail/2013-Lexus-RX-350/1535816,inventory,,,,,URL only; full vehicle galleries recorded to avoid huge download,url_only
,https://images.dealersync.com/3067/Photos/1535816/20260709003948249_1783557588.jpg,https://www.carfam.com/pre-owned-cars/detail/2013-Lexus-RX-350/1535816,inventory,,,,,URL only; full vehicle galleries recorded to avoid huge download,url_only
,https://images.dealersync.com/3067/Photos/1535816/20260709003958127_1783557597.jpg,https://www.carfam.com/pre-owned-cars/detail/2013-Lexus-RX-350/1535816,inventory,,,,,URL only; full vehicle galleries recorded to avoid huge download,url_only
,https://images.dealersync.com/3067/Photos/1535816/20260709004035469_1783557634.jpg,https://www.carfam.com/pre-owned-cars/detail/2013-Lexus-RX-350/1535816,inventory,,,,,URL only; full vehicle galleries recorded to avoid huge download,url_only
,https://images.dealersync.com/3067/Photos/1535816/20260709004050416_1783557650.jpg,https://www.carfam.com/pre-owned-cars/detail/2013-Lexus-RX-350/1535816,inventory,,,,,URL only; full vehicle galleries recorded to avoid huge download,url_only
,https://images.dealersync.com/3067/Photos/1535816/20260709004104033_1783557663.jpg,https://www.carfam.com/pre-owned-cars/detail/2013-Lexus-RX-350/1535816,inventory,,,,,URL only; full vehicle galleries recorded to avoid huge download,url_only
,https://images.dealersync.com/3067/Photos/1535816/20260709004113302_1783557673.jpg,https://www.carfam.com/pre-owned-cars/detail/2013-Lexus-RX-350/1535816,inventory,,,,,URL only; full vehicle galleries recorded to avoid huge download,url_only
,https://images.dealersync.com/3067/Photos/1535816/20260709004125288_1783557685.jpg,https://www.carfam.com/pre-owned-cars/detail/2013-Lexus-RX-350/1535816,inventory,,,,,URL only; full vehicle galleries recorded to avoid huge download,url_only
,https://images.dealersync.com/3067/Photos/1535816/20260709004248682_1783557768.jpg,https://www.carfam.com/pre-owned-cars/detail/2013-Lexus-RX-350/1535816,inventory,,,,,URL only; full vehicle galleries recorded to avoid huge download,url_only
,https://images.dealersync.com/3067/Photos/1535816/20260709004303159_1783557782.jpg,https://www.carfam.com/pre-owned-cars/detail/2013-Lexus-RX-350/1535816,inventory,,,,,URL only; full vehicle galleries recorded to avoid huge download,url_only
,https://images.dealersync.com/3067/Photos/1535816/20260709004314436_1783557794.jpg,https://www.carfam.com/pre-owned-cars/detail/2013-Lexus-RX-350/1535816,inventory,,,,,URL only; full vehicle galleries recorded to avoid huge download,url_only
,https://images.dealersync.com/3067/Photos/1535816/20260709004326405_1783557805.jpg,https://www.carfam.com/pre-owned-cars/detail/2013-Lexus-RX-350/1535816,inventory,,,,,URL only; full vehicle galleries recorded to avoid huge download,url_only
,https://images.dealersync.com/3067/Photos/1535816/20260709004340589_1783557820.jpg,https://www.carfam.com/pre-owned-cars/detail/2013-Lexus-RX-350/1535816,inventory,,,,,URL only; full vehicle galleries recorded to avoid huge download,url_only
,https://images.dealersync.com/3067/Photos/1535816/20260709004345708_1783557825.jpg,https://www.carfam.com/pre-owned-cars/detail/2013-Lexus-RX-350/1535816,inventory,,,,,URL only; full vehicle galleries recorded to avoid huge download,url_only
,https://images.dealersync.com/3067/Photos/1535816/20260709004355619_1783557835.jpg,https://www.carfam.com/pre-owned-cars/detail/2013-Lexus-RX-350/1535816,inventory,,,,,URL only; full vehicle galleries recorded to avoid huge download,url_only
,https://images.dealersync.com/3067/Photos/1535816/20260709004400935_1783557840.jpg,https://www.carfam.com/pre-owned-cars/detail/2013-Lexus-RX-350/1535816,inventory,,,,,URL only; full vehicle galleries recorded to avoid huge download,url_only
,https://images.dealersync.com/3067/Photos/1535816/20260709004412570_1783557852.jpg,https://www.carfam.com/pre-owned-cars/detail/2013-Lexus-RX-350/1535816,inventory,,,,,URL only; full vehicle galleries recorded to avoid huge download,url_only
,https://images.dealersync.com/3067/Photos/1535816/20260709004431462_1783557871.jpg,https://www.carfam.com/pre-owned-cars/detail/2013-Lexus-RX-350/1535816,inventory,,,,,URL only; full vehicle galleries recorded to avoid huge download,url_only
,https://images.dealersync.com/3067/Photos/1535816/20260709004439108_1783557878.jpg,https://www.carfam.com/pre-owned-cars/detail/2013-Lexus-RX-350/1535816,inventory,,,,,URL only; full vehicle galleries recorded to avoid huge download,url_only
,https://images.dealersync.com/3067/Photos/1535816/20260709004452039_1783557891.jpg,https://www.carfam.com/pre-owned-cars/detail/2013-Lexus-RX-350/1535816,inventory,,,,,URL only; full vehicle galleries recorded to avoid huge download,url_only
,https://images.dealersync.com/3067/Photos/1535816/20260709004502801_1783557902.jpg,https://www.carfam.com/pre-owned-cars/detail/2013-Lexus-RX-350/1535816,inventory,,,,,URL only; full vehicle galleries recorded to avoid huge download,url_only
,https://images.dealersync.com/3067/Photos/1535816/20260709004514050_1783557913.jpg,https://www.carfam.com/pre-owned-cars/detail/2013-Lexus-RX-350/1535816,inventory,,,,,URL only; full vehicle galleries recorded to avoid huge download,url_only
,https://images.dealersync.com/3067/Photos/1535816/20260709004525930_1783557925.jpg,https://www.carfam.com/pre-owned-cars/detail/2013-Lexus-RX-350/1535816,inventory,,,,,URL only; full vehicle galleries recorded to avoid huge download,url_only
,https://images.dealersync.com/3067/Photos/1535816/20260709004747589_1783558067.jpg,https://www.carfam.com/pre-owned-cars/detail/2013-Lexus-RX-350/1535816,inventory,,,,,URL only; full vehicle galleries recorded to avoid huge download,url_only
,https://images.dealersync.com/3067/Photos/1535816/20260709004655264_1783558014.jpg,https://www.carfam.com/pre-owned-cars/detail/2013-Lexus-RX-350/1535816,inventory,,,,,URL only; full vehicle galleries recorded to avoid huge download,url_only
,https://images.dealersync.com/3067/Photos/1535816/20260709004709788_1783558029.jpg,https://www.carfam.com/pre-owned-cars/detail/2013-Lexus-RX-350/1535816,inventory,,,,,URL only; full vehicle galleries recorded to avoid huge download,url_only
,https://images.dealersync.com/3067/Photos/1535816/20260709004716526_1783558036.jpg,https://www.carfam.com/pre-owned-cars/detail/2013-Lexus-RX-350/1535816,inventory,,,,,URL only; full vehicle galleries recorded to avoid huge download,url_only
,https://images.dealersync.com/3067/Photos/1535816/20260709004724003_1783558043.jpg,https://www.carfam.com/pre-owned-cars/detail/2013-Lexus-RX-350/1535816,inventory,,,,,URL only; full vehicle galleries recorded to avoid huge download,url_only
,https://images.dealersync.com/3067/Photos/1535816/20260709004731677_1783558051.jpg,https://www.carfam.com/pre-owned-cars/detail/2013-Lexus-RX-350/1535816,inventory,,,,,URL only; full vehicle galleries recorded to avoid huge download,url_only
,https://images.dealersync.com/3067/Photos/1540740/20260716193320778_1784230400.jpg,https://www.carfam.com/pre-owned-cars/detail/2023-GMC-Sierra-1500/1540740,inventory,,,,,URL only; full vehicle galleries recorded to avoid huge download,url_only
,https://images.dealersync.com/3067/Photos/1540740/20260716193334476_1784230414.jpg,https://www.carfam.com/pre-owned-cars/detail/2023-GMC-Sierra-1500/1540740,inventory,,,,,URL only; full vehicle galleries recorded to avoid huge download,url_only
,https://images.dealersync.com/3067/Photos/1540740/20260716193344756_1784230424.jpg,https://www.carfam.com/pre-owned-cars/detail/2023-GMC-Sierra-1500/1540740,inventory,,,,,URL only; full vehicle galleries recorded to avoid huge download,url_only
,https://images.dealersync.com/3067/Photos/1540740/20260716193440901_1784230480.jpg,https://www.carfam.com/pre-owned-cars/detail/2023-GMC-Sierra-1500/1540740,inventory,,,,,URL only; full vehicle galleries recorded to avoid huge download,url_only
,https://images.dealersync.com/3067/Photos/1540740/20260716193455587_1784230495.jpg,https://www.carfam.com/pre-owned-cars/detail/2023-GMC-Sierra-1500/1540740,inventory,,,,,URL only; full vehicle galleries recorded to avoid huge download,url_only
,https://images.dealersync.com/3067/Photos/1540740/20260716193518043_1784230517.jpg,https://www.carfam.com/pre-owned-cars/detail/2023-GMC-Sierra-1500/1540740,inventory,,,,,URL only; full vehicle galleries recorded to avoid huge download,url_only
,https://images.dealersync.com/3067/Photos/1540740/20260716193534123_1784230533.jpg,https://www.carfam.com/pre-owned-cars/detail/2023-GMC-Sierra-1500/1540740,inventory,,,,,URL only; full vehicle galleries recorded to avoid huge download,url_only
,https://images.dealersync.com/3067/Photos/1540740/20260716193551562_1784230551.jpg,https://www.carfam.com/pre-owned-cars/detail/2023-GMC-Sierra-1500/1540740,inventory,,,,,URL only; full vehicle galleries recorded to avoid huge download,url_only
,https://images.dealersync.com/3067/Photos/1540740/20260716193619334_1784230579.jpg,https://www.carfam.com/pre-owned-cars/detail/2023-GMC-Sierra-1500/1540740,inventory,,,,,URL only; full vehicle galleries recorded to avoid huge download,url_only
,https://images.dealersync.com/3067/Photos/1540740/20260716193624766_1784230584.jpg,https://www.carfam.com/pre-owned-cars/detail/2023-GMC-Sierra-1500/1540740,inventory,,,,,URL only; full vehicle galleries recorded to avoid huge download,url_only
,https://images.dealersync.com/3067/Photos/1540740/20260716193637673_1784230597.jpg,https://www.carfam.com/pre-owned-cars/detail/2023-GMC-Sierra-1500/1540740,inventory,,,,,URL only; full vehicle galleries recorded to avoid huge download,url_only
,https://images.dealersync.com/3067/Photos/1540740/20260716193649953_1784230609.jpg,https://www.carfam.com/pre-owned-cars/detail/2023-GMC-Sierra-1500/1540740,inventory,,,,,URL only; full vehicle galleries recorded to avoid huge download,url_only
,https://images.dealersync.com/3067/Photos/1540740/20260716193722926_1784230642.jpg,https://www.carfam.com/pre-owned-cars/detail/2023-GMC-Sierra-1500/1540740,inventory,,,,,URL only; full vehicle galleries recorded to avoid huge download,url_only
,https://images.dealersync.com/3067/Photos/1540740/20260716193747013_1784230666.jpg,https://www.carfam.com/pre-owned-cars/detail/2023-GMC-Sierra-1500/1540740,inventory,,,,,URL only; full vehicle galleries recorded to avoid huge download,url_only
,https://images.dealersync.com/3067/Photos/1540740/20260716193754013_1784230673.jpg,https://www.carfam.com/pre-owned-cars/detail/2023-GMC-Sierra-1500/1540740,inventory,,,,,URL only; full vehicle galleries recorded to avoid huge download,url_only
,https://images.dealersync.com/3067/Photos/1540740/20260716193759765_1784230679.jpg,https://www.carfam.com/pre-owned-cars/detail/2023-GMC-Sierra-1500/1540740,inventory,,,,,URL only; full vehicle galleries recorded to avoid huge download,url_only
,https://images.dealersync.com/3067/Photos/1540740/20260716193810448_1784230690.jpg,https://www.carfam.com/pre-owned-cars/detail/2023-GMC-Sierra-1500/1540740,inventory,,,,,URL only; full vehicle galleries recorded to avoid huge download,url_only
,https://images.dealersync.com/3067/Photos/1540740/20260716193818614_1784230698.jpg,https://www.carfam.com/pre-owned-cars/detail/2023-GMC-Sierra-1500/1540740,inventory,,,,,URL only; full vehicle galleries recorded to avoid huge download,url_only
,https://images.dealersync.com/3067/Photos/1540740/20260716193824827_1784230704.jpg,https://www.carfam.com/pre-owned-cars/detail/2023-GMC-Sierra-1500/1540740,inventory,,,,,URL only; full vehicle galleries recorded to avoid huge download,url_only
,https://images.dealersync.com/3067/Photos/1540740/20260716193832186_1784230711.jpg,https://www.carfam.com/pre-owned-cars/detail/2023-GMC-Sierra-1500/1540740,inventory,,,,,URL only; full vehicle galleries recorded to avoid huge download,url_only
,https://images.dealersync.com/3067/Photos/1540740/20260716193853202_1784230732.jpg,https://www.carfam.com/pre-owned-cars/detail/2023-GMC-Sierra-1500/1540740,inventory,,,,,URL only; full vehicle galleries recorded to avoid huge download,url_only
,https://images.dealersync.com/3067/Photos/1540740/20260716193905370_1784230745.jpg,https://www.carfam.com/pre-owned-cars/detail/2023-GMC-Sierra-1500/1540740,inventory,,,,,URL only; full vehicle galleries recorded to avoid huge download,url_only
,https://images.dealersync.com/3067/Photos/1541225/wm_cad813bc0ca74fbd98eb748d1a1cc4f0_1541225.jpg,https://www.carfam.com/pre-owned-cars/detail/2021-Chevrolet-Spark/1541225,inventory,,,,,URL only; full vehicle galleries recorded to avoid huge download,url_only
,https://images.dealersync.com/3067/Photos/1541225/20260708004236007_1783471355.jpg,https://www.carfam.com/pre-owned-cars/detail/2021-Chevrolet-Spark/1541225,inventory,,,,,URL only; full vehicle galleries recorded to avoid huge download,url_only
,https://images.dealersync.com/3067/Photos/1541225/20260708004251097_1783471370.jpg,https://www.carfam.com/pre-owned-cars/detail/2021-Chevrolet-Spark/1541225,inventory,,,,,URL only; full vehicle galleries recorded to avoid huge download,url_only
,https://images.dealersync.com/3067/Photos/1541225/20260708004302172_1783471381.jpg,https://www.carfam.com/pre-owned-cars/detail/2021-Chevrolet-Spark/1541225,inventory,,,,,URL only; full vehicle galleries recorded to avoid huge download,url_only
,https://images.dealersync.com/3067/Photos/1541225/20260708004315790_1783471395.jpg,https://www.carfam.com/pre-owned-cars/detail/2021-Chevrolet-Spark/1541225,inventory,,,,,URL only; full vehicle galleries recorded to avoid huge download,url_only
,https://images.dealersync.com/3067/Photos/1541225/20260708004328919_1783471408.jpg,https://www.carfam.com/pre-owned-cars/detail/2021-Chevrolet-Spark/1541225,inventory,,,,,URL only; full vehicle galleries recorded to avoid huge download,url_only
,https://images.dealersync.com/3067/Photos/1541225/20260708004341653_1783471421.jpg,https://www.carfam.com/pre-owned-cars/detail/2021-Chevrolet-Spark/1541225,inventory,,,,,URL only; full vehicle galleries recorded to avoid huge download,url_only
,https://images.dealersync.com/3067/Photos/1541225/20260708004350626_1783471430.jpg,https://www.carfam.com/pre-owned-cars/detail/2021-Chevrolet-Spark/1541225,inventory,,,,,URL only; full vehicle galleries recorded to avoid huge download,url_only
,https://images.dealersync.com/3067/Photos/1541225/20260708004402496_1783471442.jpg,https://www.carfam.com/pre-owned-cars/detail/2021-Chevrolet-Spark/1541225,inventory,,,,,URL only; full vehicle galleries recorded to avoid huge download,url_only
,https://images.dealersync.com/3067/Photos/1541225/20260708004420776_1783471460.jpg,https://www.carfam.com/pre-owned-cars/detail/2021-Chevrolet-Spark/1541225,inventory,,,,,URL only; full vehicle galleries recorded to avoid huge download,url_only
,https://images.dealersync.com/3067/Photos/1541225/20260708004432973_1783471472.jpg,https://www.carfam.com/pre-owned-cars/detail/2021-Chevrolet-Spark/1541225,inventory,,,,,URL only; full vehicle galleries recorded to avoid huge download,url_only
,https://images.dealersync.com/3067/Photos/1541225/20260708004442842_1783471482.jpg,https://www.carfam.com/pre-owned-cars/detail/2021-Chevrolet-Spark/1541225,inventory,,,,,URL only; full vehicle galleries recorded to avoid huge download,url_only
,https://images.dealersync.com/3067/Photos/1541225/20260708004458783_1783471498.jpg,https://www.carfam.com/pre-owned-cars/detail/2021-Chevrolet-Spark/1541225,inventory,,,,,URL only; full vehicle galleries recorded to avoid huge download,url_only
,https://images.dealersync.com/3067/Photos/1541225/20260708004508014_1783471507.jpg,https://www.carfam.com/pre-owned-cars/detail/2021-Chevrolet-Spark/1541225,inventory,,,,,URL only; full vehicle galleries recorded to avoid huge download,url_only
,https://images.dealersync.com/3067/Photos/1541225/20260708004517645_1783471517.jpg,https://www.carfam.com/pre-owned-cars/detail/2021-Chevrolet-Spark/1541225,inventory,,,,,URL only; full vehicle galleries recorded to avoid huge download,url_only
,https://images.dealersync.com/3067/Photos/1541225/20260708004620588_1783471579.jpg,https://www.carfam.com/pre-owned-cars/detail/2021-Chevrolet-Spark/1541225,inventory,,,,,URL only; full vehicle galleries recorded to avoid huge download,url_only
,https://images.dealersync.com/3067/Photos/1541225/20260708004639890_1783471599.jpg,https://www.carfam.com/pre-owned-cars/detail/2021-Chevrolet-Spark/1541225,inventory,,,,,URL only; full vehicle galleries recorded to avoid huge download,url_only
,https://images.dealersync.com/3067/Photos/1541225/20260708004647555_1783471607.jpg,https://www.carfam.com/pre-owned-cars/detail/2021-Chevrolet-Spark/1541225,inventory,,,,,URL only; full vehicle galleries recorded to avoid huge download,url_only
,https://images.dealersync.com/3067/Photos/1541225/20260708004656957_1783471616.jpg,https://www.carfam.com/pre-owned-cars/detail/2021-Chevrolet-Spark/1541225,inventory,,,,,URL only; full vehicle galleries recorded to avoid huge download,url_only
,https://images.dealersync.com/3067/Photos/1541225/20260708004720623_1783471640.jpg,https://www.carfam.com/pre-owned-cars/detail/2021-Chevrolet-Spark/1541225,inventory,,,,,URL only; full vehicle galleries recorded to avoid huge download,url_only
,https://images.dealersync.com/3067/Photos/1541225/20260708004732731_1783471652.jpg,https://www.carfam.com/pre-owned-cars/detail/2021-Chevrolet-Spark/1541225,inventory,,,,,URL only; full vehicle galleries recorded to avoid huge download,url_only
,https://images.dealersync.com/3067/Photos/1541225/20260708004739438_1783471659.jpg,https://www.carfam.com/pre-owned-cars/detail/2021-Chevrolet-Spark/1541225,inventory,,,,,URL only; full vehicle galleries recorded to avoid huge download,url_only
,https://images.dealersync.com/3067/Photos/1541225/20260708004821908_1783471701.jpg,https://www.carfam.com/pre-owned-cars/detail/2021-Chevrolet-Spark/1541225,inventory,,,,,URL only; full vehicle galleries recorded to avoid huge download,url_only
,https://images.dealersync.com/3067/Photos/1541225/20260708004749350_1783471669.jpg,https://www.carfam.com/pre-owned-cars/detail/2021-Chevrolet-Spark/1541225,inventory,,,,,URL only; full vehicle galleries recorded to avoid huge download,url_only
,https://images.dealersync.com/3067/Photos/1541225/20260708004755781_1783471675.jpg,https://www.carfam.com/pre-owned-cars/detail/2021-Chevrolet-Spark/1541225,inventory,,,,,URL only; full vehicle galleries recorded to avoid huge download,url_only
,https://images.dealersync.com/3067/Photos/1541225/20260708004803058_1783471682.jpg,https://www.carfam.com/pre-owned-cars/detail/2021-Chevrolet-Spark/1541225,inventory,,,,,URL only; full vehicle galleries recorded to avoid huge download,url_only
,https://images.dealersync.com/3067/Photos/1541225/20260708004811572_1783471691.jpg,https://www.carfam.com/pre-owned-cars/detail/2021-Chevrolet-Spark/1541225,inventory,,,,,URL only; full vehicle galleries recorded to avoid huge download,url_only
,https://images.dealersync.com/3067/Photos/1545134/wm_c71c117ab35b4889b2633b804bb04f51_1545134.jpg,https://www.carfam.com/pre-owned-cars/detail/2017-INFINITI-Q50/1545134,inventory,,,,,URL only; full vehicle galleries recorded to avoid huge download,url_only
,https://images.dealersync.com/3067/Photos/1545134/20260710185610792_1783709770.jpg,https://www.carfam.com/pre-owned-cars/detail/2017-INFINITI-Q50/1545134,inventory,,,,,URL only; full vehicle galleries recorded to avoid huge download,url_only
,https://images.dealersync.com/3067/Photos/1545134/20260710185646003_1783709805.jpg,https://www.carfam.com/pre-owned-cars/detail/2017-INFINITI-Q50/1545134,inventory,,,,,URL only; full vehicle galleries recorded to avoid huge download,url_only
,https://images.dealersync.com/3067/Photos/1545134/20260710185734835_1783709854.jpg,https://www.carfam.com/pre-owned-cars/detail/2017-INFINITI-Q50/1545134,inventory,,,,,URL only; full vehicle galleries recorded to avoid huge download,url_only
,https://images.dealersync.com/3067/Photos/1545134/20260710185745412_1783709864.jpg,https://www.carfam.com/pre-owned-cars/detail/2017-INFINITI-Q50/1545134,inventory,,,,,URL only; full vehicle galleries recorded to avoid huge download,url_only
,https://images.dealersync.com/3067/Photos/1545134/20260710185756753_1783709876.jpg,https://www.carfam.com/pre-owned-cars/detail/2017-INFINITI-Q50/1545134,inventory,,,,,URL only; full vehicle galleries recorded to avoid huge download,url_only
,https://images.dealersync.com/3067/Photos/1545134/20260710185811627_1783709891.jpg,https://www.carfam.com/pre-owned-cars/detail/2017-INFINITI-Q50/1545134,inventory,,,,,URL only; full vehicle galleries recorded to avoid huge download,url_only
,https://images.dealersync.com/3067/Photos/1545134/20260710185820878_1783709900.jpg,https://www.carfam.com/pre-owned-cars/detail/2017-INFINITI-Q50/1545134,inventory,,,,,URL only; full vehicle galleries recorded to avoid huge download,url_only
,https://images.dealersync.com/3067/Photos/1545134/20260710185834833_1783709914.jpg,https://www.carfam.com/pre-owned-cars/detail/2017-INFINITI-Q50/1545134,inventory,,,,,URL only; full vehicle galleries recorded to avoid huge download,url_only
,https://images.dealersync.com/3067/Photos/1545134/20260710185859437_1783709938.jpg,https://www.carfam.com/pre-owned-cars/detail/2017-INFINITI-Q50/1545134,inventory,,,,,URL only; full vehicle galleries recorded to avoid huge download,url_only
,https://images.dealersync.com/3067/Photos/1545134/20260710185915621_1783709955.jpg,https://www.carfam.com/pre-owned-cars/detail/2017-INFINITI-Q50/1545134,inventory,,,,,URL only; full vehicle galleries recorded to avoid huge download,url_only
,https://images.dealersync.com/3067/Photos/1545134/20260710185922217_1783709961.jpg,https://www.carfam.com/pre-owned-cars/detail/2017-INFINITI-Q50/1545134,inventory,,,,,URL only; full vehicle galleries recorded to avoid huge download,url_only
,https://images.dealersync.com/3067/Photos/1545134/20260710185939205_1783709978.jpg,https://www.carfam.com/pre-owned-cars/detail/2017-INFINITI-Q50/1545134,inventory,,,,,URL only; full vehicle galleries recorded to avoid huge download,url_only
,https://images.dealersync.com/3067/Photos/1545134/20260710185948668_1783709988.jpg,https://www.carfam.com/pre-owned-cars/detail/2017-INFINITI-Q50/1545134,inventory,,,,,URL only; full vehicle galleries recorded to avoid huge download,url_only
,https://images.dealersync.com/3067/Photos/1545134/20260710185953980_1783709993.jpg,https://www.carfam.com/pre-owned-cars/detail/2017-INFINITI-Q50/1545134,inventory,,,,,URL only; full vehicle galleries recorded to avoid huge download,url_only
,https://images.dealersync.com/3067/Photos/1545134/20260710190017987_1783710017.jpg,https://www.carfam.com/pre-owned-cars/detail/2017-INFINITI-Q50/1545134,inventory,,,,,URL only; full vehicle galleries recorded to avoid huge download,url_only
,https://images.dealersync.com/3067/Photos/1545134/20260710190023178_1783710022.jpg,https://www.carfam.com/pre-owned-cars/detail/2017-INFINITI-Q50/1545134,inventory,,,,,URL only; full vehicle galleries recorded to avoid huge download,url_only
,https://images.dealersync.com/3067/Photos/1545134/20260710190029847_1783710029.jpg,https://www.carfam.com/pre-owned-cars/detail/2017-INFINITI-Q50/1545134,inventory,,,,,URL only; full vehicle galleries recorded to avoid huge download,url_only
,https://images.dealersync.com/3067/Photos/1545134/20260710190058279_1783710058.jpg,https://www.carfam.com/pre-owned-cars/detail/2017-INFINITI-Q50/1545134,inventory,,,,,URL only; full vehicle galleries recorded to avoid huge download,url_only
,https://images.dealersync.com/3067/Photos/1545134/20260710190104529_1783710064.jpg,https://www.carfam.com/pre-owned-cars/detail/2017-INFINITI-Q50/1545134,inventory,,,,,URL only; full vehicle galleries recorded to avoid huge download,url_only
,https://images.dealersync.com/3067/Photos/1545134/20260710190113270_1783710072.jpg,https://www.carfam.com/pre-owned-cars/detail/2017-INFINITI-Q50/1545134,inventory,,,,,URL only; full vehicle galleries recorded to avoid huge download,url_only
,https://images.dealersync.com/3067/Photos/1545134/20260710190140506_1783710100.jpg,https://www.carfam.com/pre-owned-cars/detail/2017-INFINITI-Q50/1545134,inventory,,,,,URL only; full vehicle galleries recorded to avoid huge download,url_only
,https://images.dealersync.com/3067/Photos/1545134/20260710190158227_1783710117.jpg,https://www.carfam.com/pre-owned-cars/detail/2017-INFINITI-Q50/1545134,inventory,,,,,URL only; full vehicle galleries recorded to avoid huge download,url_only
,https://images.dealersync.com/3067/Photos/1545134/20260710190256813_1783710176.jpg,https://www.carfam.com/pre-owned-cars/detail/2017-INFINITI-Q50/1545134,inventory,,,,,URL only; full vehicle galleries recorded to avoid huge download,url_only
,https://images.dealersync.com/3067/Photos/1545134/20260710190417956_1783710257.jpg,https://www.carfam.com/pre-owned-cars/detail/2017-INFINITI-Q50/1545134,inventory,,,,,URL only; full vehicle galleries recorded to avoid huge download,url_only
,https://images.dealersync.com/3067/Photos/1545134/20260710190326113_1783710205.jpg,https://www.carfam.com/pre-owned-cars/detail/2017-INFINITI-Q50/1545134,inventory,,,,,URL only; full vehicle galleries recorded to avoid huge download,url_only
,https://images.dealersync.com/3067/Photos/1545134/20260710190335711_1783710215.jpg,https://www.carfam.com/pre-owned-cars/detail/2017-INFINITI-Q50/1545134,inventory,,,,,URL only; full vehicle galleries recorded to avoid huge download,url_only
,https://images.dealersync.com/3067/Photos/1545134/20260710190343806_1783710223.jpg,https://www.carfam.com/pre-owned-cars/detail/2017-INFINITI-Q50/1545134,inventory,,,,,URL only; full vehicle galleries recorded to avoid huge download,url_only
,https://images.dealersync.com/3067/Photos/1545134/20260710190352247_1783710231.jpg,https://www.carfam.com/pre-owned-cars/detail/2017-INFINITI-Q50/1545134,inventory,,,,,URL only; full vehicle galleries recorded to avoid huge download,url_only
,https://images.dealersync.com/3067/Photos/1545134/20260710190403197_1783710242.jpg,https://www.carfam.com/pre-owned-cars/detail/2017-INFINITI-Q50/1545134,inventory,,,,,URL only; full vehicle galleries recorded to avoid huge download,url_only
,https://images.dealersync.com/3067/Photos/1545135/wm_3c728c9cce1041ca94cb1940e07d83cc_1545135.jpg,https://www.carfam.com/pre-owned-cars/detail/2018-Tesla-Model-3/1545135,inventory,,,,,URL only; full vehicle galleries recorded to avoid huge download,url_only
,https://images.dealersync.com/3067/Photos/1545135/20260713213039107_1783978238.jpg,https://www.carfam.com/pre-owned-cars/detail/2018-Tesla-Model-3/1545135,inventory,,,,,URL only; full vehicle galleries recorded to avoid huge download,url_only
,https://images.dealersync.com/3067/Photos/1545135/20260713213053556_1783978253.jpg,https://www.carfam.com/pre-owned-cars/detail/2018-Tesla-Model-3/1545135,inventory,,,,,URL only; full vehicle galleries recorded to avoid huge download,url_only
,https://images.dealersync.com/3067/Photos/1545135/20260713213102279_1783978261.jpg,https://www.carfam.com/pre-owned-cars/detail/2018-Tesla-Model-3/1545135,inventory,,,,,URL only; full vehicle galleries recorded to avoid huge download,url_only
,https://images.dealersync.com/3067/Photos/1545135/20260713213110988_1783978270.jpg,https://www.carfam.com/pre-owned-cars/detail/2018-Tesla-Model-3/1545135,inventory,,,,,URL only; full vehicle galleries recorded to avoid huge download,url_only
,https://images.dealersync.com/3067/Photos/1545135/20260713213130388_1783978289.jpg,https://www.carfam.com/pre-owned-cars/detail/2018-Tesla-Model-3/1545135,inventory,,,,,URL only; full vehicle galleries recorded to avoid huge download,url_only
,https://images.dealersync.com/3067/Photos/1545135/20260713213147311_1783978306.jpg,https://www.carfam.com/pre-owned-cars/detail/2018-Tesla-Model-3/1545135,inventory,,,,,URL only; full vehicle galleries recorded to avoid huge download,url_only
,https://images.dealersync.com/3067/Photos/1545135/20260713213209080_1783978328.jpg,https://www.carfam.com/pre-owned-cars/detail/2018-Tesla-Model-3/1545135,inventory,,,,,URL only; full vehicle galleries recorded to avoid huge download,url_only
,https://images.dealersync.com/3067/Photos/1545135/20260713213222551_1783978342.jpg,https://www.carfam.com/pre-owned-cars/detail/2018-Tesla-Model-3/1545135,inventory,,,,,URL only; full vehicle galleries recorded to avoid huge download,url_only
,https://images.dealersync.com/3067/Photos/1545135/20260713213238163_1783978357.jpg,https://www.carfam.com/pre-owned-cars/detail/2018-Tesla-Model-3/1545135,inventory,,,,,URL only; full vehicle galleries recorded to avoid huge download,url_only
,https://images.dealersync.com/3067/Photos/1545135/20260713213259869_1783978379.jpg,https://www.carfam.com/pre-owned-cars/detail/2018-Tesla-Model-3/1545135,inventory,,,,,URL only; full vehicle galleries recorded to avoid huge download,url_only
,https://images.dealersync.com/3067/Photos/1545135/20260713213306366_1783978386.jpg,https://www.carfam.com/pre-owned-cars/detail/2018-Tesla-Model-3/1545135,inventory,,,,,URL only; full vehicle galleries recorded to avoid huge download,url_only
,https://images.dealersync.com/3067/Photos/1545135/20260713213327029_1783978406.jpg,https://www.carfam.com/pre-owned-cars/detail/2018-Tesla-Model-3/1545135,inventory,,,,,URL only; full vehicle galleries recorded to avoid huge download,url_only
,https://images.dealersync.com/3067/Photos/1545135/20260713213333812_1783978413.jpg,https://www.carfam.com/pre-owned-cars/detail/2018-Tesla-Model-3/1545135,inventory,,,,,URL only; full vehicle galleries recorded to avoid huge download,url_only
,https://images.dealersync.com/3067/Photos/1545135/20260713213417384_1783978457.jpg,https://www.carfam.com/pre-owned-cars/detail/2018-Tesla-Model-3/1545135,inventory,,,,,URL only; full vehicle galleries recorded to avoid huge download,url_only
,https://images.dealersync.com/3067/Photos/1545135/20260713213433325_1783978472.jpg,https://www.carfam.com/pre-owned-cars/detail/2018-Tesla-Model-3/1545135,inventory,,,,,URL only; full vehicle galleries recorded to avoid huge download,url_only
,https://images.dealersync.com/3067/Photos/1545135/20260713213439399_1783978478.jpg,https://www.carfam.com/pre-owned-cars/detail/2018-Tesla-Model-3/1545135,inventory,,,,,URL only; full vehicle galleries recorded to avoid huge download,url_only
,https://images.dealersync.com/3067/Photos/1545135/20260713213510479_1783978510.jpg,https://www.carfam.com/pre-owned-cars/detail/2018-Tesla-Model-3/1545135,inventory,,,,,URL only; full vehicle galleries recorded to avoid huge download,url_only
,https://images.dealersync.com/3067/Photos/1545135/20260713213516887_1783978516.jpg,https://www.carfam.com/pre-owned-cars/detail/2018-Tesla-Model-3/1545135,inventory,,,,,URL only; full vehicle galleries recorded to avoid huge download,url_only
,https://images.dealersync.com/3067/Photos/1545135/20260713213806336_1783978685.jpg,https://www.carfam.com/pre-owned-cars/detail/2018-Tesla-Model-3/1545135,inventory,,,,,URL only; full vehicle galleries recorded to avoid huge download,url_only
,https://images.dealersync.com/3067/Photos/1545135/20260713213819106_1783978695.jpg,https://www.carfam.com/pre-owned-cars/detail/2018-Tesla-Model-3/1545135,inventory,,,,,URL only; full vehicle galleries recorded to avoid huge download,url_only
,https://images.dealersync.com/3067/Photos/1545135/20260713213945775_1783978785.jpg,https://www.carfam.com/pre-owned-cars/detail/2018-Tesla-Model-3/1545135,inventory,,,,,URL only; full vehicle galleries recorded to avoid huge download,url_only
,https://images.dealersync.com/3067/Photos/1545135/20260713213830681_1783978709.jpg,https://www.carfam.com/pre-owned-cars/detail/2018-Tesla-Model-3/1545135,inventory,,,,,URL only; full vehicle galleries recorded to avoid huge download,url_only
,https://images.dealersync.com/3067/Photos/1545135/20260713213848065_1783978726.jpg,https://www.carfam.com/pre-owned-cars/detail/2018-Tesla-Model-3/1545135,inventory,,,,,URL only; full vehicle galleries recorded to avoid huge download,url_only
,https://images.dealersync.com/3067/Photos/1545135/20260713213854953_1783978734.jpg,https://www.carfam.com/pre-owned-cars/detail/2018-Tesla-Model-3/1545135,inventory,,,,,URL only; full vehicle galleries recorded to avoid huge download,url_only
,https://images.dealersync.com/3067/Photos/1546138/wm_157eadf5734c48268219a9d5f3ea4b0a_1546138.jpg,https://www.carfam.com/pre-owned-cars/detail/2019-Ram-1500/1546138,inventory,,,,,URL only; full vehicle galleries recorded to avoid huge download,url_only
,https://images.dealersync.com/3067/Photos/1546138/20260718000701902_1784333221.jpg,https://www.carfam.com/pre-owned-cars/detail/2019-Ram-1500/1546138,inventory,,,,,URL only; full vehicle galleries recorded to avoid huge download,url_only
,https://images.dealersync.com/3067/Photos/1546138/20260718000717513_1784333237.jpg,https://www.carfam.com/pre-owned-cars/detail/2019-Ram-1500/1546138,inventory,,,,,URL only; full vehicle galleries recorded to avoid huge download,url_only
,https://images.dealersync.com/3067/Photos/1546138/20260718000752721_1784333272.jpg,https://www.carfam.com/pre-owned-cars/detail/2019-Ram-1500/1546138,inventory,,,,,URL only; full vehicle galleries recorded to avoid huge download,url_only
,https://images.dealersync.com/3067/Photos/1546138/20260718000811994_1784333291.jpg,https://www.carfam.com/pre-owned-cars/detail/2019-Ram-1500/1546138,inventory,,,,,URL only; full vehicle galleries recorded to avoid huge download,url_only
,https://images.dealersync.com/3067/Photos/1546138/20260718000818279_1784333297.jpg,https://www.carfam.com/pre-owned-cars/detail/2019-Ram-1500/1546138,inventory,,,,,URL only; full vehicle galleries recorded to avoid huge download,url_only
,https://images.dealersync.com/3067/Photos/1546138/20260718000838339_1784333317.jpg,https://www.carfam.com/pre-owned-cars/detail/2019-Ram-1500/1546138,inventory,,,,,URL only; full vehicle galleries recorded to avoid huge download,url_only
,https://images.dealersync.com/3067/Photos/1546138/20260718000843853_1784333323.jpg,https://www.carfam.com/pre-owned-cars/detail/2019-Ram-1500/1546138,inventory,,,,,URL only; full vehicle galleries recorded to avoid huge download,url_only
,https://images.dealersync.com/3067/Photos/1546138/20260718000852700_1784333332.jpg,https://www.carfam.com/pre-owned-cars/detail/2019-Ram-1500/1546138,inventory,,,,,URL only; full vehicle galleries recorded to avoid huge download,url_only
,https://images.dealersync.com/3067/Photos/1546138/20260718000907986_1784333347.jpg,https://www.carfam.com/pre-owned-cars/detail/2019-Ram-1500/1546138,inventory,,,,,URL only; full vehicle galleries recorded to avoid huge download,url_only
,https://images.dealersync.com/3067/Photos/1546138/20260718000919066_1784333358.jpg,https://www.carfam.com/pre-owned-cars/detail/2019-Ram-1500/1546138,inventory,,,,,URL only; full vehicle galleries recorded to avoid huge download,url_only
,https://images.dealersync.com/3067/Photos/1546138/20260718000925371_1784333365.jpg,https://www.carfam.com/pre-owned-cars/detail/2019-Ram-1500/1546138,inventory,,,,,URL only; full vehicle galleries recorded to avoid huge download,url_only
,https://images.dealersync.com/3067/Photos/1546138/20260718000946173_1784333385.jpg,https://www.carfam.com/pre-owned-cars/detail/2019-Ram-1500/1546138,inventory,,,,,URL only; full vehicle galleries recorded to avoid huge download,url_only
,https://images.dealersync.com/3067/Photos/1546138/20260718000951313_1784333391.jpg,https://www.carfam.com/pre-owned-cars/detail/2019-Ram-1500/1546138,inventory,,,,,URL only; full vehicle galleries recorded to avoid huge download,url_only
,https://images.dealersync.com/3067/Photos/1546138/20260718001019875_1784333419.jpg,https://www.carfam.com/pre-owned-cars/detail/2019-Ram-1500/1546138,inventory,,,,,URL only; full vehicle galleries recorded to avoid huge download,url_only
,https://images.dealersync.com/3067/Photos/1546138/20260718001028465_1784333428.jpg,https://www.carfam.com/pre-owned-cars/detail/2019-Ram-1500/1546138,inventory,,,,,URL only; full vehicle galleries recorded to avoid huge download,url_only
,https://images.dealersync.com/3067/Photos/1546138/20260718001040420_1784333440.jpg,https://www.carfam.com/pre-owned-cars/detail/2019-Ram-1500/1546138,inventory,,,,,URL only; full vehicle galleries recorded to avoid huge download,url_only
,https://images.dealersync.com/3067/Photos/1546138/20260718001057465_1784333457.jpg,https://www.carfam.com/pre-owned-cars/detail/2019-Ram-1500/1546138,inventory,,,,,URL only; full vehicle galleries recorded to avoid huge download,url_only
,https://images.dealersync.com/3067/Photos/1546138/20260718001106341_1784333465.jpg,https://www.carfam.com/pre-owned-cars/detail/2019-Ram-1500/1546138,inventory,,,,,URL only; full vehicle galleries recorded to avoid huge download,url_only
,https://images.dealersync.com/3067/Photos/1546138/20260718001138826_1784333498.jpg,https://www.carfam.com/pre-owned-cars/detail/2019-Ram-1500/1546138,inventory,,,,,URL only; full vehicle galleries recorded to avoid huge download,url_only
,https://images.dealersync.com/3067/Photos/1546138/20260718001115355_1784333475.jpg,https://www.carfam.com/pre-owned-cars/detail/2019-Ram-1500/1546138,inventory,,,,,URL only; full vehicle galleries recorded to avoid huge download,url_only
,https://images.dealersync.com/3067/Photos/1546138/20260718001121052_1784333480.jpg,https://www.carfam.com/pre-owned-cars/detail/2019-Ram-1500/1546138,inventory,,,,,URL only; full vehicle galleries recorded to avoid huge download,url_only
,https://images.dealersync.com/3067/Photos/1546138/20260718001126565_1784333486.jpg,https://www.carfam.com/pre-owned-cars/detail/2019-Ram-1500/1546138,inventory,,,,,URL only; full vehicle galleries recorded to avoid huge download,url_only
,https://images.dealersync.com/3067/Photos/1546138/20260718001006493_1784333406.jpg,https://www.carfam.com/pre-owned-cars/detail/2019-Ram-1500/1546138,inventory,,,,,URL only; full vehicle galleries recorded to avoid huge download,url_only
,https://images.dealersync.com/3067/Photos/1549124/wm_8c4277687940496097f749028e67ef2b_1549124.jpg,https://www.carfam.com/pre-owned-cars/detail/2005-Toyota-Sienna/1549124,inventory,,,,,URL only; full vehicle galleries recorded to avoid huge download,url_only
,https://images.dealersync.com/3067/Photos/1549124/20260721220832085_1784671711.jpg,https://www.carfam.com/pre-owned-cars/detail/2005-Toyota-Sienna/1549124,inventory,,,,,URL only; full vehicle galleries recorded to avoid huge download,url_only
,https://images.dealersync.com/3067/Photos/1549124/20260721220852799_1784671732.jpg,https://www.carfam.com/pre-owned-cars/detail/2005-Toyota-Sienna/1549124,inventory,,,,,URL only; full vehicle galleries recorded to avoid huge download,url_only
,https://images.dealersync.com/3067/Photos/1549124/20260721220931361_1784671770.jpg,https://www.carfam.com/pre-owned-cars/detail/2005-Toyota-Sienna/1549124,inventory,,,,,URL only; full vehicle galleries recorded to avoid huge download,url_only
,https://images.dealersync.com/3067/Photos/1549124/20260721220941917_1784671781.jpg,https://www.carfam.com/pre-owned-cars/detail/2005-Toyota-Sienna/1549124,inventory,,,,,URL only; full vehicle galleries recorded to avoid huge download,url_only
,https://images.dealersync.com/3067/Photos/1549124/20260721220954191_1784671793.jpg,https://www.carfam.com/pre-owned-cars/detail/2005-Toyota-Sienna/1549124,inventory,,,,,URL only; full vehicle galleries recorded to avoid huge download,url_only
,https://images.dealersync.com/3067/Photos/1549124/20260721221023922_1784671823.jpg,https://www.carfam.com/pre-owned-cars/detail/2005-Toyota-Sienna/1549124,inventory,,,,,URL only; full vehicle galleries recorded to avoid huge download,url_only
,https://images.dealersync.com/3067/Photos/1549124/20260721221046927_1784671846.jpg,https://www.carfam.com/pre-owned-cars/detail/2005-Toyota-Sienna/1549124,inventory,,,,,URL only; full vehicle galleries recorded to avoid huge download,url_only
,https://images.dealersync.com/3067/Photos/1549124/20260721221315247_1784671993.jpg,https://www.carfam.com/pre-owned-cars/detail/2005-Toyota-Sienna/1549124,inventory,,,,,URL only; full vehicle galleries recorded to avoid huge download,url_only
,https://images.dealersync.com/3067/Photos/1549124/20260721221331605_1784672011.jpg,https://www.carfam.com/pre-owned-cars/detail/2005-Toyota-Sienna/1549124,inventory,,,,,URL only; full vehicle galleries recorded to avoid huge download,url_only
,https://images.dealersync.com/3067/Photos/1549124/20260721221357165_1784672036.jpg,https://www.carfam.com/pre-owned-cars/detail/2005-Toyota-Sienna/1549124,inventory,,,,,URL only; full vehicle galleries recorded to avoid huge download,url_only
,https://images.dealersync.com/3067/Photos/1549124/20260721221433378_1784672072.jpg,https://www.carfam.com/pre-owned-cars/detail/2005-Toyota-Sienna/1549124,inventory,,,,,URL only; full vehicle galleries recorded to avoid huge download,url_only
,https://images.dealersync.com/3067/Photos/1549124/20260721221503812_1784672103.jpg,https://www.carfam.com/pre-owned-cars/detail/2005-Toyota-Sienna/1549124,inventory,,,,,URL only; full vehicle galleries recorded to avoid huge download,url_only
,https://images.dealersync.com/3067/Photos/1549124/20260721221513498_1784672113.jpg,https://www.carfam.com/pre-owned-cars/detail/2005-Toyota-Sienna/1549124,inventory,,,,,URL only; full vehicle galleries recorded to avoid huge download,url_only
,https://images.dealersync.com/3067/Photos/1549124/20260721221518833_1784672118.jpg,https://www.carfam.com/pre-owned-cars/detail/2005-Toyota-Sienna/1549124,inventory,,,,,URL only; full vehicle galleries recorded to avoid huge download,url_only
,https://images.dealersync.com/3067/Photos/1549124/20260721221537906_1784672137.jpg,https://www.carfam.com/pre-owned-cars/detail/2005-Toyota-Sienna/1549124,inventory,,,,,URL only; full vehicle galleries recorded to avoid huge download,url_only
,https://images.dealersync.com/3067/Photos/1549124/20260721221542946_1784672142.jpg,https://www.carfam.com/pre-owned-cars/detail/2005-Toyota-Sienna/1549124,inventory,,,,,URL only; full vehicle galleries recorded to avoid huge download,url_only
,https://images.dealersync.com/3067/Photos/1549124/20260721221552921_1784672152.jpg,https://www.carfam.com/pre-owned-cars/detail/2005-Toyota-Sienna/1549124,inventory,,,,,URL only; full vehicle galleries recorded to avoid huge download,url_only
,https://images.dealersync.com/3067/Photos/1549124/20260721221606263_1784672165.jpg,https://www.carfam.com/pre-owned-cars/detail/2005-Toyota-Sienna/1549124,inventory,,,,,URL only; full vehicle galleries recorded to avoid huge download,url_only
,https://images.dealersync.com/3067/Photos/1549124/20260721221617566_1784672177.jpg,https://www.carfam.com/pre-owned-cars/detail/2005-Toyota-Sienna/1549124,inventory,,,,,URL only; full vehicle galleries recorded to avoid huge download,url_only
,https://images.dealersync.com/3067/Photos/1549124/20260721221625376_1784672184.jpg,https://www.carfam.com/pre-owned-cars/detail/2005-Toyota-Sienna/1549124,inventory,,,,,URL only; full vehicle galleries recorded to avoid huge download,url_only
,https://images.dealersync.com/3067/Photos/1549124/20260721221631915_1784672191.jpg,https://www.carfam.com/pre-owned-cars/detail/2005-Toyota-Sienna/1549124,inventory,,,,,URL only; full vehicle galleries recorded to avoid huge download,url_only
,https://images.dealersync.com/3067/Photos/1549124/20260721221642574_1784672202.jpg,https://www.carfam.com/pre-owned-cars/detail/2005-Toyota-Sienna/1549124,inventory,,,,,URL only; full vehicle galleries recorded to avoid huge download,url_only
,https://images.dealersync.com/3067/Photos/1549124/20260721221653259_1784672212.jpg,https://www.carfam.com/pre-owned-cars/detail/2005-Toyota-Sienna/1549124,inventory,,,,,URL only; full vehicle galleries recorded to avoid huge download,url_only
,https://images.dealersync.com/3067/Photos/1555067/wm_ee27578adcbb4291970cda231b6ed746_1555067.jpg,https://www.carfam.com/pre-owned-cars/detail/2020-Chevrolet-Malibu/1555067,inventory,,,,,URL only; full vehicle galleries recorded to avoid huge download,url_only
,https://images.dealersync.com/3067/Photos/1555067/20260728182624624_1785263184.jpg,https://www.carfam.com/pre-owned-cars/detail/2020-Chevrolet-Malibu/1555067,inventory,,,,,URL only; full vehicle galleries recorded to avoid huge download,url_only
,https://images.dealersync.com/3067/Photos/1555067/20260728182638987_1785263198.jpg,https://www.carfam.com/pre-owned-cars/detail/2020-Chevrolet-Malibu/1555067,inventory,,,,,URL only; full vehicle galleries recorded to avoid huge download,url_only
,https://images.dealersync.com/3067/Photos/1555067/20260728182648190_1785263207.jpg,https://www.carfam.com/pre-owned-cars/detail/2020-Chevrolet-Malibu/1555067,inventory,,,,,URL only; full vehicle galleries recorded to avoid huge download,url_only
,https://images.dealersync.com/3067/Photos/1555067/20260728182657079_1785263216.jpg,https://www.carfam.com/pre-owned-cars/detail/2020-Chevrolet-Malibu/1555067,inventory,,,,,URL only; full vehicle galleries recorded to avoid huge download,url_only
,https://images.dealersync.com/3067/Photos/1555067/20260728182708389_1785263228.jpg,https://www.carfam.com/pre-owned-cars/detail/2020-Chevrolet-Malibu/1555067,inventory,,,,,URL only; full vehicle galleries recorded to avoid huge download,url_only
,https://images.dealersync.com/3067/Photos/1555067/20260728182723439_1785263243.jpg,https://www.carfam.com/pre-owned-cars/detail/2020-Chevrolet-Malibu/1555067,inventory,,,,,URL only; full vehicle galleries recorded to avoid huge download,url_only
,https://images.dealersync.com/3067/Photos/1555067/20260728182751955_1785263271.jpg,https://www.carfam.com/pre-owned-cars/detail/2020-Chevrolet-Malibu/1555067,inventory,,,,,URL only; full vehicle galleries recorded to avoid huge download,url_only
,https://images.dealersync.com/3067/Photos/1555067/20260728182807039_1785263286.jpg,https://www.carfam.com/pre-owned-cars/detail/2020-Chevrolet-Malibu/1555067,inventory,,,,,URL only; full vehicle galleries recorded to avoid huge download,url_only
,https://images.dealersync.com/3067/Photos/1555067/20260728182830676_1785263310.jpg,https://www.carfam.com/pre-owned-cars/detail/2020-Chevrolet-Malibu/1555067,inventory,,,,,URL only; full vehicle galleries recorded to avoid huge download,url_only
,https://images.dealersync.com/3067/Photos/1555067/20260728182845653_1785263325.jpg,https://www.carfam.com/pre-owned-cars/detail/2020-Chevrolet-Malibu/1555067,inventory,,,,,URL only; full vehicle galleries recorded to avoid huge download,url_only
,https://images.dealersync.com/3067/Photos/1555067/20260728182903748_1785263343.jpg,https://www.carfam.com/pre-owned-cars/detail/2020-Chevrolet-Malibu/1555067,inventory,,,,,URL only; full vehicle galleries recorded to avoid huge download,url_only
,https://images.dealersync.com/3067/Photos/1555067/20260728182910689_1785263350.jpg,https://www.carfam.com/pre-owned-cars/detail/2020-Chevrolet-Malibu/1555067,inventory,,,,,URL only; full vehicle galleries recorded to avoid huge download,url_only
,https://images.dealersync.com/3067/Photos/1555067/20260728182917919_1785263357.jpg,https://www.carfam.com/pre-owned-cars/detail/2020-Chevrolet-Malibu/1555067,inventory,,,,,URL only; full vehicle galleries recorded to avoid huge download,url_only
,https://images.dealersync.com/3067/Photos/1555067/20260728182932875_1785263372.jpg,https://www.carfam.com/pre-owned-cars/detail/2020-Chevrolet-Malibu/1555067,inventory,,,,,URL only; full vehicle galleries recorded to avoid huge download,url_only
,https://images.dealersync.com/3067/Photos/1555067/20260728182940109_1785263379.jpg,https://www.carfam.com/pre-owned-cars/detail/2020-Chevrolet-Malibu/1555067,inventory,,,,,URL only; full vehicle galleries recorded to avoid huge download,url_only
,https://images.dealersync.com/3067/Photos/1555067/20260728182949539_1785263389.jpg,https://www.carfam.com/pre-owned-cars/detail/2020-Chevrolet-Malibu/1555067,inventory,,,,,URL only; full vehicle galleries recorded to avoid huge download,url_only
,https://images.dealersync.com/3067/Photos/1555067/20260728183010439_1785263410.jpg,https://www.carfam.com/pre-owned-cars/detail/2020-Chevrolet-Malibu/1555067,inventory,,,,,URL only; full vehicle galleries recorded to avoid huge download,url_only
,https://images.dealersync.com/3067/Photos/1555067/20260728183020461_1785263420.jpg,https://www.carfam.com/pre-owned-cars/detail/2020-Chevrolet-Malibu/1555067,inventory,,,,,URL only; full vehicle galleries recorded to avoid huge download,url_only
,https://images.dealersync.com/3067/Photos/1555067/20260728183026655_1785263426.jpg,https://www.carfam.com/pre-owned-cars/detail/2020-Chevrolet-Malibu/1555067,inventory,,,,,URL only; full vehicle galleries recorded to avoid huge download,url_only
,https://images.dealersync.com/3067/Photos/1555067/20260728183037381_1785263437.jpg,https://www.carfam.com/pre-owned-cars/detail/2020-Chevrolet-Malibu/1555067,inventory,,,,,URL only; full vehicle galleries recorded to avoid huge download,url_only
,https://images.dealersync.com/3067/Photos/1555067/20260728183100486_1785263459.jpg,https://www.carfam.com/pre-owned-cars/detail/2020-Chevrolet-Malibu/1555067,inventory,,,,,URL only; full vehicle galleries recorded to avoid huge download,url_only
,https://images.dealersync.com/3067/Photos/1555067/20260728183109458_1785263468.jpg,https://www.carfam.com/pre-owned-cars/detail/2020-Chevrolet-Malibu/1555067,inventory,,,,,URL only; full vehicle galleries recorded to avoid huge download,url_only
,https://images.dealersync.com/3067/Photos/1555067/20260728183145871_1785263504.jpg,https://www.carfam.com/pre-owned-cars/detail/2020-Chevrolet-Malibu/1555067,inventory,,,,,URL only; full vehicle galleries recorded to avoid huge download,url_only
,https://images.dealersync.com/3067/Photos/1555067/20260728183136679_1785263495.jpg,https://www.carfam.com/pre-owned-cars/detail/2020-Chevrolet-Malibu/1555067,inventory,,,,,URL only; full vehicle galleries recorded to avoid huge download,url_only
,https://images.dealersync.com/3067/Photos/1555067/20260728183209251_1785263528.jpg,https://www.carfam.com/pre-owned-cars/detail/2020-Chevrolet-Malibu/1555067,inventory,,,,,URL only; full vehicle galleries recorded to avoid huge download,url_only
,https://images.dealersync.com/3067/Photos/1555067/20260728183159491_1785263519.jpg,https://www.carfam.com/pre-owned-cars/detail/2020-Chevrolet-Malibu/1555067,inventory,,,,,URL only; full vehicle galleries recorded to avoid huge download,url_only
,https://images.dealersync.com/3067/Photos/1555159/20260811214050189_1786484449.jpg,https://www.carfam.com/pre-owned-cars/detail/2013-BMW-7-Series/1555159,inventory,,,,,URL only; full vehicle galleries recorded to avoid huge download,url_only
,https://images.dealersync.com/3067/Photos/1555159/20260811214114421_1786484473.jpg,https://www.carfam.com/pre-owned-cars/detail/2013-BMW-7-Series/1555159,inventory,,,,,URL only; full vehicle galleries recorded to avoid huge download,url_only
,https://images.dealersync.com/3067/Photos/1555159/20260811214124571_1786484484.jpg,https://www.carfam.com/pre-owned-cars/detail/2013-BMW-7-Series/1555159,inventory,,,,,URL only; full vehicle galleries recorded to avoid huge download,url_only
,https://images.dealersync.com/3067/Photos/1555159/20260811214204675_1786484524.jpg,https://www.carfam.com/pre-owned-cars/detail/2013-BMW-7-Series/1555159,inventory,,,,,URL only; full vehicle galleries recorded to avoid huge download,url_only
,https://images.dealersync.com/3067/Photos/1555159/20260811214218316_1786484538.jpg,https://www.carfam.com/pre-owned-cars/detail/2013-BMW-7-Series/1555159,inventory,,,,,URL only; full vehicle galleries recorded to avoid huge download,url_only
,https://images.dealersync.com/3067/Photos/1555159/20260811214231497_1786484551.jpg,https://www.carfam.com/pre-owned-cars/detail/2013-BMW-7-Series/1555159,inventory,,,,,URL only; full vehicle galleries recorded to avoid huge download,url_only
,https://images.dealersync.com/3067/Photos/1555159/20260811214249973_1786484569.jpg,https://www.carfam.com/pre-owned-cars/detail/2013-BMW-7-Series/1555159,inventory,,,,,URL only; full vehicle galleries recorded to avoid huge download,url_only
,https://images.dealersync.com/3067/Photos/1555159/20260811214344699_1786484624.jpg,https://www.carfam.com/pre-owned-cars/detail/2013-BMW-7-Series/1555159,inventory,,,,,URL only; full vehicle galleries recorded to avoid huge download,url_only
,https://images.dealersync.com/3067/Photos/1555159/20260811214414031_1786484653.jpg,https://www.carfam.com/pre-owned-cars/detail/2013-BMW-7-Series/1555159,inventory,,,,,URL only; full vehicle galleries recorded to avoid huge download,url_only
,https://images.dealersync.com/3067/Photos/1555159/20260811214433950_1786484673.jpg,https://www.carfam.com/pre-owned-cars/detail/2013-BMW-7-Series/1555159,inventory,,,,,URL only; full vehicle galleries recorded to avoid huge download,url_only
,https://images.dealersync.com/3067/Photos/1555159/20260811214517045_1786484716.jpg,https://www.carfam.com/pre-owned-cars/detail/2013-BMW-7-Series/1555159,inventory,,,,,URL only; full vehicle galleries recorded to avoid huge download,url_only
,https://images.dealersync.com/3067/Photos/1555159/20260811214526639_1786484726.jpg,https://www.carfam.com/pre-owned-cars/detail/2013-BMW-7-Series/1555159,inventory,,,,,URL only; full vehicle galleries recorded to avoid huge download,url_only
,https://images.dealersync.com/3067/Photos/1555159/20260811214553830_1786484753.jpg,https://www.carfam.com/pre-owned-cars/detail/2013-BMW-7-Series/1555159,inventory,,,,,URL only; full vehicle galleries recorded to avoid huge download,url_only
,https://images.dealersync.com/3067/Photos/1555159/20260811214611723_1786484771.jpg,https://www.carfam.com/pre-owned-cars/detail/2013-BMW-7-Series/1555159,inventory,,,,,URL only; full vehicle galleries recorded to avoid huge download,url_only
,https://images.dealersync.com/3067/Photos/1555159/20260811214626846_1786484786.jpg,https://www.carfam.com/pre-owned-cars/detail/2013-BMW-7-Series/1555159,inventory,,,,,URL only; full vehicle galleries recorded to avoid huge download,url_only
,https://images.dealersync.com/3067/Photos/1555159/20260811214649100_1786484808.jpg,https://www.carfam.com/pre-owned-cars/detail/2013-BMW-7-Series/1555159,inventory,,,,,URL only; full vehicle galleries recorded to avoid huge download,url_only
,https://images.dealersync.com/3067/Photos/1555159/20260811214658377_1786484817.jpg,https://www.carfam.com/pre-owned-cars/detail/2013-BMW-7-Series/1555159,inventory,,,,,URL only; full vehicle galleries recorded to avoid huge download,url_only
,https://images.dealersync.com/3067/Photos/1555159/20260811214722437_1786484841.jpg,https://www.carfam.com/pre-owned-cars/detail/2013-BMW-7-Series/1555159,inventory,,,,,URL only; full vehicle galleries recorded to avoid huge download,url_only
,https://images.dealersync.com/3067/Photos/1555159/20260811215258947_1786485178.jpg,https://www.carfam.com/pre-owned-cars/detail/2013-BMW-7-Series/1555159,inventory,,,,,URL only; full vehicle galleries recorded to avoid huge download,url_only
,https://images.dealersync.com/3067/Photos/1555159/20260811214727449_1786484847.jpg,https://www.carfam.com/pre-owned-cars/detail/2013-BMW-7-Series/1555159,inventory,,,,,URL only; full vehicle galleries recorded to avoid huge download,url_only
,https://images.dealersync.com/3067/Photos/1555159/20260811214741946_1786484861.jpg,https://www.carfam.com/pre-owned-cars/detail/2013-BMW-7-Series/1555159,inventory,,,,,URL only; full vehicle galleries recorded to avoid huge download,url_only
,https://images.dealersync.com/3067/Photos/1555159/20260811214752658_1786484872.jpg,https://www.carfam.com/pre-owned-cars/detail/2013-BMW-7-Series/1555159,inventory,,,,,URL only; full vehicle galleries recorded to avoid huge download,url_only
,https://images.dealersync.com/3067/Photos/1555159/20260811214846362_1786484926.jpg,https://www.carfam.com/pre-owned-cars/detail/2013-BMW-7-Series/1555159,inventory,,,,,URL only; full vehicle galleries recorded to avoid huge download,url_only
,https://images.dealersync.com/3067/Photos/1555159/20260811215223501_1786485143.jpg,https://www.carfam.com/pre-owned-cars/detail/2013-BMW-7-Series/1555159,inventory,,,,,URL only; full vehicle galleries recorded to avoid huge download,url_only
,https://images.dealersync.com/3067/Photos/1555159/20260811215143124_1786485102.jpg,https://www.carfam.com/pre-owned-cars/detail/2013-BMW-7-Series/1555159,inventory,,,,,URL only; full vehicle galleries recorded to avoid huge download,url_only
,https://images.dealersync.com/3067/Photos/1555159/20260811214941410_1786484981.jpg,https://www.carfam.com/pre-owned-cars/detail/2013-BMW-7-Series/1555159,inventory,,,,,URL only; full vehicle galleries recorded to avoid huge download,url_only
,https://images.dealersync.com/3067/Photos/1555159/20260811214953837_1786484993.jpg,https://www.carfam.com/pre-owned-cars/detail/2013-BMW-7-Series/1555159,inventory,,,,,URL only; full vehicle galleries recorded to avoid huge download,url_only
,https://images.dealersync.com/3067/Photos/1555159/20260811215019786_1786485019.jpg,https://www.carfam.com/pre-owned-cars/detail/2013-BMW-7-Series/1555159,inventory,,,,,URL only; full vehicle galleries recorded to avoid huge download,url_only
,https://images.dealersync.com/3067/Photos/1555159/20260811215035185_1786485034.jpg,https://www.carfam.com/pre-owned-cars/detail/2013-BMW-7-Series/1555159,inventory,,,,,URL only; full vehicle galleries recorded to avoid huge download,url_only
,https://images.dealersync.com/3067/Photos/1555159/20260811215115183_1786485074.jpg,https://www.carfam.com/pre-owned-cars/detail/2013-BMW-7-Series/1555159,inventory,,,,,URL only; full vehicle galleries recorded to avoid huge download,url_only
,https://images.dealersync.com/3067/Photos/1557497/wm_9433c179801a414b8b659652baa8a1f4_1557497.jpg,https://www.carfam.com/pre-owned-cars/detail/2019-Chevrolet-Traverse/1557497,inventory,,,,,URL only; full vehicle galleries recorded to avoid huge download,url_only
,https://images.dealersync.com/3067/Photos/1557497/20260804212606052_1785878765.jpg,https://www.carfam.com/pre-owned-cars/detail/2019-Chevrolet-Traverse/1557497,inventory,,,,,URL only; full vehicle galleries recorded to avoid huge download,url_only
,https://images.dealersync.com/3067/Photos/1557497/20260804212626603_1785878786.jpg,https://www.carfam.com/pre-owned-cars/detail/2019-Chevrolet-Traverse/1557497,inventory,,,,,URL only; full vehicle galleries recorded to avoid huge download,url_only
,https://images.dealersync.com/3067/Photos/1557497/20260804212636600_1785878796.jpg,https://www.carfam.com/pre-owned-cars/detail/2019-Chevrolet-Traverse/1557497,inventory,,,,,URL only; full vehicle galleries recorded to avoid huge download,url_only
,https://images.dealersync.com/3067/Photos/1557497/20260804212649159_1785878808.jpg,https://www.carfam.com/pre-owned-cars/detail/2019-Chevrolet-Traverse/1557497,inventory,,,,,URL only; full vehicle galleries recorded to avoid huge download,url_only
,https://images.dealersync.com/3067/Photos/1557497/20260804212705045_1785878824.jpg,https://www.carfam.com/pre-owned-cars/detail/2019-Chevrolet-Traverse/1557497,inventory,,,,,URL only; full vehicle galleries recorded to avoid huge download,url_only
,https://images.dealersync.com/3067/Photos/1557497/20260804212758669_1785878878.jpg,https://www.carfam.com/pre-owned-cars/detail/2019-Chevrolet-Traverse/1557497,inventory,,,,,URL only; full vehicle galleries recorded to avoid huge download,url_only
,https://images.dealersync.com/3067/Photos/1557497/20260804212806392_1785878886.jpg,https://www.carfam.com/pre-owned-cars/detail/2019-Chevrolet-Traverse/1557497,inventory,,,,,URL only; full vehicle galleries recorded to avoid huge download,url_only
,https://images.dealersync.com/3067/Photos/1557497/20260804212819538_1785878899.jpg,https://www.carfam.com/pre-owned-cars/detail/2019-Chevrolet-Traverse/1557497,inventory,,,,,URL only; full vehicle galleries recorded to avoid huge download,url_only
,https://images.dealersync.com/3067/Photos/1557497/20260804212836301_1785878915.jpg,https://www.carfam.com/pre-owned-cars/detail/2019-Chevrolet-Traverse/1557497,inventory,,,,,URL only; full vehicle galleries recorded to avoid huge download,url_only
,https://images.dealersync.com/3067/Photos/1557497/20260804212852432_1785878931.jpg,https://www.carfam.com/pre-owned-cars/detail/2019-Chevrolet-Traverse/1557497,inventory,,,,,URL only; full vehicle galleries recorded to avoid huge download,url_only
,https://images.dealersync.com/3067/Photos/1557497/20260804212858667_1785878938.jpg,https://www.carfam.com/pre-owned-cars/detail/2019-Chevrolet-Traverse/1557497,inventory,,,,,URL only; full vehicle galleries recorded to avoid huge download,url_only
,https://images.dealersync.com/3067/Photos/1557497/20260804212910908_1785878950.jpg,https://www.carfam.com/pre-owned-cars/detail/2019-Chevrolet-Traverse/1557497,inventory,,,,,URL only; full vehicle galleries recorded to avoid huge download,url_only
,https://images.dealersync.com/3067/Photos/1557497/20260804212936307_1785878975.jpg,https://www.carfam.com/pre-owned-cars/detail/2019-Chevrolet-Traverse/1557497,inventory,,,,,URL only; full vehicle galleries recorded to avoid huge download,url_only
,https://images.dealersync.com/3067/Photos/1557497/20260804213006759_1785879006.jpg,https://www.carfam.com/pre-owned-cars/detail/2019-Chevrolet-Traverse/1557497,inventory,,,,,URL only; full vehicle galleries recorded to avoid huge download,url_only
,https://images.dealersync.com/3067/Photos/1557497/20260804213022246_1785879021.jpg,https://www.carfam.com/pre-owned-cars/detail/2019-Chevrolet-Traverse/1557497,inventory,,,,,URL only; full vehicle galleries recorded to avoid huge download,url_only
,https://images.dealersync.com/3067/Photos/1557497/20260804213036226_1785879035.jpg,https://www.carfam.com/pre-owned-cars/detail/2019-Chevrolet-Traverse/1557497,inventory,,,,,URL only; full vehicle galleries recorded to avoid huge download,url_only
,https://images.dealersync.com/3067/Photos/1557497/20260804213042299_1785879041.jpg,https://www.carfam.com/pre-owned-cars/detail/2019-Chevrolet-Traverse/1557497,inventory,,,,,URL only; full vehicle galleries recorded to avoid huge download,url_only
,https://images.dealersync.com/3067/Photos/1557497/20260804213047348_1785879046.jpg,https://www.carfam.com/pre-owned-cars/detail/2019-Chevrolet-Traverse/1557497,inventory,,,,,URL only; full vehicle galleries recorded to avoid huge download,url_only
,https://images.dealersync.com/3067/Photos/1557497/20260804213107370_1785879066.jpg,https://www.carfam.com/pre-owned-cars/detail/2019-Chevrolet-Traverse/1557497,inventory,,,,,URL only; full vehicle galleries recorded to avoid huge download,url_only
,https://images.dealersync.com/3067/Photos/1557497/20260804213116024_1785879075.jpg,https://www.carfam.com/pre-owned-cars/detail/2019-Chevrolet-Traverse/1557497,inventory,,,,,URL only; full vehicle galleries recorded to avoid huge download,url_only
,https://images.dealersync.com/3067/Photos/1557497/20260804213223132_1785879142.jpg,https://www.carfam.com/pre-owned-cars/detail/2019-Chevrolet-Traverse/1557497,inventory,,,,,URL only; full vehicle galleries recorded to avoid huge download,url_only
,https://images.dealersync.com/3067/Photos/1557497/20260804213228982_1785879148.jpg,https://www.carfam.com/pre-owned-cars/detail/2019-Chevrolet-Traverse/1557497,inventory,,,,,URL only; full vehicle galleries recorded to avoid huge download,url_only
,https://images.dealersync.com/3067/Photos/1557497/20260804213240663_1785879160.jpg,https://www.carfam.com/pre-owned-cars/detail/2019-Chevrolet-Traverse/1557497,inventory,,,,,URL only; full vehicle galleries recorded to avoid huge download,url_only
,https://images.dealersync.com/3067/Photos/1557497/20260804213251129_1785879170.jpg,https://www.carfam.com/pre-owned-cars/detail/2019-Chevrolet-Traverse/1557497,inventory,,,,,URL only; full vehicle galleries recorded to avoid huge download,url_only
,https://images.dealersync.com/3067/Photos/1557497/20260804213440990_1785879280.jpg,https://www.carfam.com/pre-owned-cars/detail/2019-Chevrolet-Traverse/1557497,inventory,,,,,URL only; full vehicle galleries recorded to avoid huge download,url_only
,https://images.dealersync.com/3067/Photos/1557497/20260804213302773_1785879182.jpg,https://www.carfam.com/pre-owned-cars/detail/2019-Chevrolet-Traverse/1557497,inventory,,,,,URL only; full vehicle galleries recorded to avoid huge download,url_only
,https://images.dealersync.com/3067/Photos/1557497/20260804213311281_1785879190.jpg,https://www.carfam.com/pre-owned-cars/detail/2019-Chevrolet-Traverse/1557497,inventory,,,,,URL only; full vehicle galleries recorded to avoid huge download,url_only
,https://images.dealersync.com/3067/Photos/1557497/20260804213340385_1785879219.jpg,https://www.carfam.com/pre-owned-cars/detail/2019-Chevrolet-Traverse/1557497,inventory,,,,,URL only; full vehicle galleries recorded to avoid huge download,url_only
,https://images.dealersync.com/3067/Photos/1557497/20260804213400577_1785879240.jpg,https://www.carfam.com/pre-owned-cars/detail/2019-Chevrolet-Traverse/1557497,inventory,,,,,URL only; full vehicle galleries recorded to avoid huge download,url_only
,https://images.dealersync.com/3067/Photos/1560111/20260805002902618_1785889742.jpg,https://www.carfam.com/pre-owned-cars/detail/2016-Toyota-Highlander/1560111,inventory,,,,,URL only; full vehicle galleries recorded to avoid huge download,url_only
,https://images.dealersync.com/3067/Photos/1560111/20260805002921348_1785889758.jpg,https://www.carfam.com/pre-owned-cars/detail/2016-Toyota-Highlander/1560111,inventory,,,,,URL only; full vehicle galleries recorded to avoid huge download,url_only
,https://images.dealersync.com/3067/Photos/1560111/20260805002927979_1785889767.jpg,https://www.carfam.com/pre-owned-cars/detail/2016-Toyota-Highlander/1560111,inventory,,,,,URL only; full vehicle galleries recorded to avoid huge download,url_only
,https://images.dealersync.com/3067/Photos/1560111/20260805003002122_1785889801.jpg,https://www.carfam.com/pre-owned-cars/detail/2016-Toyota-Highlander/1560111,inventory,,,,,URL only; full vehicle galleries recorded to avoid huge download,url_only
,https://images.dealersync.com/3067/Photos/1560111/20260805003019884_1785889819.jpg,https://www.carfam.com/pre-owned-cars/detail/2016-Toyota-Highlander/1560111,inventory,,,,,URL only; full vehicle galleries recorded to avoid huge download,url_only
,https://images.dealersync.com/3067/Photos/1560111/20260805003057978_1785889857.jpg,https://www.carfam.com/pre-owned-cars/detail/2016-Toyota-Highlander/1560111,inventory,,,,,URL only; full vehicle galleries recorded to avoid huge download,url_only
,https://images.dealersync.com/3067/Photos/1560111/20260805003105151_1785889864.jpg,https://www.carfam.com/pre-owned-cars/detail/2016-Toyota-Highlander/1560111,inventory,,,,,URL only; full vehicle galleries recorded to avoid huge download,url_only
,https://images.dealersync.com/3067/Photos/1560111/20260805003129886_1785889889.jpg,https://www.carfam.com/pre-owned-cars/detail/2016-Toyota-Highlander/1560111,inventory,,,,,URL only; full vehicle galleries recorded to avoid huge download,url_only
,https://images.dealersync.com/3067/Photos/1560111/20260805003151478_1785889911.jpg,https://www.carfam.com/pre-owned-cars/detail/2016-Toyota-Highlander/1560111,inventory,,,,,URL only; full vehicle galleries recorded to avoid huge download,url_only
,https://images.dealersync.com/3067/Photos/1560111/20260805003159752_1785889919.jpg,https://www.carfam.com/pre-owned-cars/detail/2016-Toyota-Highlander/1560111,inventory,,,,,URL only; full vehicle galleries recorded to avoid huge download,url_only
,https://images.dealersync.com/3067/Photos/1560111/20260805003211488_1785889930.jpg,https://www.carfam.com/pre-owned-cars/detail/2016-Toyota-Highlander/1560111,inventory,,,,,URL only; full vehicle galleries recorded to avoid huge download,url_only
,https://images.dealersync.com/3067/Photos/1560111/20260805003231177_1785889950.jpg,https://www.carfam.com/pre-owned-cars/detail/2016-Toyota-Highlander/1560111,inventory,,,,,URL only; full vehicle galleries recorded to avoid huge download,url_only
,https://images.dealersync.com/3067/Photos/1560111/20260805003239567_1785889959.jpg,https://www.carfam.com/pre-owned-cars/detail/2016-Toyota-Highlander/1560111,inventory,,,,,URL only; full vehicle galleries recorded to avoid huge download,url_only
,https://images.dealersync.com/3067/Photos/1560111/20260805003315029_1785889994.jpg,https://www.carfam.com/pre-owned-cars/detail/2016-Toyota-Highlander/1560111,inventory,,,,,URL only; full vehicle galleries recorded to avoid huge download,url_only
,https://images.dealersync.com/3067/Photos/1560111/20260805003412276_1785890051.jpg,https://www.carfam.com/pre-owned-cars/detail/2016-Toyota-Highlander/1560111,inventory,,,,,URL only; full vehicle galleries recorded to avoid huge download,url_only
,https://images.dealersync.com/3067/Photos/1560111/20260805003419357_1785890059.jpg,https://www.carfam.com/pre-owned-cars/detail/2016-Toyota-Highlander/1560111,inventory,,,,,URL only; full vehicle galleries recorded to avoid huge download,url_only
,https://images.dealersync.com/3067/Photos/1560111/20260805003442238_1785890081.jpg,https://www.carfam.com/pre-owned-cars/detail/2016-Toyota-Highlander/1560111,inventory,,,,,URL only; full vehicle galleries recorded to avoid huge download,url_only
,https://images.dealersync.com/3067/Photos/1560111/20260805003514355_1785890113.jpg,https://www.carfam.com/pre-owned-cars/detail/2016-Toyota-Highlander/1560111,inventory,,,,,URL only; full vehicle galleries recorded to avoid huge download,url_only
,https://images.dealersync.com/3067/Photos/1560111/20260805003528260_1785890127.jpg,https://www.carfam.com/pre-owned-cars/detail/2016-Toyota-Highlander/1560111,inventory,,,,,URL only; full vehicle galleries recorded to avoid huge download,url_only
,https://images.dealersync.com/3067/Photos/1560111/20260805003638134_1785890197.jpg,https://www.carfam.com/pre-owned-cars/detail/2016-Toyota-Highlander/1560111,inventory,,,,,URL only; full vehicle galleries recorded to avoid huge download,url_only
,https://images.dealersync.com/3067/Photos/1560111/20260805003646247_1785890205.jpg,https://www.carfam.com/pre-owned-cars/detail/2016-Toyota-Highlander/1560111,inventory,,,,,URL only; full vehicle galleries recorded to avoid huge download,url_only
,https://images.dealersync.com/3067/Photos/1560111/20260805003653585_1785890213.jpg,https://www.carfam.com/pre-owned-cars/detail/2016-Toyota-Highlander/1560111,inventory,,,,,URL only; full vehicle galleries recorded to avoid huge download,url_only
,https://images.dealersync.com/3067/Photos/1560111/20260805003702706_1785890222.jpg,https://www.carfam.com/pre-owned-cars/detail/2016-Toyota-Highlander/1560111,inventory,,,,,URL only; full vehicle galleries recorded to avoid huge download,url_only
,https://images.dealersync.com/3067/Photos/1560111/20260805003709587_1785890229.jpg,https://www.carfam.com/pre-owned-cars/detail/2016-Toyota-Highlander/1560111,inventory,,,,,URL only; full vehicle galleries recorded to avoid huge download,url_only
,https://images.dealersync.com/3067/Photos/1560111/20260805003716670_1785890236.jpg,https://www.carfam.com/pre-owned-cars/detail/2016-Toyota-Highlander/1560111,inventory,,,,,URL only; full vehicle galleries recorded to avoid huge download,url_only
,https://images.dealersync.com/3067/Photos/1560111/20260805003742616_1785890261.jpg,https://www.carfam.com/pre-owned-cars/detail/2016-Toyota-Highlander/1560111,inventory,,,,,URL only; full vehicle galleries recorded to avoid huge download,url_only
,https://images.dealersync.com/3067/Photos/1561906/wm_2c767351a1f3465d8edc16fa09384cd4_1561906.jpg,https://www.carfam.com/pre-owned-cars/detail/2020-Chevrolet-Camaro/1561906,inventory,,,,,URL only; full vehicle galleries recorded to avoid huge download,url_only
,https://images.dealersync.com/3067/Photos/1561906/20260807231704839_1786144624.jpg,https://www.carfam.com/pre-owned-cars/detail/2020-Chevrolet-Camaro/1561906,inventory,,,,,URL only; full vehicle galleries recorded to avoid huge download,url_only
,https://images.dealersync.com/3067/Photos/1561906/20260807231720730_1786144640.jpg,https://www.carfam.com/pre-owned-cars/detail/2020-Chevrolet-Camaro/1561906,inventory,,,,,URL only; full vehicle galleries recorded to avoid huge download,url_only
,https://images.dealersync.com/3067/Photos/1561906/20260807231733025_1786144652.jpg,https://www.carfam.com/pre-owned-cars/detail/2020-Chevrolet-Camaro/1561906,inventory,,,,,URL only; full vehicle galleries recorded to avoid huge download,url_only
,https://images.dealersync.com/3067/Photos/1561906/20260807231745056_1786144664.jpg,https://www.carfam.com/pre-owned-cars/detail/2020-Chevrolet-Camaro/1561906,inventory,,,,,URL only; full vehicle galleries recorded to avoid huge download,url_only
,https://images.dealersync.com/3067/Photos/1561906/20260807231759533_1786144679.jpg,https://www.carfam.com/pre-owned-cars/detail/2020-Chevrolet-Camaro/1561906,inventory,,,,,URL only; full vehicle galleries recorded to avoid huge download,url_only
,https://images.dealersync.com/3067/Photos/1561906/20260807231815430_1786144694.jpg,https://www.carfam.com/pre-owned-cars/detail/2020-Chevrolet-Camaro/1561906,inventory,,,,,URL only; full vehicle galleries recorded to avoid huge download,url_only
,https://images.dealersync.com/3067/Photos/1561906/20260807231824688_1786144704.jpg,https://www.carfam.com/pre-owned-cars/detail/2020-Chevrolet-Camaro/1561906,inventory,,,,,URL only; full vehicle galleries recorded to avoid huge download,url_only
,https://images.dealersync.com/3067/Photos/1561906/20260807231837973_1786144717.jpg,https://www.carfam.com/pre-owned-cars/detail/2020-Chevrolet-Camaro/1561906,inventory,,,,,URL only; full vehicle galleries recorded to avoid huge download,url_only
,https://images.dealersync.com/3067/Photos/1561906/20260807231926518_1786144766.jpg,https://www.carfam.com/pre-owned-cars/detail/2020-Chevrolet-Camaro/1561906,inventory,,,,,URL only; full vehicle galleries recorded to avoid huge download,url_only
,https://images.dealersync.com/3067/Photos/1561906/20260807231946580_1786144786.jpg,https://www.carfam.com/pre-owned-cars/detail/2020-Chevrolet-Camaro/1561906,inventory,,,,,URL only; full vehicle galleries recorded to avoid huge download,url_only
,https://images.dealersync.com/3067/Photos/1561906/20260807232014963_1786144814.jpg,https://www.carfam.com/pre-owned-cars/detail/2020-Chevrolet-Camaro/1561906,inventory,,,,,URL only; full vehicle galleries recorded to avoid huge download,url_only
,https://images.dealersync.com/3067/Photos/1561906/20260807232031850_1786144831.jpg,https://www.carfam.com/pre-owned-cars/detail/2020-Chevrolet-Camaro/1561906,inventory,,,,,URL only; full vehicle galleries recorded to avoid huge download,url_only
,https://images.dealersync.com/3067/Photos/1561906/20260807232038359_1786144838.jpg,https://www.carfam.com/pre-owned-cars/detail/2020-Chevrolet-Camaro/1561906,inventory,,,,,URL only; full vehicle galleries recorded to avoid huge download,url_only
,https://images.dealersync.com/3067/Photos/1561906/20260807232108110_1786144867.jpg,https://www.carfam.com/pre-owned-cars/detail/2020-Chevrolet-Camaro/1561906,inventory,,,,,URL only; full vehicle galleries recorded to avoid huge download,url_only
,https://images.dealersync.com/3067/Photos/1561906/20260807232115126_1786144874.jpg,https://www.carfam.com/pre-owned-cars/detail/2020-Chevrolet-Camaro/1561906,inventory,,,,,URL only; full vehicle galleries recorded to avoid huge download,url_only
,https://images.dealersync.com/3067/Photos/1561906/20260807232123976_1786144883.jpg,https://www.carfam.com/pre-owned-cars/detail/2020-Chevrolet-Camaro/1561906,inventory,,,,,URL only; full vehicle galleries recorded to avoid huge download,url_only
,https://images.dealersync.com/3067/Photos/1561906/20260807232225314_1786144945.jpg,https://www.carfam.com/pre-owned-cars/detail/2020-Chevrolet-Camaro/1561906,inventory,,,,,URL only; full vehicle galleries recorded to avoid huge download,url_only
,https://images.dealersync.com/3067/Photos/1561906/20260807232233691_1786144953.jpg,https://www.carfam.com/pre-owned-cars/detail/2020-Chevrolet-Camaro/1561906,inventory,,,,,URL only; full vehicle galleries recorded to avoid huge download,url_only
,https://images.dealersync.com/3067/Photos/1561906/20260807232240629_1786144960.jpg,https://www.carfam.com/pre-owned-cars/detail/2020-Chevrolet-Camaro/1561906,inventory,,,,,URL only; full vehicle galleries recorded to avoid huge download,url_only
,https://images.dealersync.com/3067/Photos/1561906/20260807232255475_1786144974.jpg,https://www.carfam.com/pre-owned-cars/detail/2020-Chevrolet-Camaro/1561906,inventory,,,,,URL only; full vehicle galleries recorded to avoid huge download,url_only
,https://images.dealersync.com/3067/Photos/1561906/20260807232304697_1786144984.jpg,https://www.carfam.com/pre-owned-cars/detail/2020-Chevrolet-Camaro/1561906,inventory,,,,,URL only; full vehicle galleries recorded to avoid huge download,url_only
,https://images.dealersync.com/3067/Photos/1561906/20260807232312548_1786144992.jpg,https://www.carfam.com/pre-owned-cars/detail/2020-Chevrolet-Camaro/1561906,inventory,,,,,URL only; full vehicle galleries recorded to avoid huge download,url_only
,https://images.dealersync.com/3067/Photos/1561906/20260807232332360_1786145012.jpg,https://www.carfam.com/pre-owned-cars/detail/2020-Chevrolet-Camaro/1561906,inventory,,,,,URL only; full vehicle galleries recorded to avoid huge download,url_only
,https://images.dealersync.com/3067/Photos/1562075/wm_0040f61b5151479db1964ef14a84b3fc_1562075.jpg,https://www.carfam.com/pre-owned-cars/detail/2010-Toyota-FJ-Cruiser/1562075,inventory,,,,,URL only; full vehicle galleries recorded to avoid huge download,url_only
,https://images.dealersync.com/3067/Photos/1562075/20260810173639021_1786383398.jpg,https://www.carfam.com/pre-owned-cars/detail/2010-Toyota-FJ-Cruiser/1562075,inventory,,,,,URL only; full vehicle galleries recorded to avoid huge download,url_only
,https://images.dealersync.com/3067/Photos/1562075/20260810173654120_1786383413.jpg,https://www.carfam.com/pre-owned-cars/detail/2010-Toyota-FJ-Cruiser/1562075,inventory,,,,,URL only; full vehicle galleries recorded to avoid huge download,url_only
,https://images.dealersync.com/3067/Photos/1562075/20260810173705337_1786383425.jpg,https://www.carfam.com/pre-owned-cars/detail/2010-Toyota-FJ-Cruiser/1562075,inventory,,,,,URL only; full vehicle galleries recorded to avoid huge download,url_only
,https://images.dealersync.com/3067/Photos/1562075/20260810173718352_1786383438.jpg,https://www.carfam.com/pre-owned-cars/detail/2010-Toyota-FJ-Cruiser/1562075,inventory,,,,,URL only; full vehicle galleries recorded to avoid huge download,url_only
,https://images.dealersync.com/3067/Photos/1562075/20260810173733733_1786383453.jpg,https://www.carfam.com/pre-owned-cars/detail/2010-Toyota-FJ-Cruiser/1562075,inventory,,,,,URL only; full vehicle galleries recorded to avoid huge download,url_only
,https://images.dealersync.com/3067/Photos/1562075/20260810173749708_1786383469.jpg,https://www.carfam.com/pre-owned-cars/detail/2010-Toyota-FJ-Cruiser/1562075,inventory,,,,,URL only; full vehicle galleries recorded to avoid huge download,url_only
,https://images.dealersync.com/3067/Photos/1562075/20260810173804101_1786383483.jpg,https://www.carfam.com/pre-owned-cars/detail/2010-Toyota-FJ-Cruiser/1562075,inventory,,,,,URL only; full vehicle galleries recorded to avoid huge download,url_only
,https://images.dealersync.com/3067/Photos/1562075/20260810173845466_1786383524.jpg,https://www.carfam.com/pre-owned-cars/detail/2010-Toyota-FJ-Cruiser/1562075,inventory,,,,,URL only; full vehicle galleries recorded to avoid huge download,url_only
,https://images.dealersync.com/3067/Photos/1562075/20260810173903400_1786383542.jpg,https://www.carfam.com/pre-owned-cars/detail/2010-Toyota-FJ-Cruiser/1562075,inventory,,,,,URL only; full vehicle galleries recorded to avoid huge download,url_only
,https://images.dealersync.com/3067/Photos/1562075/20260810173938470_1786383577.jpg,https://www.carfam.com/pre-owned-cars/detail/2010-Toyota-FJ-Cruiser/1562075,inventory,,,,,URL only; full vehicle galleries recorded to avoid huge download,url_only
,https://images.dealersync.com/3067/Photos/1562075/20260810174004970_1786383604.jpg,https://www.carfam.com/pre-owned-cars/detail/2010-Toyota-FJ-Cruiser/1562075,inventory,,,,,URL only; full vehicle galleries recorded to avoid huge download,url_only
,https://images.dealersync.com/3067/Photos/1562075/20260810174014608_1786383614.jpg,https://www.carfam.com/pre-owned-cars/detail/2010-Toyota-FJ-Cruiser/1562075,inventory,,,,,URL only; full vehicle galleries recorded to avoid huge download,url_only
,https://images.dealersync.com/3067/Photos/1562075/20260810174023482_1786383623.jpg,https://www.carfam.com/pre-owned-cars/detail/2010-Toyota-FJ-Cruiser/1562075,inventory,,,,,URL only; full vehicle galleries recorded to avoid huge download,url_only
,https://images.dealersync.com/3067/Photos/1562075/20260810174030018_1786383629.jpg,https://www.carfam.com/pre-owned-cars/detail/2010-Toyota-FJ-Cruiser/1562075,inventory,,,,,URL only; full vehicle galleries recorded to avoid huge download,url_only
,https://images.dealersync.com/3067/Photos/1562075/20260810174045891_1786383645.jpg,https://www.carfam.com/pre-owned-cars/detail/2010-Toyota-FJ-Cruiser/1562075,inventory,,,,,URL only; full vehicle galleries recorded to avoid huge download,url_only
,https://images.dealersync.com/3067/Photos/1562075/20260810174050795_1786383650.jpg,https://www.carfam.com/pre-owned-cars/detail/2010-Toyota-FJ-Cruiser/1562075,inventory,,,,,URL only; full vehicle galleries recorded to avoid huge download,url_only
,https://images.dealersync.com/3067/Photos/1562075/20260810174106228_1786383665.jpg,https://www.carfam.com/pre-owned-cars/detail/2010-Toyota-FJ-Cruiser/1562075,inventory,,,,,URL only; full vehicle galleries recorded to avoid huge download,url_only
,https://images.dealersync.com/3067/Photos/1562075/20260810174117553_1786383677.jpg,https://www.carfam.com/pre-owned-cars/detail/2010-Toyota-FJ-Cruiser/1562075,inventory,,,,,URL only; full vehicle galleries recorded to avoid huge download,url_only
,https://images.dealersync.com/3067/Photos/1562075/20260810174122567_1786383682.jpg,https://www.carfam.com/pre-owned-cars/detail/2010-Toyota-FJ-Cruiser/1562075,inventory,,,,,URL only; full vehicle galleries recorded to avoid huge download,url_only
,https://images.dealersync.com/3067/Photos/1562075/20260810174129272_1786383688.jpg,https://www.carfam.com/pre-owned-cars/detail/2010-Toyota-FJ-Cruiser/1562075,inventory,,,,,URL only; full vehicle galleries recorded to avoid huge download,url_only
,https://images.dealersync.com/3067/Photos/1562075/20260810174143390_1786383702.jpg,https://www.carfam.com/pre-owned-cars/detail/2010-Toyota-FJ-Cruiser/1562075,inventory,,,,,URL only; full vehicle galleries recorded to avoid huge download,url_only
,https://images.dealersync.com/3067/Photos/1562075/20260810174317072_1786383796.jpg,https://www.carfam.com/pre-owned-cars/detail/2010-Toyota-FJ-Cruiser/1562075,inventory,,,,,URL only; full vehicle galleries recorded to avoid huge download,url_only
,https://images.dealersync.com/3067/Photos/1562075/20260810174306806_1786383785.jpg,https://www.carfam.com/pre-owned-cars/detail/2010-Toyota-FJ-Cruiser/1562075,inventory,,,,,URL only; full vehicle galleries recorded to avoid huge download,url_only
,https://images.dealersync.com/3067/Photos/1562075/20260810174151072_1786383710.jpg,https://www.carfam.com/pre-owned-cars/detail/2010-Toyota-FJ-Cruiser/1562075,inventory,,,,,URL only; full vehicle galleries recorded to avoid huge download,url_only
,https://images.dealersync.com/3067/Photos/1562129/wm_e51f8f4cbeb640ed828d80c25fe3aa0a_1562129.jpg,https://www.carfam.com/pre-owned-cars/detail/2022-Toyota-Corolla/1562129,inventory,,,,,URL only; full vehicle galleries recorded to avoid huge download,url_only
,https://images.dealersync.com/3067/Photos/1562129/20260814222722353_1786746441.jpg,https://www.carfam.com/pre-owned-cars/detail/2022-Toyota-Corolla/1562129,inventory,,,,,URL only; full vehicle galleries recorded to avoid huge download,url_only
,https://images.dealersync.com/3067/Photos/1562129/20260814222740734_1786746460.jpg,https://www.carfam.com/pre-owned-cars/detail/2022-Toyota-Corolla/1562129,inventory,,,,,URL only; full vehicle galleries recorded to avoid huge download,url_only
,https://images.dealersync.com/3067/Photos/1562129/20260814222751852_1786746471.jpg,https://www.carfam.com/pre-owned-cars/detail/2022-Toyota-Corolla/1562129,inventory,,,,,URL only; full vehicle galleries recorded to avoid huge download,url_only
,https://images.dealersync.com/3067/Photos/1562129/20260814222801381_1786746480.jpg,https://www.carfam.com/pre-owned-cars/detail/2022-Toyota-Corolla/1562129,inventory,,,,,URL only; full vehicle galleries recorded to avoid huge download,url_only
,https://images.dealersync.com/3067/Photos/1562129/20260814222817110_1786746496.jpg,https://www.carfam.com/pre-owned-cars/detail/2022-Toyota-Corolla/1562129,inventory,,,,,URL only; full vehicle galleries recorded to avoid huge download,url_only
,https://images.dealersync.com/3067/Photos/1562129/20260814222832320_1786746511.jpg,https://www.carfam.com/pre-owned-cars/detail/2022-Toyota-Corolla/1562129,inventory,,,,,URL only; full vehicle galleries recorded to avoid huge download,url_only
,https://images.dealersync.com/3067/Photos/1562129/20260814222841322_1786746520.jpg,https://www.carfam.com/pre-owned-cars/detail/2022-Toyota-Corolla/1562129,inventory,,,,,URL only; full vehicle galleries recorded to avoid huge download,url_only
,https://images.dealersync.com/3067/Photos/1562129/20260814222859863_1786746539.jpg,https://www.carfam.com/pre-owned-cars/detail/2022-Toyota-Corolla/1562129,inventory,,,,,URL only; full vehicle galleries recorded to avoid huge download,url_only
,https://images.dealersync.com/3067/Photos/1562129/20260814223011521_1786746610.jpg,https://www.carfam.com/pre-owned-cars/detail/2022-Toyota-Corolla/1562129,inventory,,,,,URL only; full vehicle galleries recorded to avoid huge download,url_only
,https://images.dealersync.com/3067/Photos/1562129/20260814223021118_1786746620.jpg,https://www.carfam.com/pre-owned-cars/detail/2022-Toyota-Corolla/1562129,inventory,,,,,URL only; full vehicle galleries recorded to avoid huge download,url_only
,https://images.dealersync.com/3067/Photos/1562129/20260814223038572_1786746638.jpg,https://www.carfam.com/pre-owned-cars/detail/2022-Toyota-Corolla/1562129,inventory,,,,,URL only; full vehicle galleries recorded to avoid huge download,url_only
,https://images.dealersync.com/3067/Photos/1562129/20260814223124410_1786746683.jpg,https://www.carfam.com/pre-owned-cars/detail/2022-Toyota-Corolla/1562129,inventory,,,,,URL only; full vehicle galleries recorded to avoid huge download,url_only
,https://images.dealersync.com/3067/Photos/1562129/20260814223141352_1786746700.jpg,https://www.carfam.com/pre-owned-cars/detail/2022-Toyota-Corolla/1562129,inventory,,,,,URL only; full vehicle galleries recorded to avoid huge download,url_only
,https://images.dealersync.com/3067/Photos/1562129/20260814223148053_1786746707.jpg,https://www.carfam.com/pre-owned-cars/detail/2022-Toyota-Corolla/1562129,inventory,,,,,URL only; full vehicle galleries recorded to avoid huge download,url_only
,https://images.dealersync.com/3067/Photos/1562129/20260814223207189_1786746726.jpg,https://www.carfam.com/pre-owned-cars/detail/2022-Toyota-Corolla/1562129,inventory,,,,,URL only; full vehicle galleries recorded to avoid huge download,url_only
,https://images.dealersync.com/3067/Photos/1562129/20260814223217538_1786746736.jpg,https://www.carfam.com/pre-owned-cars/detail/2022-Toyota-Corolla/1562129,inventory,,,,,URL only; full vehicle galleries recorded to avoid huge download,url_only
,https://images.dealersync.com/3067/Photos/1562129/20260814223247377_1786746766.jpg,https://www.carfam.com/pre-owned-cars/detail/2022-Toyota-Corolla/1562129,inventory,,,,,URL only; full vehicle galleries recorded to avoid huge download,url_only
,https://images.dealersync.com/3067/Photos/1562129/20260814223301785_1786746781.jpg,https://www.carfam.com/pre-owned-cars/detail/2022-Toyota-Corolla/1562129,inventory,,,,,URL only; full vehicle galleries recorded to avoid huge download,url_only
,https://images.dealersync.com/3067/Photos/1562129/20260814223338214_1786746817.jpg,https://www.carfam.com/pre-owned-cars/detail/2022-Toyota-Corolla/1562129,inventory,,,,,URL only; full vehicle galleries recorded to avoid huge download,url_only
,https://images.dealersync.com/3067/Photos/1562129/20260814223344602_1786746824.jpg,https://www.carfam.com/pre-owned-cars/detail/2022-Toyota-Corolla/1562129,inventory,,,,,URL only; full vehicle galleries recorded to avoid huge download,url_only
,https://images.dealersync.com/3067/Photos/1562129/20260814223352414_1786746832.jpg,https://www.carfam.com/pre-owned-cars/detail/2022-Toyota-Corolla/1562129,inventory,,,,,URL only; full vehicle galleries recorded to avoid huge download,url_only
,https://images.dealersync.com/3067/Photos/1562129/20260814223358364_1786746838.jpg,https://www.carfam.com/pre-owned-cars/detail/2022-Toyota-Corolla/1562129,inventory,,,,,URL only; full vehicle galleries recorded to avoid huge download,url_only
,https://images.dealersync.com/3067/Photos/1562129/20260814223406777_1786746846.jpg,https://www.carfam.com/pre-owned-cars/detail/2022-Toyota-Corolla/1562129,inventory,,,,,URL only; full vehicle galleries recorded to avoid huge download,url_only
,https://images.dealersync.com/3067/Photos/1562129/20260814223414627_1786746854.jpg,https://www.carfam.com/pre-owned-cars/detail/2022-Toyota-Corolla/1562129,inventory,,,,,URL only; full vehicle galleries recorded to avoid huge download,url_only
,https://images.dealersync.com/3067/Photos/1562129/20260814223225861_1786746745.jpg,https://www.carfam.com/pre-owned-cars/detail/2022-Toyota-Corolla/1562129,inventory,,,,,URL only; full vehicle galleries recorded to avoid huge download,url_only
,https://images.dealersync.com/3067/Photos/1564165/wm_468a984fd512471481332ace105d1917_1564165.jpg,https://www.carfam.com/pre-owned-cars/detail/2019-Jeep-Grand-Cherokee/1564165,inventory,,,,,URL only; full vehicle galleries recorded to avoid huge download,url_only
,https://images.dealersync.com/3067/Photos/1564165/20260915000352180_1789430631.jpg,https://www.carfam.com/pre-owned-cars/detail/2019-Jeep-Grand-Cherokee/1564165,inventory,,,,,URL only; full vehicle galleries recorded to avoid huge download,url_only
,https://images.dealersync.com/3067/Photos/1564165/20260915000402025_1789430641.jpg,https://www.carfam.com/pre-owned-cars/detail/2019-Jeep-Grand-Cherokee/1564165,inventory,,,,,URL only; full vehicle galleries recorded to avoid huge download,url_only
,https://images.dealersync.com/3067/Photos/1564165/20260915000411438_1789430651.jpg,https://www.carfam.com/pre-owned-cars/detail/2019-Jeep-Grand-Cherokee/1564165,inventory,,,,,URL only; full vehicle galleries recorded to avoid huge download,url_only
,https://images.dealersync.com/3067/Photos/1564165/20260915000425428_1789430664.jpg,https://www.carfam.com/pre-owned-cars/detail/2019-Jeep-Grand-Cherokee/1564165,inventory,,,,,URL only; full vehicle galleries recorded to avoid huge download,url_only
,https://images.dealersync.com/3067/Photos/1564165/20260915000443192_1789430681.jpg,https://www.carfam.com/pre-owned-cars/detail/2019-Jeep-Grand-Cherokee/1564165,inventory,,,,,URL only; full vehicle galleries recorded to avoid huge download,url_only
,https://images.dealersync.com/3067/Photos/1564165/20260915000454254_1789430693.jpg,https://www.carfam.com/pre-owned-cars/detail/2019-Jeep-Grand-Cherokee/1564165,inventory,,,,,URL only; full vehicle galleries recorded to avoid huge download,url_only
,https://images.dealersync.com/3067/Photos/1564165/20260915000508505_1789430708.jpg,https://www.carfam.com/pre-owned-cars/detail/2019-Jeep-Grand-Cherokee/1564165,inventory,,,,,URL only; full vehicle galleries recorded to avoid huge download,url_only
,https://images.dealersync.com/3067/Photos/1564165/20260915000523297_1789430722.jpg,https://www.carfam.com/pre-owned-cars/detail/2019-Jeep-Grand-Cherokee/1564165,inventory,,,,,URL only; full vehicle galleries recorded to avoid huge download,url_only
,https://images.dealersync.com/3067/Photos/1564165/20260915000545856_1789430745.jpg,https://www.carfam.com/pre-owned-cars/detail/2019-Jeep-Grand-Cherokee/1564165,inventory,,,,,URL only; full vehicle galleries recorded to avoid huge download,url_only
,https://images.dealersync.com/3067/Photos/1564165/20260915000553709_1789430753.jpg,https://www.carfam.com/pre-owned-cars/detail/2019-Jeep-Grand-Cherokee/1564165,inventory,,,,,URL only; full vehicle galleries recorded to avoid huge download,url_only
,https://images.dealersync.com/3067/Photos/1564165/20260915000611927_1789430771.jpg,https://www.carfam.com/pre-owned-cars/detail/2019-Jeep-Grand-Cherokee/1564165,inventory,,,,,URL only; full vehicle galleries recorded to avoid huge download,url_only
,https://images.dealersync.com/3067/Photos/1564165/20260915000620304_1789430777.jpg,https://www.carfam.com/pre-owned-cars/detail/2019-Jeep-Grand-Cherokee/1564165,inventory,,,,,URL only; full vehicle galleries recorded to avoid huge download,url_only
,https://images.dealersync.com/3067/Photos/1564165/20260915000627009_1789430786.jpg,https://www.carfam.com/pre-owned-cars/detail/2019-Jeep-Grand-Cherokee/1564165,inventory,,,,,URL only; full vehicle galleries recorded to avoid huge download,url_only
,https://images.dealersync.com/3067/Photos/1564165/20260915000644161_1789430803.jpg,https://www.carfam.com/pre-owned-cars/detail/2019-Jeep-Grand-Cherokee/1564165,inventory,,,,,URL only; full vehicle galleries recorded to avoid huge download,url_only
,https://images.dealersync.com/3067/Photos/1564165/20260915000656204_1789430814.jpg,https://www.carfam.com/pre-owned-cars/detail/2019-Jeep-Grand-Cherokee/1564165,inventory,,,,,URL only; full vehicle galleries recorded to avoid huge download,url_only
,https://images.dealersync.com/3067/Photos/1564165/20260915000700868_1789430820.jpg,https://www.carfam.com/pre-owned-cars/detail/2019-Jeep-Grand-Cherokee/1564165,inventory,,,,,URL only; full vehicle galleries recorded to avoid huge download,url_only
,https://images.dealersync.com/3067/Photos/1564165/20260915000726801_1789430846.jpg,https://www.carfam.com/pre-owned-cars/detail/2019-Jeep-Grand-Cherokee/1564165,inventory,,,,,URL only; full vehicle galleries recorded to avoid huge download,url_only
,https://images.dealersync.com/3067/Photos/1564165/20260915000734347_1789430854.jpg,https://www.carfam.com/pre-owned-cars/detail/2019-Jeep-Grand-Cherokee/1564165,inventory,,,,,URL only; full vehicle galleries recorded to avoid huge download,url_only
,https://images.dealersync.com/3067/Photos/1564165/20260915000749952_1789430869.jpg,https://www.carfam.com/pre-owned-cars/detail/2019-Jeep-Grand-Cherokee/1564165,inventory,,,,,URL only; full vehicle galleries recorded to avoid huge download,url_only
,https://images.dealersync.com/3067/Photos/1564165/20260915000758493_1789430878.jpg,https://www.carfam.com/pre-owned-cars/detail/2019-Jeep-Grand-Cherokee/1564165,inventory,,,,,URL only; full vehicle galleries recorded to avoid huge download,url_only
,https://images.dealersync.com/3067/Photos/1564165/20260915000804210_1789430883.jpg,https://www.carfam.com/pre-owned-cars/detail/2019-Jeep-Grand-Cherokee/1564165,inventory,,,,,URL only; full vehicle galleries recorded to avoid huge download,url_only
,https://images.dealersync.com/3067/Photos/1564165/20260915000813031_1789430892.jpg,https://www.carfam.com/pre-owned-cars/detail/2019-Jeep-Grand-Cherokee/1564165,inventory,,,,,URL only; full vehicle galleries recorded to avoid huge download,url_only
,https://images.dealersync.com/3067/Photos/1564165/20260915001001175_1789431000.jpg,https://www.carfam.com/pre-owned-cars/detail/2019-Jeep-Grand-Cherokee/1564165,inventory,,,,,URL only; full vehicle galleries recorded to avoid huge download,url_only
,https://images.dealersync.com/3067/Photos/1564165/20260915000819788_1789430899.jpg,https://www.carfam.com/pre-owned-cars/detail/2019-Jeep-Grand-Cherokee/1564165,inventory,,,,,URL only; full vehicle galleries recorded to avoid huge download,url_only
,https://images.dealersync.com/3067/Photos/1564165/20260915000853082_1789430932.jpg,https://www.carfam.com/pre-owned-cars/detail/2019-Jeep-Grand-Cherokee/1564165,inventory,,,,,URL only; full vehicle galleries recorded to avoid huge download,url_only
,https://images.dealersync.com/3067/Photos/1564165/20260915000902831_1789430942.jpg,https://www.carfam.com/pre-owned-cars/detail/2019-Jeep-Grand-Cherokee/1564165,inventory,,,,,URL only; full vehicle galleries recorded to avoid huge download,url_only
,https://images.dealersync.com/3067/Photos/1564165/20260915000912991_1789430951.jpg,https://www.carfam.com/pre-owned-cars/detail/2019-Jeep-Grand-Cherokee/1564165,inventory,,,,,URL only; full vehicle galleries recorded to avoid huge download,url_only
,https://images.dealersync.com/3067/Photos/1564165/20260915000922155_1789430961.jpg,https://www.carfam.com/pre-owned-cars/detail/2019-Jeep-Grand-Cherokee/1564165,inventory,,,,,URL only; full vehicle galleries recorded to avoid huge download,url_only
,https://images.dealersync.com/3067/Photos/1564165/20260915000939000_1789430978.jpg,https://www.carfam.com/pre-owned-cars/detail/2019-Jeep-Grand-Cherokee/1564165,inventory,,,,,URL only; full vehicle galleries recorded to avoid huge download,url_only
,https://images.dealersync.com/3067/Photos/1564605/wm_b3883af902944f9eb5642632bd7bcf47_1564605.jpg,https://www.carfam.com/pre-owned-cars/detail/2014-Toyota-Avalon/1564605,inventory,,,,,URL only; full vehicle galleries recorded to avoid huge download,url_only
,https://images.dealersync.com/3067/Photos/1564605/20260813224943591_1786661383.jpg,https://www.carfam.com/pre-owned-cars/detail/2014-Toyota-Avalon/1564605,inventory,,,,,URL only; full vehicle galleries recorded to avoid huge download,url_only
,https://images.dealersync.com/3067/Photos/1564605/20260813225048664_1786661448.jpg,https://www.carfam.com/pre-owned-cars/detail/2014-Toyota-Avalon/1564605,inventory,,,,,URL only; full vehicle galleries recorded to avoid huge download,url_only
,https://images.dealersync.com/3067/Photos/1564605/20260813225057190_1786661456.jpg,https://www.carfam.com/pre-owned-cars/detail/2014-Toyota-Avalon/1564605,inventory,,,,,URL only; full vehicle galleries recorded to avoid huge download,url_only
,https://images.dealersync.com/3067/Photos/1564605/20260813225107282_1786661467.jpg,https://www.carfam.com/pre-owned-cars/detail/2014-Toyota-Avalon/1564605,inventory,,,,,URL only; full vehicle galleries recorded to avoid huge download,url_only
,https://images.dealersync.com/3067/Photos/1564605/20260813225125674_1786661485.jpg,https://www.carfam.com/pre-owned-cars/detail/2014-Toyota-Avalon/1564605,inventory,,,,,URL only; full vehicle galleries recorded to avoid huge download,url_only
,https://images.dealersync.com/3067/Photos/1564605/20260813225142681_1786661502.jpg,https://www.carfam.com/pre-owned-cars/detail/2014-Toyota-Avalon/1564605,inventory,,,,,URL only; full vehicle galleries recorded to avoid huge download,url_only
,https://images.dealersync.com/3067/Photos/1564605/20260813225238859_1786661558.jpg,https://www.carfam.com/pre-owned-cars/detail/2014-Toyota-Avalon/1564605,inventory,,,,,URL only; full vehicle galleries recorded to avoid huge download,url_only
,https://images.dealersync.com/3067/Photos/1564605/20260813225305589_1786661585.jpg,https://www.carfam.com/pre-owned-cars/detail/2014-Toyota-Avalon/1564605,inventory,,,,,URL only; full vehicle galleries recorded to avoid huge download,url_only
,https://images.dealersync.com/3067/Photos/1564605/20260813225335215_1786661614.jpg,https://www.carfam.com/pre-owned-cars/detail/2014-Toyota-Avalon/1564605,inventory,,,,,URL only; full vehicle galleries recorded to avoid huge download,url_only
,https://images.dealersync.com/3067/Photos/1564605/20260813225403023_1786661642.jpg,https://www.carfam.com/pre-owned-cars/detail/2014-Toyota-Avalon/1564605,inventory,,,,,URL only; full vehicle galleries recorded to avoid huge download,url_only
,https://images.dealersync.com/3067/Photos/1564605/20260813225412832_1786661652.jpg,https://www.carfam.com/pre-owned-cars/detail/2014-Toyota-Avalon/1564605,inventory,,,,,URL only; full vehicle galleries recorded to avoid huge download,url_only
,https://images.dealersync.com/3067/Photos/1564605/20260813225441905_1786661681.jpg,https://www.carfam.com/pre-owned-cars/detail/2014-Toyota-Avalon/1564605,inventory,,,,,URL only; full vehicle galleries recorded to avoid huge download,url_only
,https://images.dealersync.com/3067/Photos/1564605/20260813225456750_1786661696.jpg,https://www.carfam.com/pre-owned-cars/detail/2014-Toyota-Avalon/1564605,inventory,,,,,URL only; full vehicle galleries recorded to avoid huge download,url_only
,https://images.dealersync.com/3067/Photos/1564605/20260813225533772_1786661733.jpg,https://www.carfam.com/pre-owned-cars/detail/2014-Toyota-Avalon/1564605,inventory,,,,,URL only; full vehicle galleries recorded to avoid huge download,url_only
,https://images.dealersync.com/3067/Photos/1564605/20260813225540379_1786661739.jpg,https://www.carfam.com/pre-owned-cars/detail/2014-Toyota-Avalon/1564605,inventory,,,,,URL only; full vehicle galleries recorded to avoid huge download,url_only
,https://images.dealersync.com/3067/Photos/1564605/20260813225549306_1786661748.jpg,https://www.carfam.com/pre-owned-cars/detail/2014-Toyota-Avalon/1564605,inventory,,,,,URL only; full vehicle galleries recorded to avoid huge download,url_only
,https://images.dealersync.com/3067/Photos/1564605/20260813225608626_1786661768.jpg,https://www.carfam.com/pre-owned-cars/detail/2014-Toyota-Avalon/1564605,inventory,,,,,URL only; full vehicle galleries recorded to avoid huge download,url_only
,https://images.dealersync.com/3067/Photos/1564605/20260813225652787_1786661812.jpg,https://www.carfam.com/pre-owned-cars/detail/2014-Toyota-Avalon/1564605,inventory,,,,,URL only; full vehicle galleries recorded to avoid huge download,url_only
,https://images.dealersync.com/3067/Photos/1564605/20260813225701652_1786661821.jpg,https://www.carfam.com/pre-owned-cars/detail/2014-Toyota-Avalon/1564605,inventory,,,,,URL only; full vehicle galleries recorded to avoid huge download,url_only
,https://images.dealersync.com/3067/Photos/1564605/20260813225707603_1786661827.jpg,https://www.carfam.com/pre-owned-cars/detail/2014-Toyota-Avalon/1564605,inventory,,,,,URL only; full vehicle galleries recorded to avoid huge download,url_only
,https://images.dealersync.com/3067/Photos/1564605/20260813225715073_1786661834.jpg,https://www.carfam.com/pre-owned-cars/detail/2014-Toyota-Avalon/1564605,inventory,,,,,URL only; full vehicle galleries recorded to avoid huge download,url_only
,https://images.dealersync.com/3067/Photos/1564605/20260813225738684_1786661858.jpg,https://www.carfam.com/pre-owned-cars/detail/2014-Toyota-Avalon/1564605,inventory,,,,,URL only; full vehicle galleries recorded to avoid huge download,url_only
,https://images.dealersync.com/3067/Photos/1564605/20260813225911231_1786661950.jpg,https://www.carfam.com/pre-owned-cars/detail/2014-Toyota-Avalon/1564605,inventory,,,,,URL only; full vehicle galleries recorded to avoid huge download,url_only
,https://images.dealersync.com/3067/Photos/1564605/20260813225755754_1786661875.jpg,https://www.carfam.com/pre-owned-cars/detail/2014-Toyota-Avalon/1564605,inventory,,,,,URL only; full vehicle galleries recorded to avoid huge download,url_only
,https://images.dealersync.com/3067/Photos/1564605/20260813225801682_1786661881.jpg,https://www.carfam.com/pre-owned-cars/detail/2014-Toyota-Avalon/1564605,inventory,,,,,URL only; full vehicle galleries recorded to avoid huge download,url_only
,https://images.dealersync.com/3067/Photos/1564605/20260813225813549_1786661893.jpg,https://www.carfam.com/pre-owned-cars/detail/2014-Toyota-Avalon/1564605,inventory,,,,,URL only; full vehicle galleries recorded to avoid huge download,url_only
,https://images.dealersync.com/3067/Photos/1564605/20260813225822099_1786661901.jpg,https://www.carfam.com/pre-owned-cars/detail/2014-Toyota-Avalon/1564605,inventory,,,,,URL only; full vehicle galleries recorded to avoid huge download,url_only
,https://images.dealersync.com/3067/Photos/1564605/20260813225828007_1786661907.jpg,https://www.carfam.com/pre-owned-cars/detail/2014-Toyota-Avalon/1564605,inventory,,,,,URL only; full vehicle galleries recorded to avoid huge download,url_only
,https://images.dealersync.com/3067/Photos/1564927/wm_2b551310781e4f739a2a42c56359b619_1564927.jpg,https://www.carfam.com/pre-owned-cars/detail/2022-Hyundai-Sonata/1564927,inventory,,,,,URL only; full vehicle galleries recorded to avoid huge download,url_only
,https://images.dealersync.com/3067/Photos/1564927/20260814181944285_1786731583.jpg,https://www.carfam.com/pre-owned-cars/detail/2022-Hyundai-Sonata/1564927,inventory,,,,,URL only; full vehicle galleries recorded to avoid huge download,url_only
,https://images.dealersync.com/3067/Photos/1564927/20260814182000063_1786731599.jpg,https://www.carfam.com/pre-owned-cars/detail/2022-Hyundai-Sonata/1564927,inventory,,,,,URL only; full vehicle galleries recorded to avoid huge download,url_only
,https://images.dealersync.com/3067/Photos/1564927/20260814182009205_1786731608.jpg,https://www.carfam.com/pre-owned-cars/detail/2022-Hyundai-Sonata/1564927,inventory,,,,,URL only; full vehicle galleries recorded to avoid huge download,url_only
,https://images.dealersync.com/3067/Photos/1564927/20260814182019647_1786731619.jpg,https://www.carfam.com/pre-owned-cars/detail/2022-Hyundai-Sonata/1564927,inventory,,,,,URL only; full vehicle galleries recorded to avoid huge download,url_only
,https://images.dealersync.com/3067/Photos/1564927/20260814182049251_1786731648.jpg,https://www.carfam.com/pre-owned-cars/detail/2022-Hyundai-Sonata/1564927,inventory,,,,,URL only; full vehicle galleries recorded to avoid huge download,url_only
,https://images.dealersync.com/3067/Photos/1564927/20260814182056758_1786731656.jpg,https://www.carfam.com/pre-owned-cars/detail/2022-Hyundai-Sonata/1564927,inventory,,,,,URL only; full vehicle galleries recorded to avoid huge download,url_only
,https://images.dealersync.com/3067/Photos/1564927/20260814182111983_1786731671.jpg,https://www.carfam.com/pre-owned-cars/detail/2022-Hyundai-Sonata/1564927,inventory,,,,,URL only; full vehicle galleries recorded to avoid huge download,url_only
,https://images.dealersync.com/3067/Photos/1564927/20260814182128577_1786731688.jpg,https://www.carfam.com/pre-owned-cars/detail/2022-Hyundai-Sonata/1564927,inventory,,,,,URL only; full vehicle galleries recorded to avoid huge download,url_only
,https://images.dealersync.com/3067/Photos/1564927/20260814182150406_1786731709.jpg,https://www.carfam.com/pre-owned-cars/detail/2022-Hyundai-Sonata/1564927,inventory,,,,,URL only; full vehicle galleries recorded to avoid huge download,url_only
,https://images.dealersync.com/3067/Photos/1564927/20260814182311229_1786731790.jpg,https://www.carfam.com/pre-owned-cars/detail/2022-Hyundai-Sonata/1564927,inventory,,,,,URL only; full vehicle galleries recorded to avoid huge download,url_only
,https://images.dealersync.com/3067/Photos/1564927/20260814182317823_1786731797.jpg,https://www.carfam.com/pre-owned-cars/detail/2022-Hyundai-Sonata/1564927,inventory,,,,,URL only; full vehicle galleries recorded to avoid huge download,url_only
,https://images.dealersync.com/3067/Photos/1564927/20260814182340984_1786731820.jpg,https://www.carfam.com/pre-owned-cars/detail/2022-Hyundai-Sonata/1564927,inventory,,,,,URL only; full vehicle galleries recorded to avoid huge download,url_only
,https://images.dealersync.com/3067/Photos/1564927/20260814182346980_1786731826.jpg,https://www.carfam.com/pre-owned-cars/detail/2022-Hyundai-Sonata/1564927,inventory,,,,,URL only; full vehicle galleries recorded to avoid huge download,url_only
,https://images.dealersync.com/3067/Photos/1564927/20260814182440581_1786731879.jpg,https://www.carfam.com/pre-owned-cars/detail/2022-Hyundai-Sonata/1564927,inventory,,,,,URL only; full vehicle galleries recorded to avoid huge download,url_only
,https://images.dealersync.com/3067/Photos/1564927/20260814182454873_1786731894.jpg,https://www.carfam.com/pre-owned-cars/detail/2022-Hyundai-Sonata/1564927,inventory,,,,,URL only; full vehicle galleries recorded to avoid huge download,url_only
,https://images.dealersync.com/3067/Photos/1564927/20260814182503377_1786731903.jpg,https://www.carfam.com/pre-owned-cars/detail/2022-Hyundai-Sonata/1564927,inventory,,,,,URL only; full vehicle galleries recorded to avoid huge download,url_only
,https://images.dealersync.com/3067/Photos/1564927/20260814182523475_1786731923.jpg,https://www.carfam.com/pre-owned-cars/detail/2022-Hyundai-Sonata/1564927,inventory,,,,,URL only; full vehicle galleries recorded to avoid huge download,url_only
,https://images.dealersync.com/3067/Photos/1564927/20260814182529861_1786731929.jpg,https://www.carfam.com/pre-owned-cars/detail/2022-Hyundai-Sonata/1564927,inventory,,,,,URL only; full vehicle galleries recorded to avoid huge download,url_only
,https://images.dealersync.com/3067/Photos/1564927/20260814182544729_1786731944.jpg,https://www.carfam.com/pre-owned-cars/detail/2022-Hyundai-Sonata/1564927,inventory,,,,,URL only; full vehicle galleries recorded to avoid huge download,url_only
,https://images.dealersync.com/3067/Photos/1564927/20260814182552080_1786731951.jpg,https://www.carfam.com/pre-owned-cars/detail/2022-Hyundai-Sonata/1564927,inventory,,,,,URL only; full vehicle galleries recorded to avoid huge download,url_only
,https://images.dealersync.com/3067/Photos/1564927/20260814183111929_1786732271.jpg,https://www.carfam.com/pre-owned-cars/detail/2022-Hyundai-Sonata/1564927,inventory,,,,,URL only; full vehicle galleries recorded to avoid huge download,url_only
,https://images.dealersync.com/3067/Photos/1564927/20260814182617730_1786731977.jpg,https://www.carfam.com/pre-owned-cars/detail/2022-Hyundai-Sonata/1564927,inventory,,,,,URL only; full vehicle galleries recorded to avoid huge download,url_only
,https://images.dealersync.com/3067/Photos/1564927/20260814183054371_1786732253.jpg,https://www.carfam.com/pre-owned-cars/detail/2022-Hyundai-Sonata/1564927,inventory,,,,,URL only; full vehicle galleries recorded to avoid huge download,url_only
,https://images.dealersync.com/3067/Photos/1564927/20260814182627463_1786731987.jpg,https://www.carfam.com/pre-owned-cars/detail/2022-Hyundai-Sonata/1564927,inventory,,,,,URL only; full vehicle galleries recorded to avoid huge download,url_only
,https://images.dealersync.com/3067/Photos/1564927/20260814182650092_1786732009.jpg,https://www.carfam.com/pre-owned-cars/detail/2022-Hyundai-Sonata/1564927,inventory,,,,,URL only; full vehicle galleries recorded to avoid huge download,url_only
,https://images.dealersync.com/3067/Photos/1564927/20260814182952211_1786732189.jpg,https://www.carfam.com/pre-owned-cars/detail/2022-Hyundai-Sonata/1564927,inventory,,,,,URL only; full vehicle galleries recorded to avoid huge download,url_only
,https://images.dealersync.com/3067/Photos/1564927/20260814183003169_1786732202.jpg,https://www.carfam.com/pre-owned-cars/detail/2022-Hyundai-Sonata/1564927,inventory,,,,,URL only; full vehicle galleries recorded to avoid huge download,url_only
,https://images.dealersync.com/3067/Photos/1564927/20260814183017393_1786732217.jpg,https://www.carfam.com/pre-owned-cars/detail/2022-Hyundai-Sonata/1564927,inventory,,,,,URL only; full vehicle galleries recorded to avoid huge download,url_only
,https://images.dealersync.com/3067/Photos/1564927/20260814183031621_1786732231.jpg,https://www.carfam.com/pre-owned-cars/detail/2022-Hyundai-Sonata/1564927,inventory,,,,,URL only; full vehicle galleries recorded to avoid huge download,url_only
,https://images.dealersync.com/3067/Photos/1564977/wm_6af2ef2974894c299d918e9625d306fe_1564977.jpg,https://www.carfam.com/pre-owned-cars/detail/2023-GMC-Sierra-1500/1564977,inventory,,,,,URL only; full vehicle galleries recorded to avoid huge download,url_only
,https://images.dealersync.com/3067/Photos/1564977/20260813230926631_1786662566.jpg,https://www.carfam.com/pre-owned-cars/detail/2023-GMC-Sierra-1500/1564977,inventory,,,,,URL only; full vehicle galleries recorded to avoid huge download,url_only
,https://images.dealersync.com/3067/Photos/1564977/20260813231159485_1786662718.jpg,https://www.carfam.com/pre-owned-cars/detail/2023-GMC-Sierra-1500/1564977,inventory,,,,,URL only; full vehicle galleries recorded to avoid huge download,url_only
,https://images.dealersync.com/3067/Photos/1564977/20260813231206684_1786662726.jpg,https://www.carfam.com/pre-owned-cars/detail/2023-GMC-Sierra-1500/1564977,inventory,,,,,URL only; full vehicle galleries recorded to avoid huge download,url_only
,https://images.dealersync.com/3067/Photos/1564977/20260813231216170_1786662735.jpg,https://www.carfam.com/pre-owned-cars/detail/2023-GMC-Sierra-1500/1564977,inventory,,,,,URL only; full vehicle galleries recorded to avoid huge download,url_only
,https://images.dealersync.com/3067/Photos/1564977/20260813231231242_1786662750.jpg,https://www.carfam.com/pre-owned-cars/detail/2023-GMC-Sierra-1500/1564977,inventory,,,,,URL only; full vehicle galleries recorded to avoid huge download,url_only
,https://images.dealersync.com/3067/Photos/1564977/20260813231245069_1786662764.jpg,https://www.carfam.com/pre-owned-cars/detail/2023-GMC-Sierra-1500/1564977,inventory,,,,,URL only; full vehicle galleries recorded to avoid huge download,url_only
,https://images.dealersync.com/3067/Photos/1564977/20260813231254120_1786662773.jpg,https://www.carfam.com/pre-owned-cars/detail/2023-GMC-Sierra-1500/1564977,inventory,,,,,URL only; full vehicle galleries recorded to avoid huge download,url_only
,https://images.dealersync.com/3067/Photos/1564977/20260813231311242_1786662790.jpg,https://www.carfam.com/pre-owned-cars/detail/2023-GMC-Sierra-1500/1564977,inventory,,,,,URL only; full vehicle galleries recorded to avoid huge download,url_only
,https://images.dealersync.com/3067/Photos/1564977/20260813231349238_1786662828.jpg,https://www.carfam.com/pre-owned-cars/detail/2023-GMC-Sierra-1500/1564977,inventory,,,,,URL only; full vehicle galleries recorded to avoid huge download,url_only
,https://images.dealersync.com/3067/Photos/1564977/20260813231354234_1786662833.jpg,https://www.carfam.com/pre-owned-cars/detail/2023-GMC-Sierra-1500/1564977,inventory,,,,,URL only; full vehicle galleries recorded to avoid huge download,url_only
,https://images.dealersync.com/3067/Photos/1564977/20260813231408317_1786662847.jpg,https://www.carfam.com/pre-owned-cars/detail/2023-GMC-Sierra-1500/1564977,inventory,,,,,URL only; full vehicle galleries recorded to avoid huge download,url_only
,https://images.dealersync.com/3067/Photos/1564977/20260813231439884_1786662879.jpg,https://www.carfam.com/pre-owned-cars/detail/2023-GMC-Sierra-1500/1564977,inventory,,,,,URL only; full vehicle galleries recorded to avoid huge download,url_only
,https://images.dealersync.com/3067/Photos/1564977/20260813231445768_1786662885.jpg,https://www.carfam.com/pre-owned-cars/detail/2023-GMC-Sierra-1500/1564977,inventory,,,,,URL only; full vehicle galleries recorded to avoid huge download,url_only
,https://images.dealersync.com/3067/Photos/1564977/20260813231505415_1786662904.jpg,https://www.carfam.com/pre-owned-cars/detail/2023-GMC-Sierra-1500/1564977,inventory,,,,,URL only; full vehicle galleries recorded to avoid huge download,url_only
,https://images.dealersync.com/3067/Photos/1564977/20260813231511337_1786662911.jpg,https://www.carfam.com/pre-owned-cars/detail/2023-GMC-Sierra-1500/1564977,inventory,,,,,URL only; full vehicle galleries recorded to avoid huge download,url_only
,https://images.dealersync.com/3067/Photos/1564977/20260813231516989_1786662916.jpg,https://www.carfam.com/pre-owned-cars/detail/2023-GMC-Sierra-1500/1564977,inventory,,,,,URL only; full vehicle galleries recorded to avoid huge download,url_only
,https://images.dealersync.com/3067/Photos/1564977/20260813231540316_1786662939.jpg,https://www.carfam.com/pre-owned-cars/detail/2023-GMC-Sierra-1500/1564977,inventory,,,,,URL only; full vehicle galleries recorded to avoid huge download,url_only
,https://images.dealersync.com/3067/Photos/1564977/20260813231802810_1786663081.jpg,https://www.carfam.com/pre-owned-cars/detail/2023-GMC-Sierra-1500/1564977,inventory,,,,,URL only; full vehicle galleries recorded to avoid huge download,url_only
,https://images.dealersync.com/3067/Photos/1564977/20260813231546932_1786662946.jpg,https://www.carfam.com/pre-owned-cars/detail/2023-GMC-Sierra-1500/1564977,inventory,,,,,URL only; full vehicle galleries recorded to avoid huge download,url_only
,https://images.dealersync.com/3067/Photos/1564977/20260813231553990_1786662953.jpg,https://www.carfam.com/pre-owned-cars/detail/2023-GMC-Sierra-1500/1564977,inventory,,,,,URL only; full vehicle galleries recorded to avoid huge download,url_only
,https://images.dealersync.com/3067/Photos/1564977/20260813231641352_1786663000.jpg,https://www.carfam.com/pre-owned-cars/detail/2023-GMC-Sierra-1500/1564977,inventory,,,,,URL only; full vehicle galleries recorded to avoid huge download,url_only
,https://images.dealersync.com/3067/Photos/1564977/20260813231648565_1786663008.jpg,https://www.carfam.com/pre-owned-cars/detail/2023-GMC-Sierra-1500/1564977,inventory,,,,,URL only; full vehicle galleries recorded to avoid huge download,url_only
,https://images.dealersync.com/3067/Photos/1564977/20260813231705332_1786663024.jpg,https://www.carfam.com/pre-owned-cars/detail/2023-GMC-Sierra-1500/1564977,inventory,,,,,URL only; full vehicle galleries recorded to avoid huge download,url_only
,https://images.dealersync.com/3067/Photos/1564977/20260813231859227_1786663138.jpg,https://www.carfam.com/pre-owned-cars/detail/2023-GMC-Sierra-1500/1564977,inventory,,,,,URL only; full vehicle galleries recorded to avoid huge download,url_only
,https://images.dealersync.com/3067/Photos/1564977/20260813231723839_1786663043.jpg,https://www.carfam.com/pre-owned-cars/detail/2023-GMC-Sierra-1500/1564977,inventory,,,,,URL only; full vehicle galleries recorded to avoid huge download,url_only
,https://images.dealersync.com/3067/Photos/1564977/20260813231734328_1786663053.jpg,https://www.carfam.com/pre-owned-cars/detail/2023-GMC-Sierra-1500/1564977,inventory,,,,,URL only; full vehicle galleries recorded to avoid huge download,url_only
,https://images.dealersync.com/3067/Photos/1564977/20260813231740887_1786663060.jpg,https://www.carfam.com/pre-owned-cars/detail/2023-GMC-Sierra-1500/1564977,inventory,,,,,URL only; full vehicle galleries recorded to avoid huge download,url_only
,https://images.dealersync.com/3067/Photos/1564977/20260813231750119_1786663069.jpg,https://www.carfam.com/pre-owned-cars/detail/2023-GMC-Sierra-1500/1564977,inventory,,,,,URL only; full vehicle galleries recorded to avoid huge download,url_only
,https://images.dealersync.com/3067/Photos/1565180/wm_79e455aa3d204ead8365ae3b74760319_1565180.jpg,https://www.carfam.com/pre-owned-cars/detail/2012-Chevrolet-Tahoe/1565180,inventory,,,,,URL only; full vehicle galleries recorded to avoid huge download,url_only
,https://images.dealersync.com/3067/Photos/1565180/20260912003200454_1789173120.jpg,https://www.carfam.com/pre-owned-cars/detail/2012-Chevrolet-Tahoe/1565180,inventory,,,,,URL only; full vehicle galleries recorded to avoid huge download,url_only
,https://images.dealersync.com/3067/Photos/1565180/20260912003215138_1789173134.jpg,https://www.carfam.com/pre-owned-cars/detail/2012-Chevrolet-Tahoe/1565180,inventory,,,,,URL only; full vehicle galleries recorded to avoid huge download,url_only
,https://images.dealersync.com/3067/Photos/1565180/20260912003227096_1789173146.jpg,https://www.carfam.com/pre-owned-cars/detail/2012-Chevrolet-Tahoe/1565180,inventory,,,,,URL only; full vehicle galleries recorded to avoid huge download,url_only
,https://images.dealersync.com/3067/Photos/1565180/20260912003236119_1789173155.jpg,https://www.carfam.com/pre-owned-cars/detail/2012-Chevrolet-Tahoe/1565180,inventory,,,,,URL only; full vehicle galleries recorded to avoid huge download,url_only
,https://images.dealersync.com/3067/Photos/1565180/20260912003251798_1789173171.jpg,https://www.carfam.com/pre-owned-cars/detail/2012-Chevrolet-Tahoe/1565180,inventory,,,,,URL only; full vehicle galleries recorded to avoid huge download,url_only
,https://images.dealersync.com/3067/Photos/1565180/20260912003301585_1789173181.jpg,https://www.carfam.com/pre-owned-cars/detail/2012-Chevrolet-Tahoe/1565180,inventory,,,,,URL only; full vehicle galleries recorded to avoid huge download,url_only
,https://images.dealersync.com/3067/Photos/1565180/20260912003311922_1789173191.jpg,https://www.carfam.com/pre-owned-cars/detail/2012-Chevrolet-Tahoe/1565180,inventory,,,,,URL only; full vehicle galleries recorded to avoid huge download,url_only
,https://images.dealersync.com/3067/Photos/1565180/20260912003325212_1789173204.jpg,https://www.carfam.com/pre-owned-cars/detail/2012-Chevrolet-Tahoe/1565180,inventory,,,,,URL only; full vehicle galleries recorded to avoid huge download,url_only
,https://images.dealersync.com/3067/Photos/1565180/20260912003336504_1789173216.jpg,https://www.carfam.com/pre-owned-cars/detail/2012-Chevrolet-Tahoe/1565180,inventory,,,,,URL only; full vehicle galleries recorded to avoid huge download,url_only
,https://images.dealersync.com/3067/Photos/1565180/20260912003350164_1789173229.jpg,https://www.carfam.com/pre-owned-cars/detail/2012-Chevrolet-Tahoe/1565180,inventory,,,,,URL only; full vehicle galleries recorded to avoid huge download,url_only
,https://images.dealersync.com/3067/Photos/1565180/20260912003355441_1789173235.jpg,https://www.carfam.com/pre-owned-cars/detail/2012-Chevrolet-Tahoe/1565180,inventory,,,,,URL only; full vehicle galleries recorded to avoid huge download,url_only
,https://images.dealersync.com/3067/Photos/1565180/20260912003402964_1789173242.jpg,https://www.carfam.com/pre-owned-cars/detail/2012-Chevrolet-Tahoe/1565180,inventory,,,,,URL only; full vehicle galleries recorded to avoid huge download,url_only
,https://images.dealersync.com/3067/Photos/1565180/20260912003422826_1789173262.jpg,https://www.carfam.com/pre-owned-cars/detail/2012-Chevrolet-Tahoe/1565180,inventory,,,,,URL only; full vehicle galleries recorded to avoid huge download,url_only
,https://images.dealersync.com/3067/Photos/1565180/20260912003433775_1789173273.jpg,https://www.carfam.com/pre-owned-cars/detail/2012-Chevrolet-Tahoe/1565180,inventory,,,,,URL only; full vehicle galleries recorded to avoid huge download,url_only
,https://images.dealersync.com/3067/Photos/1565180/20260912003448808_1789173288.jpg,https://www.carfam.com/pre-owned-cars/detail/2012-Chevrolet-Tahoe/1565180,inventory,,,,,URL only; full vehicle galleries recorded to avoid huge download,url_only
,https://images.dealersync.com/3067/Photos/1565180/20260912003454598_1789173294.jpg,https://www.carfam.com/pre-owned-cars/detail/2012-Chevrolet-Tahoe/1565180,inventory,,,,,URL only; full vehicle galleries recorded to avoid huge download,url_only
,https://images.dealersync.com/3067/Photos/1565180/20260912003509525_1789173309.jpg,https://www.carfam.com/pre-owned-cars/detail/2012-Chevrolet-Tahoe/1565180,inventory,,,,,URL only; full vehicle galleries recorded to avoid huge download,url_only
,https://images.dealersync.com/3067/Photos/1565180/20260912003515647_1789173315.jpg,https://www.carfam.com/pre-owned-cars/detail/2012-Chevrolet-Tahoe/1565180,inventory,,,,,URL only; full vehicle galleries recorded to avoid huge download,url_only
,https://images.dealersync.com/3067/Photos/1565180/20260912003540717_1789173340.jpg,https://www.carfam.com/pre-owned-cars/detail/2012-Chevrolet-Tahoe/1565180,inventory,,,,,URL only; full vehicle galleries recorded to avoid huge download,url_only
,https://images.dealersync.com/3067/Photos/1565180/20260912003550535_1789173349.jpg,https://www.carfam.com/pre-owned-cars/detail/2012-Chevrolet-Tahoe/1565180,inventory,,,,,URL only; full vehicle galleries recorded to avoid huge download,url_only
,https://images.dealersync.com/3067/Photos/1565180/20260912003556063_1789173355.jpg,https://www.carfam.com/pre-owned-cars/detail/2012-Chevrolet-Tahoe/1565180,inventory,,,,,URL only; full vehicle galleries recorded to avoid huge download,url_only
,https://images.dealersync.com/3067/Photos/1565180/20260912003627885_1789173387.jpg,https://www.carfam.com/pre-owned-cars/detail/2012-Chevrolet-Tahoe/1565180,inventory,,,,,URL only; full vehicle galleries recorded to avoid huge download,url_only
,https://images.dealersync.com/3067/Photos/1565180/20260912003634679_1789173394.jpg,https://www.carfam.com/pre-owned-cars/detail/2012-Chevrolet-Tahoe/1565180,inventory,,,,,URL only; full vehicle galleries recorded to avoid huge download,url_only
,https://images.dealersync.com/3067/Photos/1565180/20260912003640963_1789173400.jpg,https://www.carfam.com/pre-owned-cars/detail/2012-Chevrolet-Tahoe/1565180,inventory,,,,,URL only; full vehicle galleries recorded to avoid huge download,url_only
,https://images.dealersync.com/3067/Photos/1565180/20260912003645855_1789173405.jpg,https://www.carfam.com/pre-owned-cars/detail/2012-Chevrolet-Tahoe/1565180,inventory,,,,,URL only; full vehicle galleries recorded to avoid huge download,url_only
,https://images.dealersync.com/3067/Photos/1565180/20260912003655170_1789173414.jpg,https://www.carfam.com/pre-owned-cars/detail/2012-Chevrolet-Tahoe/1565180,inventory,,,,,URL only; full vehicle galleries recorded to avoid huge download,url_only
,https://images.dealersync.com/3067/Photos/1565180/20260912003712580_1789173432.jpg,https://www.carfam.com/pre-owned-cars/detail/2012-Chevrolet-Tahoe/1565180,inventory,,,,,URL only; full vehicle galleries recorded to avoid huge download,url_only
,https://images.dealersync.com/3067/Photos/1565299/wm_2a8f4eb99cec4f62a1f03b9e458dfd29_1565299.jpg,https://www.carfam.com/pre-owned-cars/detail/2024-GMC-Sierra-2500HD/1565299,inventory,,,,,URL only; full vehicle galleries recorded to avoid huge download,url_only
,https://images.dealersync.com/3067/Photos/1565299/20260813001607549_1786580166.jpg,https://www.carfam.com/pre-owned-cars/detail/2024-GMC-Sierra-2500HD/1565299,inventory,,,,,URL only; full vehicle galleries recorded to avoid huge download,url_only
,https://images.dealersync.com/3067/Photos/1565299/20260813001622882_1786580182.jpg,https://www.carfam.com/pre-owned-cars/detail/2024-GMC-Sierra-2500HD/1565299,inventory,,,,,URL only; full vehicle galleries recorded to avoid huge download,url_only
,https://images.dealersync.com/3067/Photos/1565299/20260813001634760_1786580194.jpg,https://www.carfam.com/pre-owned-cars/detail/2024-GMC-Sierra-2500HD/1565299,inventory,,,,,URL only; full vehicle galleries recorded to avoid huge download,url_only
,https://images.dealersync.com/3067/Photos/1565299/20260813001737146_1786580256.jpg,https://www.carfam.com/pre-owned-cars/detail/2024-GMC-Sierra-2500HD/1565299,inventory,,,,,URL only; full vehicle galleries recorded to avoid huge download,url_only
,https://images.dealersync.com/3067/Photos/1565299/20260813001749596_1786580269.jpg,https://www.carfam.com/pre-owned-cars/detail/2024-GMC-Sierra-2500HD/1565299,inventory,,,,,URL only; full vehicle galleries recorded to avoid huge download,url_only
,https://images.dealersync.com/3067/Photos/1565299/20260813001804447_1786580283.jpg,https://www.carfam.com/pre-owned-cars/detail/2024-GMC-Sierra-2500HD/1565299,inventory,,,,,URL only; full vehicle galleries recorded to avoid huge download,url_only
,https://images.dealersync.com/3067/Photos/1565299/20260813001821719_1786580301.jpg,https://www.carfam.com/pre-owned-cars/detail/2024-GMC-Sierra-2500HD/1565299,inventory,,,,,URL only; full vehicle galleries recorded to avoid huge download,url_only
,https://images.dealersync.com/3067/Photos/1565299/20260813002046027_1786580445.jpg,https://www.carfam.com/pre-owned-cars/detail/2024-GMC-Sierra-2500HD/1565299,inventory,,,,,URL only; full vehicle galleries recorded to avoid huge download,url_only
,https://images.dealersync.com/3067/Photos/1565299/20260813001831708_1786580311.jpg,https://www.carfam.com/pre-owned-cars/detail/2024-GMC-Sierra-2500HD/1565299,inventory,,,,,URL only; full vehicle galleries recorded to avoid huge download,url_only
,https://images.dealersync.com/3067/Photos/1565299/20260813001657587_1786580217.jpg,https://www.carfam.com/pre-owned-cars/detail/2024-GMC-Sierra-2500HD/1565299,inventory,,,,,URL only; full vehicle galleries recorded to avoid huge download,url_only
,https://images.dealersync.com/3067/Photos/1565299/20260813001645397_1786580205.jpg,https://www.carfam.com/pre-owned-cars/detail/2024-GMC-Sierra-2500HD/1565299,inventory,,,,,URL only; full vehicle galleries recorded to avoid huge download,url_only
,https://images.dealersync.com/3067/Photos/1565299/20260813001839097_1786580318.jpg,https://www.carfam.com/pre-owned-cars/detail/2024-GMC-Sierra-2500HD/1565299,inventory,,,,,URL only; full vehicle galleries recorded to avoid huge download,url_only
,https://images.dealersync.com/3067/Photos/1565299/20260813001920316_1786580360.jpg,https://www.carfam.com/pre-owned-cars/detail/2024-GMC-Sierra-2500HD/1565299,inventory,,,,,URL only; full vehicle galleries recorded to avoid huge download,url_only
,https://images.dealersync.com/3067/Photos/1565299/20260813001936513_1786580376.jpg,https://www.carfam.com/pre-owned-cars/detail/2024-GMC-Sierra-2500HD/1565299,inventory,,,,,URL only; full vehicle galleries recorded to avoid huge download,url_only
,https://images.dealersync.com/3067/Photos/1565299/20260813001943142_1786580382.jpg,https://www.carfam.com/pre-owned-cars/detail/2024-GMC-Sierra-2500HD/1565299,inventory,,,,,URL only; full vehicle galleries recorded to avoid huge download,url_only
,https://images.dealersync.com/3067/Photos/1565299/20260813001954084_1786580393.jpg,https://www.carfam.com/pre-owned-cars/detail/2024-GMC-Sierra-2500HD/1565299,inventory,,,,,URL only; full vehicle galleries recorded to avoid huge download,url_only
,https://images.dealersync.com/3067/Photos/1565299/20260813002024763_1786580424.jpg,https://www.carfam.com/pre-owned-cars/detail/2024-GMC-Sierra-2500HD/1565299,inventory,,,,,URL only; full vehicle galleries recorded to avoid huge download,url_only
,https://images.dealersync.com/3067/Photos/1565299/20260813002032440_1786580431.jpg,https://www.carfam.com/pre-owned-cars/detail/2024-GMC-Sierra-2500HD/1565299,inventory,,,,,URL only; full vehicle galleries recorded to avoid huge download,url_only
,https://images.dealersync.com/3067/Photos/1565299/20260813002142538_1786580502.jpg,https://www.carfam.com/pre-owned-cars/detail/2024-GMC-Sierra-2500HD/1565299,inventory,,,,,URL only; full vehicle galleries recorded to avoid huge download,url_only
,https://images.dealersync.com/3067/Photos/1565299/20260813002122391_1786580481.jpg,https://www.carfam.com/pre-owned-cars/detail/2024-GMC-Sierra-2500HD/1565299,inventory,,,,,URL only; full vehicle galleries recorded to avoid huge download,url_only
,https://images.dealersync.com/3067/Photos/1565299/20260813002133329_1786580493.jpg,https://www.carfam.com/pre-owned-cars/detail/2024-GMC-Sierra-2500HD/1565299,inventory,,,,,URL only; full vehicle galleries recorded to avoid huge download,url_only
,https://images.dealersync.com/3067/Photos/1565299/20260813002226312_1786580545.jpg,https://www.carfam.com/pre-owned-cars/detail/2024-GMC-Sierra-2500HD/1565299,inventory,,,,,URL only; full vehicle galleries recorded to avoid huge download,url_only
,https://images.dealersync.com/3067/Photos/1565299/20260813002233361_1786580552.jpg,https://www.carfam.com/pre-owned-cars/detail/2024-GMC-Sierra-2500HD/1565299,inventory,,,,,URL only; full vehicle galleries recorded to avoid huge download,url_only
,https://images.dealersync.com/3067/Photos/1565299/20260813002243028_1786580562.jpg,https://www.carfam.com/pre-owned-cars/detail/2024-GMC-Sierra-2500HD/1565299,inventory,,,,,URL only; full vehicle galleries recorded to avoid huge download,url_only
,https://images.dealersync.com/3067/Photos/1565299/20260813002249248_1786580568.jpg,https://www.carfam.com/pre-owned-cars/detail/2024-GMC-Sierra-2500HD/1565299,inventory,,,,,URL only; full vehicle galleries recorded to avoid huge download,url_only
,https://images.dealersync.com/3067/Photos/1565299/20260813002256268_1786580575.jpg,https://www.carfam.com/pre-owned-cars/detail/2024-GMC-Sierra-2500HD/1565299,inventory,,,,,URL only; full vehicle galleries recorded to avoid huge download,url_only
,https://images.dealersync.com/3067/Photos/1565299/20260813002312894_1786580592.jpg,https://www.carfam.com/pre-owned-cars/detail/2024-GMC-Sierra-2500HD/1565299,inventory,,,,,URL only; full vehicle galleries recorded to avoid huge download,url_only
,https://images.dealersync.com/3067/Photos/1565299/20260813002513991_1786580713.jpg,https://www.carfam.com/pre-owned-cars/detail/2024-GMC-Sierra-2500HD/1565299,inventory,,,,,URL only; full vehicle galleries recorded to avoid huge download,url_only
,https://images.dealersync.com/3067/Photos/1565299/20260813002521761_1786580721.jpg,https://www.carfam.com/pre-owned-cars/detail/2024-GMC-Sierra-2500HD/1565299,inventory,,,,,URL only; full vehicle galleries recorded to avoid huge download,url_only
,https://images.dealersync.com/3067/Photos/1565299/20260813002323608_1786580603.jpg,https://www.carfam.com/pre-owned-cars/detail/2024-GMC-Sierra-2500HD/1565299,inventory,,,,,URL only; full vehicle galleries recorded to avoid huge download,url_only
,https://images.dealersync.com/3067/Photos/1565299/20260813002349343_1786580628.jpg,https://www.carfam.com/pre-owned-cars/detail/2024-GMC-Sierra-2500HD/1565299,inventory,,,,,URL only; full vehicle galleries recorded to avoid huge download,url_only
,https://images.dealersync.com/3067/Photos/1565299/20260813002402523_1786580641.jpg,https://www.carfam.com/pre-owned-cars/detail/2024-GMC-Sierra-2500HD/1565299,inventory,,,,,URL only; full vehicle galleries recorded to avoid huge download,url_only
,https://images.dealersync.com/3067/Photos/1565299/20260813002427837_1786580667.jpg,https://www.carfam.com/pre-owned-cars/detail/2024-GMC-Sierra-2500HD/1565299,inventory,,,,,URL only; full vehicle galleries recorded to avoid huge download,url_only
,https://images.dealersync.com/3067/Photos/1565299/20260813002439576_1786580679.jpg,https://www.carfam.com/pre-owned-cars/detail/2024-GMC-Sierra-2500HD/1565299,inventory,,,,,URL only; full vehicle galleries recorded to avoid huge download,url_only
,https://images.dealersync.com/3067/Photos/1565299/20260813002449929_1786580689.jpg,https://www.carfam.com/pre-owned-cars/detail/2024-GMC-Sierra-2500HD/1565299,inventory,,,,,URL only; full vehicle galleries recorded to avoid huge download,url_only
,https://images.dealersync.com/3067/Photos/1565299/20260813002537574_1786580737.jpg,https://www.carfam.com/pre-owned-cars/detail/2024-GMC-Sierra-2500HD/1565299,inventory,,,,,URL only; full vehicle galleries recorded to avoid huge download,url_only
,https://images.dealersync.com/3067/Photos/1565299/20260813004735085_9a1345a5-d3b0-413d-8966-624a304500c6.png,https://www.carfam.com/pre-owned-cars/detail/2024-GMC-Sierra-2500HD/1565299,inventory,,,,,URL only; full vehicle galleries recorded to avoid huge download,url_only
,https://images.dealersync.com/3067/Photos/1565706/20260813232929397_1786663768.jpg,https://www.carfam.com/pre-owned-cars/detail/2021-BMW-Z4/1565706,inventory,,,,,URL only; full vehicle galleries recorded to avoid huge download,url_only
,https://images.dealersync.com/3067/Photos/1565706/20260813232943187_1786663782.jpg,https://www.carfam.com/pre-owned-cars/detail/2021-BMW-Z4/1565706,inventory,,,,,URL only; full vehicle galleries recorded to avoid huge download,url_only
,https://images.dealersync.com/3067/Photos/1565706/20260813232951655_1786663791.jpg,https://www.carfam.com/pre-owned-cars/detail/2021-BMW-Z4/1565706,inventory,,,,,URL only; full vehicle galleries recorded to avoid huge download,url_only
,https://images.dealersync.com/3067/Photos/1565706/20260813233004725_1786663804.jpg,https://www.carfam.com/pre-owned-cars/detail/2021-BMW-Z4/1565706,inventory,,,,,URL only; full vehicle galleries recorded to avoid huge download,url_only
,https://images.dealersync.com/3067/Photos/1565706/20260813233021286_1786663820.jpg,https://www.carfam.com/pre-owned-cars/detail/2021-BMW-Z4/1565706,inventory,,,,,URL only; full vehicle galleries recorded to avoid huge download,url_only
,https://images.dealersync.com/3067/Photos/1565706/20260813233032340_1786663831.jpg,https://www.carfam.com/pre-owned-cars/detail/2021-BMW-Z4/1565706,inventory,,,,,URL only; full vehicle galleries recorded to avoid huge download,url_only
,https://images.dealersync.com/3067/Photos/1565706/20260813233040924_1786663840.jpg,https://www.carfam.com/pre-owned-cars/detail/2021-BMW-Z4/1565706,inventory,,,,,URL only; full vehicle galleries recorded to avoid huge download,url_only
,https://images.dealersync.com/3067/Photos/1565706/20260813233240674_1786663960.jpg,https://www.carfam.com/pre-owned-cars/detail/2021-BMW-Z4/1565706,inventory,,,,,URL only; full vehicle galleries recorded to avoid huge download,url_only
,https://images.dealersync.com/3067/Photos/1565706/20260813233303058_1786663982.jpg,https://www.carfam.com/pre-owned-cars/detail/2021-BMW-Z4/1565706,inventory,,,,,URL only; full vehicle galleries recorded to avoid huge download,url_only
,https://images.dealersync.com/3067/Photos/1565706/20260813233314490_1786663994.jpg,https://www.carfam.com/pre-owned-cars/detail/2021-BMW-Z4/1565706,inventory,,,,,URL only; full vehicle galleries recorded to avoid huge download,url_only
,https://images.dealersync.com/3067/Photos/1565706/20260813233321613_1786664001.jpg,https://www.carfam.com/pre-owned-cars/detail/2021-BMW-Z4/1565706,inventory,,,,,URL only; full vehicle galleries recorded to avoid huge download,url_only
,https://images.dealersync.com/3067/Photos/1565706/20260813233335427_1786664014.jpg,https://www.carfam.com/pre-owned-cars/detail/2021-BMW-Z4/1565706,inventory,,,,,URL only; full vehicle galleries recorded to avoid huge download,url_only
,https://images.dealersync.com/3067/Photos/1565706/20260813233348257_1786664027.jpg,https://www.carfam.com/pre-owned-cars/detail/2021-BMW-Z4/1565706,inventory,,,,,URL only; full vehicle galleries recorded to avoid huge download,url_only
,https://images.dealersync.com/3067/Photos/1565706/20260813233401894_1786664041.jpg,https://www.carfam.com/pre-owned-cars/detail/2021-BMW-Z4/1565706,inventory,,,,,URL only; full vehicle galleries recorded to avoid huge download,url_only
,https://images.dealersync.com/3067/Photos/1565706/20260813233409460_1786664049.jpg,https://www.carfam.com/pre-owned-cars/detail/2021-BMW-Z4/1565706,inventory,,,,,URL only; full vehicle galleries recorded to avoid huge download,url_only
,https://images.dealersync.com/3067/Photos/1565706/20260813233419067_1786664058.jpg,https://www.carfam.com/pre-owned-cars/detail/2021-BMW-Z4/1565706,inventory,,,,,URL only; full vehicle galleries recorded to avoid huge download,url_only
,https://images.dealersync.com/3067/Photos/1565706/20260813233450204_1786664089.jpg,https://www.carfam.com/pre-owned-cars/detail/2021-BMW-Z4/1565706,inventory,,,,,URL only; full vehicle galleries recorded to avoid huge download,url_only
,https://images.dealersync.com/3067/Photos/1565706/20260813233514307_1786664113.jpg,https://www.carfam.com/pre-owned-cars/detail/2021-BMW-Z4/1565706,inventory,,,,,URL only; full vehicle galleries recorded to avoid huge download,url_only
,https://images.dealersync.com/3067/Photos/1565706/20260813233521628_1786664121.jpg,https://www.carfam.com/pre-owned-cars/detail/2021-BMW-Z4/1565706,inventory,,,,,URL only; full vehicle galleries recorded to avoid huge download,url_only
,https://images.dealersync.com/3067/Photos/1565706/20260813233539909_1786664137.jpg,https://www.carfam.com/pre-owned-cars/detail/2021-BMW-Z4/1565706,inventory,,,,,URL only; full vehicle galleries recorded to avoid huge download,url_only
,https://images.dealersync.com/3067/Photos/1565706/20260813233558128_1786664157.jpg,https://www.carfam.com/pre-owned-cars/detail/2021-BMW-Z4/1565706,inventory,,,,,URL only; full vehicle galleries recorded to avoid huge download,url_only
,https://images.dealersync.com/3067/Photos/1565706/20260813233607135_1786664166.jpg,https://www.carfam.com/pre-owned-cars/detail/2021-BMW-Z4/1565706,inventory,,,,,URL only; full vehicle galleries recorded to avoid huge download,url_only
,https://images.dealersync.com/3067/Photos/1565706/20260813233640406_1786664200.jpg,https://www.carfam.com/pre-owned-cars/detail/2021-BMW-Z4/1565706,inventory,,,,,URL only; full vehicle galleries recorded to avoid huge download,url_only
,https://images.dealersync.com/3067/Photos/1565706/20260813233652543_1786664211.jpg,https://www.carfam.com/pre-owned-cars/detail/2021-BMW-Z4/1565706,inventory,,,,,URL only; full vehicle galleries recorded to avoid huge download,url_only
,https://images.dealersync.com/3067/Photos/1565706/20260813233704291_1786664223.jpg,https://www.carfam.com/pre-owned-cars/detail/2021-BMW-Z4/1565706,inventory,,,,,URL only; full vehicle galleries recorded to avoid huge download,url_only
,https://images.dealersync.com/3067/Photos/1565706/20260813233741469_1786664261.jpg,https://www.carfam.com/pre-owned-cars/detail/2021-BMW-Z4/1565706,inventory,,,,,URL only; full vehicle galleries recorded to avoid huge download,url_only
,https://images.dealersync.com/3067/Photos/1565706/20260813233758108_1786664277.jpg,https://www.carfam.com/pre-owned-cars/detail/2021-BMW-Z4/1565706,inventory,,,,,URL only; full vehicle galleries recorded to avoid huge download,url_only
,https://images.dealersync.com/3067/Photos/1565706/20260813233918924_1786664358.jpg,https://www.carfam.com/pre-owned-cars/detail/2021-BMW-Z4/1565706,inventory,,,,,URL only; full vehicle galleries recorded to avoid huge download,url_only
,https://images.dealersync.com/3067/Photos/1565706/20260813233811110_1786664290.jpg,https://www.carfam.com/pre-owned-cars/detail/2021-BMW-Z4/1565706,inventory,,,,,URL only; full vehicle galleries recorded to avoid huge download,url_only
,https://images.dealersync.com/3067/Photos/1565706/20260813233821041_1786664300.jpg,https://www.carfam.com/pre-owned-cars/detail/2021-BMW-Z4/1565706,inventory,,,,,URL only; full vehicle galleries recorded to avoid huge download,url_only
,https://images.dealersync.com/3067/Photos/1565706/20260813233838439_1786664318.jpg,https://www.carfam.com/pre-owned-cars/detail/2021-BMW-Z4/1565706,inventory,,,,,URL only; full vehicle galleries recorded to avoid huge download,url_only
,https://images.dealersync.com/3067/Photos/1565706/20260813233847356_1786664326.jpg,https://www.carfam.com/pre-owned-cars/detail/2021-BMW-Z4/1565706,inventory,,,,,URL only; full vehicle galleries recorded to avoid huge download,url_only
,https://images.dealersync.com/3067/Photos/1565706/20260813233908309_1786664347.jpg,https://www.carfam.com/pre-owned-cars/detail/2021-BMW-Z4/1565706,inventory,,,,,URL only; full vehicle galleries recorded to avoid huge download,url_only
,https://images.dealersync.com/3067/Photos/1567362/20260817234404687_1787010244.jpg,https://www.carfam.com/pre-owned-cars/detail/2019-Acura-RDX/1567362,inventory,,,,,URL only; full vehicle galleries recorded to avoid huge download,url_only
,https://images.dealersync.com/3067/Photos/1567362/20260817234419597_1787010259.jpg,https://www.carfam.com/pre-owned-cars/detail/2019-Acura-RDX/1567362,inventory,,,,,URL only; full vehicle galleries recorded to avoid huge download,url_only
,https://images.dealersync.com/3067/Photos/1567362/20260817234429438_1787010269.jpg,https://www.carfam.com/pre-owned-cars/detail/2019-Acura-RDX/1567362,inventory,,,,,URL only; full vehicle galleries recorded to avoid huge download,url_only
,https://images.dealersync.com/3067/Photos/1567362/20260817234455319_1787010294.jpg,https://www.carfam.com/pre-owned-cars/detail/2019-Acura-RDX/1567362,inventory,,,,,URL only; full vehicle galleries recorded to avoid huge download,url_only
,https://images.dealersync.com/3067/Photos/1567362/20260817234511090_1787010310.jpg,https://www.carfam.com/pre-owned-cars/detail/2019-Acura-RDX/1567362,inventory,,,,,URL only; full vehicle galleries recorded to avoid huge download,url_only
,https://images.dealersync.com/3067/Photos/1567362/20260817234520674_1787010320.jpg,https://www.carfam.com/pre-owned-cars/detail/2019-Acura-RDX/1567362,inventory,,,,,URL only; full vehicle galleries recorded to avoid huge download,url_only
,https://images.dealersync.com/3067/Photos/1567362/20260817234533871_1787010333.jpg,https://www.carfam.com/pre-owned-cars/detail/2019-Acura-RDX/1567362,inventory,,,,,URL only; full vehicle galleries recorded to avoid huge download,url_only
,https://images.dealersync.com/3067/Photos/1567362/20260817234547970_1787010347.jpg,https://www.carfam.com/pre-owned-cars/detail/2019-Acura-RDX/1567362,inventory,,,,,URL only; full vehicle galleries recorded to avoid huge download,url_only
,https://images.dealersync.com/3067/Photos/1567362/20260817234610189_1787010369.jpg,https://www.carfam.com/pre-owned-cars/detail/2019-Acura-RDX/1567362,inventory,,,,,URL only; full vehicle galleries recorded to avoid huge download,url_only
,https://images.dealersync.com/3067/Photos/1567362/20260817234624298_1787010383.jpg,https://www.carfam.com/pre-owned-cars/detail/2019-Acura-RDX/1567362,inventory,,,,,URL only; full vehicle galleries recorded to avoid huge download,url_only
,https://images.dealersync.com/3067/Photos/1567362/20260817234633042_1787010392.jpg,https://www.carfam.com/pre-owned-cars/detail/2019-Acura-RDX/1567362,inventory,,,,,URL only; full vehicle galleries recorded to avoid huge download,url_only
,https://images.dealersync.com/3067/Photos/1567362/20260817234646455_1787010406.jpg,https://www.carfam.com/pre-owned-cars/detail/2019-Acura-RDX/1567362,inventory,,,,,URL only; full vehicle galleries recorded to avoid huge download,url_only
,https://images.dealersync.com/3067/Photos/1567362/20260817234653098_1787010412.jpg,https://www.carfam.com/pre-owned-cars/detail/2019-Acura-RDX/1567362,inventory,,,,,URL only; full vehicle galleries recorded to avoid huge download,url_only
,https://images.dealersync.com/3067/Photos/1567362/20260817234722529_1787010442.jpg,https://www.carfam.com/pre-owned-cars/detail/2019-Acura-RDX/1567362,inventory,,,,,URL only; full vehicle galleries recorded to avoid huge download,url_only
,https://images.dealersync.com/3067/Photos/1567362/20260817234728648_1787010448.jpg,https://www.carfam.com/pre-owned-cars/detail/2019-Acura-RDX/1567362,inventory,,,,,URL only; full vehicle galleries recorded to avoid huge download,url_only
,https://images.dealersync.com/3067/Photos/1567362/20260817234809272_1787010488.jpg,https://www.carfam.com/pre-owned-cars/detail/2019-Acura-RDX/1567362,inventory,,,,,URL only; full vehicle galleries recorded to avoid huge download,url_only
,https://images.dealersync.com/3067/Photos/1567362/20260817234903796_1787010543.jpg,https://www.carfam.com/pre-owned-cars/detail/2019-Acura-RDX/1567362,inventory,,,,,URL only; full vehicle galleries recorded to avoid huge download,url_only
,https://images.dealersync.com/3067/Photos/1567362/20260817234916336_1787010555.jpg,https://www.carfam.com/pre-owned-cars/detail/2019-Acura-RDX/1567362,inventory,,,,,URL only; full vehicle galleries recorded to avoid huge download,url_only
,https://images.dealersync.com/3067/Photos/1567362/20260817235138259_1787010697.jpg,https://www.carfam.com/pre-owned-cars/detail/2019-Acura-RDX/1567362,inventory,,,,,URL only; full vehicle galleries recorded to avoid huge download,url_only
,https://images.dealersync.com/3067/Photos/1567362/20260817235329064_1787010808.jpg,https://www.carfam.com/pre-owned-cars/detail/2019-Acura-RDX/1567362,inventory,,,,,URL only; full vehicle galleries recorded to avoid huge download,url_only
,https://images.dealersync.com/3067/Photos/1567362/20260817235145521_1787010705.jpg,https://www.carfam.com/pre-owned-cars/detail/2019-Acura-RDX/1567362,inventory,,,,,URL only; full vehicle galleries recorded to avoid huge download,url_only
,https://images.dealersync.com/3067/Photos/1567362/20260817235150888_1787010710.jpg,https://www.carfam.com/pre-owned-cars/detail/2019-Acura-RDX/1567362,inventory,,,,,URL only; full vehicle galleries recorded to avoid huge download,url_only
,https://images.dealersync.com/3067/Photos/1567362/20260817235204464_1787010723.jpg,https://www.carfam.com/pre-owned-cars/detail/2019-Acura-RDX/1567362,inventory,,,,,URL only; full vehicle galleries recorded to avoid huge download,url_only
,https://images.dealersync.com/3067/Photos/1567362/20260817235211689_1787010731.jpg,https://www.carfam.com/pre-owned-cars/detail/2019-Acura-RDX/1567362,inventory,,,,,URL only; full vehicle galleries recorded to avoid huge download,url_only
,https://images.dealersync.com/3067/Photos/1567362/20260817235223749_1787010743.jpg,https://www.carfam.com/pre-owned-cars/detail/2019-Acura-RDX/1567362,inventory,,,,,URL only; full vehicle galleries recorded to avoid huge download,url_only
,https://images.dealersync.com/3067/Photos/1567365/wm_97c849e0a9f54edc88c885f6a0dd49db_1567365.jpg,https://www.carfam.com/pre-owned-cars/detail/2018-Mazda-CX-5/1567365,inventory,,,,,URL only; full vehicle galleries recorded to avoid huge download,url_only
,https://images.dealersync.com/3067/Photos/1567365/20260821172647422_1787333206.jpg,https://www.carfam.com/pre-owned-cars/detail/2018-Mazda-CX-5/1567365,inventory,,,,,URL only; full vehicle galleries recorded to avoid huge download,url_only
,https://images.dealersync.com/3067/Photos/1567365/20260821172702392_1787333221.jpg,https://www.carfam.com/pre-owned-cars/detail/2018-Mazda-CX-5/1567365,inventory,,,,,URL only; full vehicle galleries recorded to avoid huge download,url_only
,https://images.dealersync.com/3067/Photos/1567365/20260821172710854_1787333230.jpg,https://www.carfam.com/pre-owned-cars/detail/2018-Mazda-CX-5/1567365,inventory,,,,,URL only; full vehicle galleries recorded to avoid huge download,url_only
,https://images.dealersync.com/3067/Photos/1567365/20260821172723683_1787333243.jpg,https://www.carfam.com/pre-owned-cars/detail/2018-Mazda-CX-5/1567365,inventory,,,,,URL only; full vehicle galleries recorded to avoid huge download,url_only
,https://images.dealersync.com/3067/Photos/1567365/20260821172735773_1787333255.jpg,https://www.carfam.com/pre-owned-cars/detail/2018-Mazda-CX-5/1567365,inventory,,,,,URL only; full vehicle galleries recorded to avoid huge download,url_only
,https://images.dealersync.com/3067/Photos/1567365/20260821172749687_1787333269.jpg,https://www.carfam.com/pre-owned-cars/detail/2018-Mazda-CX-5/1567365,inventory,,,,,URL only; full vehicle galleries recorded to avoid huge download,url_only
,https://images.dealersync.com/3067/Photos/1567365/20260821172803828_1787333283.jpg,https://www.carfam.com/pre-owned-cars/detail/2018-Mazda-CX-5/1567365,inventory,,,,,URL only; full vehicle galleries recorded to avoid huge download,url_only
,https://images.dealersync.com/3067/Photos/1567365/20260821172819824_1787333299.jpg,https://www.carfam.com/pre-owned-cars/detail/2018-Mazda-CX-5/1567365,inventory,,,,,URL only; full vehicle galleries recorded to avoid huge download,url_only
,https://images.dealersync.com/3067/Photos/1567365/20260821172832955_1787333312.jpg,https://www.carfam.com/pre-owned-cars/detail/2018-Mazda-CX-5/1567365,inventory,,,,,URL only; full vehicle galleries recorded to avoid huge download,url_only
,https://images.dealersync.com/3067/Photos/1567365/20260821172854517_1787333334.jpg,https://www.carfam.com/pre-owned-cars/detail/2018-Mazda-CX-5/1567365,inventory,,,,,URL only; full vehicle galleries recorded to avoid huge download,url_only
,https://images.dealersync.com/3067/Photos/1567365/20260821172859682_1787333339.jpg,https://www.carfam.com/pre-owned-cars/detail/2018-Mazda-CX-5/1567365,inventory,,,,,URL only; full vehicle galleries recorded to avoid huge download,url_only
,https://images.dealersync.com/3067/Photos/1567365/20260821172916490_1787333356.jpg,https://www.carfam.com/pre-owned-cars/detail/2018-Mazda-CX-5/1567365,inventory,,,,,URL only; full vehicle galleries recorded to avoid huge download,url_only
,https://images.dealersync.com/3067/Photos/1567365/20260821172921927_1787333361.jpg,https://www.carfam.com/pre-owned-cars/detail/2018-Mazda-CX-5/1567365,inventory,,,,,URL only; full vehicle galleries recorded to avoid huge download,url_only
,https://images.dealersync.com/3067/Photos/1567365/20260821172932968_1787333372.jpg,https://www.carfam.com/pre-owned-cars/detail/2018-Mazda-CX-5/1567365,inventory,,,,,URL only; full vehicle galleries recorded to avoid huge download,url_only
,https://images.dealersync.com/3067/Photos/1567365/20260821172941495_1787333381.jpg,https://www.carfam.com/pre-owned-cars/detail/2018-Mazda-CX-5/1567365,inventory,,,,,URL only; full vehicle galleries recorded to avoid huge download,url_only
,https://images.dealersync.com/3067/Photos/1567365/20260821172948075_1787333387.jpg,https://www.carfam.com/pre-owned-cars/detail/2018-Mazda-CX-5/1567365,inventory,,,,,URL only; full vehicle galleries recorded to avoid huge download,url_only
,https://images.dealersync.com/3067/Photos/1567365/20260821173009008_1787333408.jpg,https://www.carfam.com/pre-owned-cars/detail/2018-Mazda-CX-5/1567365,inventory,,,,,URL only; full vehicle galleries recorded to avoid huge download,url_only
,https://images.dealersync.com/3067/Photos/1567365/20260821173020933_1787333420.jpg,https://www.carfam.com/pre-owned-cars/detail/2018-Mazda-CX-5/1567365,inventory,,,,,URL only; full vehicle galleries recorded to avoid huge download,url_only
,https://images.dealersync.com/3067/Photos/1567365/20260821173030530_1787333429.jpg,https://www.carfam.com/pre-owned-cars/detail/2018-Mazda-CX-5/1567365,inventory,,,,,URL only; full vehicle galleries recorded to avoid huge download,url_only
,https://images.dealersync.com/3067/Photos/1567365/20260821173044646_1787333444.jpg,https://www.carfam.com/pre-owned-cars/detail/2018-Mazda-CX-5/1567365,inventory,,,,,URL only; full vehicle galleries recorded to avoid huge download,url_only
,https://images.dealersync.com/3067/Photos/1567365/20260821173052371_1787333452.jpg,https://www.carfam.com/pre-owned-cars/detail/2018-Mazda-CX-5/1567365,inventory,,,,,URL only; full vehicle galleries recorded to avoid huge download,url_only
,https://images.dealersync.com/3067/Photos/1567365/20260821173104133_1787333463.jpg,https://www.carfam.com/pre-owned-cars/detail/2018-Mazda-CX-5/1567365,inventory,,,,,URL only; full vehicle galleries recorded to avoid huge download,url_only
,https://images.dealersync.com/3067/Photos/1567365/20260821173244328_1787333563.jpg,https://www.carfam.com/pre-owned-cars/detail/2018-Mazda-CX-5/1567365,inventory,,,,,URL only; full vehicle galleries recorded to avoid huge download,url_only
,https://images.dealersync.com/3067/Photos/1567365/20260821173115241_1787333474.jpg,https://www.carfam.com/pre-owned-cars/detail/2018-Mazda-CX-5/1567365,inventory,,,,,URL only; full vehicle galleries recorded to avoid huge download,url_only
,https://images.dealersync.com/3067/Photos/1567365/20260821173126072_1787333485.jpg,https://www.carfam.com/pre-owned-cars/detail/2018-Mazda-CX-5/1567365,inventory,,,,,URL only; full vehicle galleries recorded to avoid huge download,url_only
,https://images.dealersync.com/3067/Photos/1567365/20260821173135820_1787333494.jpg,https://www.carfam.com/pre-owned-cars/detail/2018-Mazda-CX-5/1567365,inventory,,,,,URL only; full vehicle galleries recorded to avoid huge download,url_only
,https://images.dealersync.com/3067/Photos/1567365/20260821173141988_1787333501.jpg,https://www.carfam.com/pre-owned-cars/detail/2018-Mazda-CX-5/1567365,inventory,,,,,URL only; full vehicle galleries recorded to avoid huge download,url_only
,https://images.dealersync.com/3067/Photos/1567365/20260821173150857_1787333510.jpg,https://www.carfam.com/pre-owned-cars/detail/2018-Mazda-CX-5/1567365,inventory,,,,,URL only; full vehicle galleries recorded to avoid huge download,url_only
,https://images.dealersync.com/3067/Photos/1568264/20260821181359759_1787336039.jpg,https://www.carfam.com/pre-owned-cars/detail/2013-Buick-Enclave/1568264,inventory,,,,,URL only; full vehicle galleries recorded to avoid huge download,url_only
,https://images.dealersync.com/3067/Photos/1568264/20260821181424811_1787336064.jpg,https://www.carfam.com/pre-owned-cars/detail/2013-Buick-Enclave/1568264,inventory,,,,,URL only; full vehicle galleries recorded to avoid huge download,url_only
,https://images.dealersync.com/3067/Photos/1568264/20260821181435511_1787336075.jpg,https://www.carfam.com/pre-owned-cars/detail/2013-Buick-Enclave/1568264,inventory,,,,,URL only; full vehicle galleries recorded to avoid huge download,url_only
,https://images.dealersync.com/3067/Photos/1568264/20260821181444538_1787336084.jpg,https://www.carfam.com/pre-owned-cars/detail/2013-Buick-Enclave/1568264,inventory,,,,,URL only; full vehicle galleries recorded to avoid huge download,url_only
,https://images.dealersync.com/3067/Photos/1568264/20260821181503113_1787336102.jpg,https://www.carfam.com/pre-owned-cars/detail/2013-Buick-Enclave/1568264,inventory,,,,,URL only; full vehicle galleries recorded to avoid huge download,url_only
,https://images.dealersync.com/3067/Photos/1568264/20260821181641395_1787336200.jpg,https://www.carfam.com/pre-owned-cars/detail/2013-Buick-Enclave/1568264,inventory,,,,,URL only; full vehicle galleries recorded to avoid huge download,url_only
,https://images.dealersync.com/3067/Photos/1568264/20260821181654081_1787336213.jpg,https://www.carfam.com/pre-owned-cars/detail/2013-Buick-Enclave/1568264,inventory,,,,,URL only; full vehicle galleries recorded to avoid huge download,url_only
,https://images.dealersync.com/3067/Photos/1568264/20260821181711748_1787336231.jpg,https://www.carfam.com/pre-owned-cars/detail/2013-Buick-Enclave/1568264,inventory,,,,,URL only; full vehicle galleries recorded to avoid huge download,url_only
,https://images.dealersync.com/3067/Photos/1568264/20260821181735515_1787336255.jpg,https://www.carfam.com/pre-owned-cars/detail/2013-Buick-Enclave/1568264,inventory,,,,,URL only; full vehicle galleries recorded to avoid huge download,url_only
,https://images.dealersync.com/3067/Photos/1568264/20260821181749755_1787336269.jpg,https://www.carfam.com/pre-owned-cars/detail/2013-Buick-Enclave/1568264,inventory,,,,,URL only; full vehicle galleries recorded to avoid huge download,url_only
,https://images.dealersync.com/3067/Photos/1568264/20260821181820495_1787336299.jpg,https://www.carfam.com/pre-owned-cars/detail/2013-Buick-Enclave/1568264,inventory,,,,,URL only; full vehicle galleries recorded to avoid huge download,url_only
,https://images.dealersync.com/3067/Photos/1568264/20260821181832563_1787336311.jpg,https://www.carfam.com/pre-owned-cars/detail/2013-Buick-Enclave/1568264,inventory,,,,,URL only; full vehicle galleries recorded to avoid huge download,url_only
,https://images.dealersync.com/3067/Photos/1568264/20260821181900585_1787336339.jpg,https://www.carfam.com/pre-owned-cars/detail/2013-Buick-Enclave/1568264,inventory,,,,,URL only; full vehicle galleries recorded to avoid huge download,url_only
,https://images.dealersync.com/3067/Photos/1568264/20260821181905502_1787336345.jpg,https://www.carfam.com/pre-owned-cars/detail/2013-Buick-Enclave/1568264,inventory,,,,,URL only; full vehicle galleries recorded to avoid huge download,url_only
,https://images.dealersync.com/3067/Photos/1568264/20260821181926953_1787336366.jpg,https://www.carfam.com/pre-owned-cars/detail/2013-Buick-Enclave/1568264,inventory,,,,,URL only; full vehicle galleries recorded to avoid huge download,url_only
,https://images.dealersync.com/3067/Photos/1568264/20260821181947145_1787336386.jpg,https://www.carfam.com/pre-owned-cars/detail/2013-Buick-Enclave/1568264,inventory,,,,,URL only; full vehicle galleries recorded to avoid huge download,url_only
,https://images.dealersync.com/3067/Photos/1568264/20260821182042360_1787336441.jpg,https://www.carfam.com/pre-owned-cars/detail/2013-Buick-Enclave/1568264,inventory,,,,,URL only; full vehicle galleries recorded to avoid huge download,url_only
,https://images.dealersync.com/3067/Photos/1568264/20260821182048736_1787336448.jpg,https://www.carfam.com/pre-owned-cars/detail/2013-Buick-Enclave/1568264,inventory,,,,,URL only; full vehicle galleries recorded to avoid huge download,url_only
,https://images.dealersync.com/3067/Photos/1568264/20260821182109836_1787336469.jpg,https://www.carfam.com/pre-owned-cars/detail/2013-Buick-Enclave/1568264,inventory,,,,,URL only; full vehicle galleries recorded to avoid huge download,url_only
,https://images.dealersync.com/3067/Photos/1568264/20260821182132915_1787336492.jpg,https://www.carfam.com/pre-owned-cars/detail/2013-Buick-Enclave/1568264,inventory,,,,,URL only; full vehicle galleries recorded to avoid huge download,url_only
,https://images.dealersync.com/3067/Photos/1568264/20260821182137653_1787336497.jpg,https://www.carfam.com/pre-owned-cars/detail/2013-Buick-Enclave/1568264,inventory,,,,,URL only; full vehicle galleries recorded to avoid huge download,url_only
,https://images.dealersync.com/3067/Photos/1568264/20260821182400951_1787336640.jpg,https://www.carfam.com/pre-owned-cars/detail/2013-Buick-Enclave/1568264,inventory,,,,,URL only; full vehicle galleries recorded to avoid huge download,url_only
,https://images.dealersync.com/3067/Photos/1568264/20260821182408449_1787336648.jpg,https://www.carfam.com/pre-owned-cars/detail/2013-Buick-Enclave/1568264,inventory,,,,,URL only; full vehicle galleries recorded to avoid huge download,url_only
,https://images.dealersync.com/3067/Photos/1568264/20260821182510624_1787336709.jpg,https://www.carfam.com/pre-owned-cars/detail/2013-Buick-Enclave/1568264,inventory,,,,,URL only; full vehicle galleries recorded to avoid huge download,url_only
,https://images.dealersync.com/3067/Photos/1568264/20260821182533704_1787336733.jpg,https://www.carfam.com/pre-owned-cars/detail/2013-Buick-Enclave/1568264,inventory,,,,,URL only; full vehicle galleries recorded to avoid huge download,url_only
,https://images.dealersync.com/3067/Photos/1568264/20260821182615020_1787336774.jpg,https://www.carfam.com/pre-owned-cars/detail/2013-Buick-Enclave/1568264,inventory,,,,,URL only; full vehicle galleries recorded to avoid huge download,url_only
,https://images.dealersync.com/3067/Photos/1568264/20260821182624302_1787336783.jpg,https://www.carfam.com/pre-owned-cars/detail/2013-Buick-Enclave/1568264,inventory,,,,,URL only; full vehicle galleries recorded to avoid huge download,url_only
,https://images.dealersync.com/3067/Photos/1568264/20260821182630276_1787336789.jpg,https://www.carfam.com/pre-owned-cars/detail/2013-Buick-Enclave/1568264,inventory,,,,,URL only; full vehicle galleries recorded to avoid huge download,url_only
,https://images.dealersync.com/3067/Photos/1568264/20260821182636226_1787336795.jpg,https://www.carfam.com/pre-owned-cars/detail/2013-Buick-Enclave/1568264,inventory,,,,,URL only; full vehicle galleries recorded to avoid huge download,url_only
,https://images.dealersync.com/3067/Photos/1568264/20260821182644567_1787336804.jpg,https://www.carfam.com/pre-owned-cars/detail/2013-Buick-Enclave/1568264,inventory,,,,,URL only; full vehicle galleries recorded to avoid huge download,url_only
,https://images.dealersync.com/3067/Photos/1568264/20260821182714386_1787336833.jpg,https://www.carfam.com/pre-owned-cars/detail/2013-Buick-Enclave/1568264,inventory,,,,,URL only; full vehicle galleries recorded to avoid huge download,url_only
,https://images.dealersync.com/3067/Photos/1568265/wm_e336cff7d81a4b14b6ec2677a5130ddd_1568265.jpg,https://www.carfam.com/pre-owned-cars/detail/2020-GMC-Sierra-1500/1568265,inventory,,,,,URL only; full vehicle galleries recorded to avoid huge download,url_only
,https://images.dealersync.com/3067/Photos/1568265/20260821230534674_1787353534.jpg,https://www.carfam.com/pre-owned-cars/detail/2020-GMC-Sierra-1500/1568265,inventory,,,,,URL only; full vehicle galleries recorded to avoid huge download,url_only
,https://images.dealersync.com/3067/Photos/1568265/20260821230630871_1787353590.jpg,https://www.carfam.com/pre-owned-cars/detail/2020-GMC-Sierra-1500/1568265,inventory,,,,,URL only; full vehicle galleries recorded to avoid huge download,url_only
,https://images.dealersync.com/3067/Photos/1568265/20260821230700740_1787353620.jpg,https://www.carfam.com/pre-owned-cars/detail/2020-GMC-Sierra-1500/1568265,inventory,,,,,URL only; full vehicle galleries recorded to avoid huge download,url_only
,https://images.dealersync.com/3067/Photos/1568265/20260821230715251_1787353634.jpg,https://www.carfam.com/pre-owned-cars/detail/2020-GMC-Sierra-1500/1568265,inventory,,,,,URL only; full vehicle galleries recorded to avoid huge download,url_only
,https://images.dealersync.com/3067/Photos/1568265/20260821230732418_1787353651.jpg,https://www.carfam.com/pre-owned-cars/detail/2020-GMC-Sierra-1500/1568265,inventory,,,,,URL only; full vehicle galleries recorded to avoid huge download,url_only
,https://images.dealersync.com/3067/Photos/1568265/20260821230751532_1787353671.jpg,https://www.carfam.com/pre-owned-cars/detail/2020-GMC-Sierra-1500/1568265,inventory,,,,,URL only; full vehicle galleries recorded to avoid huge download,url_only
,https://images.dealersync.com/3067/Photos/1568265/20260821230801945_1787353681.jpg,https://www.carfam.com/pre-owned-cars/detail/2020-GMC-Sierra-1500/1568265,inventory,,,,,URL only; full vehicle galleries recorded to avoid huge download,url_only
,https://images.dealersync.com/3067/Photos/1568265/20260821230821913_1787353701.jpg,https://www.carfam.com/pre-owned-cars/detail/2020-GMC-Sierra-1500/1568265,inventory,,,,,URL only; full vehicle galleries recorded to avoid huge download,url_only
,https://images.dealersync.com/3067/Photos/1568265/20260821230839754_1787353719.jpg,https://www.carfam.com/pre-owned-cars/detail/2020-GMC-Sierra-1500/1568265,inventory,,,,,URL only; full vehicle galleries recorded to avoid huge download,url_only
,https://images.dealersync.com/3067/Photos/1568265/20260821231031182_1787353830.jpg,https://www.carfam.com/pre-owned-cars/detail/2020-GMC-Sierra-1500/1568265,inventory,,,,,URL only; full vehicle galleries recorded to avoid huge download,url_only
,https://images.dealersync.com/3067/Photos/1568265/20260821231054320_1787353854.jpg,https://www.carfam.com/pre-owned-cars/detail/2020-GMC-Sierra-1500/1568265,inventory,,,,,URL only; full vehicle galleries recorded to avoid huge download,url_only
,https://images.dealersync.com/3067/Photos/1568265/20260821231100956_1787353860.jpg,https://www.carfam.com/pre-owned-cars/detail/2020-GMC-Sierra-1500/1568265,inventory,,,,,URL only; full vehicle galleries recorded to avoid huge download,url_only
,https://images.dealersync.com/3067/Photos/1568265/20260821231113417_1787353873.jpg,https://www.carfam.com/pre-owned-cars/detail/2020-GMC-Sierra-1500/1568265,inventory,,,,,URL only; full vehicle galleries recorded to avoid huge download,url_only
,https://images.dealersync.com/3067/Photos/1568265/20260821231122370_1787353882.jpg,https://www.carfam.com/pre-owned-cars/detail/2020-GMC-Sierra-1500/1568265,inventory,,,,,URL only; full vehicle galleries recorded to avoid huge download,url_only
,https://images.dealersync.com/3067/Photos/1568265/20260821231128536_1787353888.jpg,https://www.carfam.com/pre-owned-cars/detail/2020-GMC-Sierra-1500/1568265,inventory,,,,,URL only; full vehicle galleries recorded to avoid huge download,url_only
,https://images.dealersync.com/3067/Photos/1568265/20260821231213250_1787353932.jpg,https://www.carfam.com/pre-owned-cars/detail/2020-GMC-Sierra-1500/1568265,inventory,,,,,URL only; full vehicle galleries recorded to avoid huge download,url_only
,https://images.dealersync.com/3067/Photos/1568265/20260821231218966_1787353938.jpg,https://www.carfam.com/pre-owned-cars/detail/2020-GMC-Sierra-1500/1568265,inventory,,,,,URL only; full vehicle galleries recorded to avoid huge download,url_only
,https://images.dealersync.com/3067/Photos/1568265/20260821231231839_1787353951.jpg,https://www.carfam.com/pre-owned-cars/detail/2020-GMC-Sierra-1500/1568265,inventory,,,,,URL only; full vehicle galleries recorded to avoid huge download,url_only
,https://images.dealersync.com/3067/Photos/1568265/20260821231251561_1787353971.jpg,https://www.carfam.com/pre-owned-cars/detail/2020-GMC-Sierra-1500/1568265,inventory,,,,,URL only; full vehicle galleries recorded to avoid huge download,url_only
,https://images.dealersync.com/3067/Photos/1568265/20260821231257066_1787353976.jpg,https://www.carfam.com/pre-owned-cars/detail/2020-GMC-Sierra-1500/1568265,inventory,,,,,URL only; full vehicle galleries recorded to avoid huge download,url_only
,https://images.dealersync.com/3067/Photos/1568265/20260821231306388_1787353985.jpg,https://www.carfam.com/pre-owned-cars/detail/2020-GMC-Sierra-1500/1568265,inventory,,,,,URL only; full vehicle galleries recorded to avoid huge download,url_only
,https://images.dealersync.com/3067/Photos/1568265/20260821231316620_1787353996.jpg,https://www.carfam.com/pre-owned-cars/detail/2020-GMC-Sierra-1500/1568265,inventory,,,,,URL only; full vehicle galleries recorded to avoid huge download,url_only
,https://images.dealersync.com/3067/Photos/1568265/20260821231328065_1787354007.jpg,https://www.carfam.com/pre-owned-cars/detail/2020-GMC-Sierra-1500/1568265,inventory,,,,,URL only; full vehicle galleries recorded to avoid huge download,url_only
,https://images.dealersync.com/3067/Photos/1568265/20260821231351149_1787354030.jpg,https://www.carfam.com/pre-owned-cars/detail/2020-GMC-Sierra-1500/1568265,inventory,,,,,URL only; full vehicle galleries recorded to avoid huge download,url_only
,https://images.dealersync.com/3067/Photos/1568268/wm_f5238998c0e442c0af794c5379d69f27_1568268.jpg,https://www.carfam.com/pre-owned-cars/detail/2021-Jeep-Gladiator/1568268,inventory,,,,,URL only; full vehicle galleries recorded to avoid huge download,url_only
,https://images.dealersync.com/3067/Photos/1568268/20260820182653703_1787250413.jpg,https://www.carfam.com/pre-owned-cars/detail/2021-Jeep-Gladiator/1568268,inventory,,,,,URL only; full vehicle galleries recorded to avoid huge download,url_only
,https://images.dealersync.com/3067/Photos/1568268/20260820182709673_1787250429.jpg,https://www.carfam.com/pre-owned-cars/detail/2021-Jeep-Gladiator/1568268,inventory,,,,,URL only; full vehicle galleries recorded to avoid huge download,url_only
,https://images.dealersync.com/3067/Photos/1568268/20260820182735520_1787250455.jpg,https://www.carfam.com/pre-owned-cars/detail/2021-Jeep-Gladiator/1568268,inventory,,,,,URL only; full vehicle galleries recorded to avoid huge download,url_only
,https://images.dealersync.com/3067/Photos/1568268/20260820182755172_1787250474.jpg,https://www.carfam.com/pre-owned-cars/detail/2021-Jeep-Gladiator/1568268,inventory,,,,,URL only; full vehicle galleries recorded to avoid huge download,url_only
,https://images.dealersync.com/3067/Photos/1568268/20260820182821826_1787250501.jpg,https://www.carfam.com/pre-owned-cars/detail/2021-Jeep-Gladiator/1568268,inventory,,,,,URL only; full vehicle galleries recorded to avoid huge download,url_only
,https://images.dealersync.com/3067/Photos/1568268/20260820182835954_1787250515.jpg,https://www.carfam.com/pre-owned-cars/detail/2021-Jeep-Gladiator/1568268,inventory,,,,,URL only; full vehicle galleries recorded to avoid huge download,url_only
,https://images.dealersync.com/3067/Photos/1568268/20260820182853606_1787250533.jpg,https://www.carfam.com/pre-owned-cars/detail/2021-Jeep-Gladiator/1568268,inventory,,,,,URL only; full vehicle galleries recorded to avoid huge download,url_only
,https://images.dealersync.com/3067/Photos/1568268/20260820182944665_1787250584.jpg,https://www.carfam.com/pre-owned-cars/detail/2021-Jeep-Gladiator/1568268,inventory,,,,,URL only; full vehicle galleries recorded to avoid huge download,url_only
,https://images.dealersync.com/3067/Photos/1568268/20260820182917671_1787250557.jpg,https://www.carfam.com/pre-owned-cars/detail/2021-Jeep-Gladiator/1568268,inventory,,,,,URL only; full vehicle galleries recorded to avoid huge download,url_only
,https://images.dealersync.com/3067/Photos/1568268/20260820182932532_1787250572.jpg,https://www.carfam.com/pre-owned-cars/detail/2021-Jeep-Gladiator/1568268,inventory,,,,,URL only; full vehicle galleries recorded to avoid huge download,url_only
,https://images.dealersync.com/3067/Photos/1568268/20260820183053901_1787250649.jpg,https://www.carfam.com/pre-owned-cars/detail/2021-Jeep-Gladiator/1568268,inventory,,,,,URL only; full vehicle galleries recorded to avoid huge download,url_only
,https://images.dealersync.com/3067/Photos/1568268/20260820183022979_1787250622.jpg,https://www.carfam.com/pre-owned-cars/detail/2021-Jeep-Gladiator/1568268,inventory,,,,,URL only; full vehicle galleries recorded to avoid huge download,url_only
,https://images.dealersync.com/3067/Photos/1568268/20260820183035126_1787250634.jpg,https://www.carfam.com/pre-owned-cars/detail/2021-Jeep-Gladiator/1568268,inventory,,,,,URL only; full vehicle galleries recorded to avoid huge download,url_only
,https://images.dealersync.com/3067/Photos/1568268/20260820183102704_1787250662.jpg,https://www.carfam.com/pre-owned-cars/detail/2021-Jeep-Gladiator/1568268,inventory,,,,,URL only; full vehicle galleries recorded to avoid huge download,url_only
,https://images.dealersync.com/3067/Photos/1568268/20260820183111945_1787250669.jpg,https://www.carfam.com/pre-owned-cars/detail/2021-Jeep-Gladiator/1568268,inventory,,,,,URL only; full vehicle galleries recorded to avoid huge download,url_only
,https://images.dealersync.com/3067/Photos/1568268/20260820183134417_1787250693.jpg,https://www.carfam.com/pre-owned-cars/detail/2021-Jeep-Gladiator/1568268,inventory,,,,,URL only; full vehicle galleries recorded to avoid huge download,url_only
,https://images.dealersync.com/3067/Photos/1568268/20260820183141230_1787250700.jpg,https://www.carfam.com/pre-owned-cars/detail/2021-Jeep-Gladiator/1568268,inventory,,,,,URL only; full vehicle galleries recorded to avoid huge download,url_only
,https://images.dealersync.com/3067/Photos/1568268/20260820183153481_1787250712.jpg,https://www.carfam.com/pre-owned-cars/detail/2021-Jeep-Gladiator/1568268,inventory,,,,,URL only; full vehicle galleries recorded to avoid huge download,url_only
,https://images.dealersync.com/3067/Photos/1568268/20260820183219347_1787250739.jpg,https://www.carfam.com/pre-owned-cars/detail/2021-Jeep-Gladiator/1568268,inventory,,,,,URL only; full vehicle galleries recorded to avoid huge download,url_only
,https://images.dealersync.com/3067/Photos/1568268/20260820183226457_1787250746.jpg,https://www.carfam.com/pre-owned-cars/detail/2021-Jeep-Gladiator/1568268,inventory,,,,,URL only; full vehicle galleries recorded to avoid huge download,url_only
,https://images.dealersync.com/3067/Photos/1568268/20260820183233036_1787250752.jpg,https://www.carfam.com/pre-owned-cars/detail/2021-Jeep-Gladiator/1568268,inventory,,,,,URL only; full vehicle galleries recorded to avoid huge download,url_only
,https://images.dealersync.com/3067/Photos/1568268/20260820183257224_1787250776.jpg,https://www.carfam.com/pre-owned-cars/detail/2021-Jeep-Gladiator/1568268,inventory,,,,,URL only; full vehicle galleries recorded to avoid huge download,url_only
,https://images.dealersync.com/3067/Photos/1568268/20260820183303347_1787250783.jpg,https://www.carfam.com/pre-owned-cars/detail/2021-Jeep-Gladiator/1568268,inventory,,,,,URL only; full vehicle galleries recorded to avoid huge download,url_only
,https://images.dealersync.com/3067/Photos/1568268/20260820183334300_1787250813.jpg,https://www.carfam.com/pre-owned-cars/detail/2021-Jeep-Gladiator/1568268,inventory,,,,,URL only; full vehicle galleries recorded to avoid huge download,url_only
,https://images.dealersync.com/3067/Photos/1568268/20260820183401786_1787250841.jpg,https://www.carfam.com/pre-owned-cars/detail/2021-Jeep-Gladiator/1568268,inventory,,,,,URL only; full vehicle galleries recorded to avoid huge download,url_only
,https://images.dealersync.com/3067/Photos/1568268/20260820183418735_1787250858.jpg,https://www.carfam.com/pre-owned-cars/detail/2021-Jeep-Gladiator/1568268,inventory,,,,,URL only; full vehicle galleries recorded to avoid huge download,url_only
,https://images.dealersync.com/3067/Photos/1568268/20260820183430184_1787250869.jpg,https://www.carfam.com/pre-owned-cars/detail/2021-Jeep-Gladiator/1568268,inventory,,,,,URL only; full vehicle galleries recorded to avoid huge download,url_only
,https://images.dealersync.com/3067/Photos/1568268/20260820183600152_1787250959.jpg,https://www.carfam.com/pre-owned-cars/detail/2021-Jeep-Gladiator/1568268,inventory,,,,,URL only; full vehicle galleries recorded to avoid huge download,url_only
,https://images.dealersync.com/3067/Photos/1568268/20260820183441050_1787250880.jpg,https://www.carfam.com/pre-owned-cars/detail/2021-Jeep-Gladiator/1568268,inventory,,,,,URL only; full vehicle galleries recorded to avoid huge download,url_only
,https://images.dealersync.com/3067/Photos/1568268/20260820183456639_1787250896.jpg,https://www.carfam.com/pre-owned-cars/detail/2021-Jeep-Gladiator/1568268,inventory,,,,,URL only; full vehicle galleries recorded to avoid huge download,url_only
,https://images.dealersync.com/3067/Photos/1568268/20260820183517129_1787250916.jpg,https://www.carfam.com/pre-owned-cars/detail/2021-Jeep-Gladiator/1568268,inventory,,,,,URL only; full vehicle galleries recorded to avoid huge download,url_only
,https://images.dealersync.com/3067/Photos/1568268/20260820183528064_1787250927.jpg,https://www.carfam.com/pre-owned-cars/detail/2021-Jeep-Gladiator/1568268,inventory,,,,,URL only; full vehicle galleries recorded to avoid huge download,url_only
,https://images.dealersync.com/3067/Photos/1568269/wm_9da850d88ddf4d578cf54d7ab964d6f5_1568269.jpg,https://www.carfam.com/pre-owned-cars/detail/2022-Toyota-Highlander/1568269,inventory,,,,,URL only; full vehicle galleries recorded to avoid huge download,url_only
,https://images.dealersync.com/3067/Photos/1568269/20260827212612116_1787865971.jpg,https://www.carfam.com/pre-owned-cars/detail/2022-Toyota-Highlander/1568269,inventory,,,,,URL only; full vehicle galleries recorded to avoid huge download,url_only
,https://images.dealersync.com/3067/Photos/1568269/20260827212624555_1787865984.jpg,https://www.carfam.com/pre-owned-cars/detail/2022-Toyota-Highlander/1568269,inventory,,,,,URL only; full vehicle galleries recorded to avoid huge download,url_only
,https://images.dealersync.com/3067/Photos/1568269/20260827212632619_1787865992.jpg,https://www.carfam.com/pre-owned-cars/detail/2022-Toyota-Highlander/1568269,inventory,,,,,URL only; full vehicle galleries recorded to avoid huge download,url_only
,https://images.dealersync.com/3067/Photos/1568269/20260827212650049_1787866009.jpg,https://www.carfam.com/pre-owned-cars/detail/2022-Toyota-Highlander/1568269,inventory,,,,,URL only; full vehicle galleries recorded to avoid huge download,url_only
,https://images.dealersync.com/3067/Photos/1568269/20260827212703730_1787866023.jpg,https://www.carfam.com/pre-owned-cars/detail/2022-Toyota-Highlander/1568269,inventory,,,,,URL only; full vehicle galleries recorded to avoid huge download,url_only
,https://images.dealersync.com/3067/Photos/1568269/20260827212714245_1787866033.jpg,https://www.carfam.com/pre-owned-cars/detail/2022-Toyota-Highlander/1568269,inventory,,,,,URL only; full vehicle galleries recorded to avoid huge download,url_only
,https://images.dealersync.com/3067/Photos/1568269/20260827212721133_1787866040.jpg,https://www.carfam.com/pre-owned-cars/detail/2022-Toyota-Highlander/1568269,inventory,,,,,URL only; full vehicle galleries recorded to avoid huge download,url_only
,https://images.dealersync.com/3067/Photos/1568269/20260827212744957_1787866064.jpg,https://www.carfam.com/pre-owned-cars/detail/2022-Toyota-Highlander/1568269,inventory,,,,,URL only; full vehicle galleries recorded to avoid huge download,url_only
,https://images.dealersync.com/3067/Photos/1568269/20260827212759170_1787866078.jpg,https://www.carfam.com/pre-owned-cars/detail/2022-Toyota-Highlander/1568269,inventory,,,,,URL only; full vehicle galleries recorded to avoid huge download,url_only
,https://images.dealersync.com/3067/Photos/1568269/20260827212813302_1787866093.jpg,https://www.carfam.com/pre-owned-cars/detail/2022-Toyota-Highlander/1568269,inventory,,,,,URL only; full vehicle galleries recorded to avoid huge download,url_only
,https://images.dealersync.com/3067/Photos/1568269/20260827212821292_1787866101.jpg,https://www.carfam.com/pre-owned-cars/detail/2022-Toyota-Highlander/1568269,inventory,,,,,URL only; full vehicle galleries recorded to avoid huge download,url_only
,https://images.dealersync.com/3067/Photos/1568269/20260827212826593_1787866106.jpg,https://www.carfam.com/pre-owned-cars/detail/2022-Toyota-Highlander/1568269,inventory,,,,,URL only; full vehicle galleries recorded to avoid huge download,url_only
,https://images.dealersync.com/3067/Photos/1568269/20260827212839177_1787866118.jpg,https://www.carfam.com/pre-owned-cars/detail/2022-Toyota-Highlander/1568269,inventory,,,,,URL only; full vehicle galleries recorded to avoid huge download,url_only
,https://images.dealersync.com/3067/Photos/1568269/20260827213005191_1787866204.jpg,https://www.carfam.com/pre-owned-cars/detail/2022-Toyota-Highlander/1568269,inventory,,,,,URL only; full vehicle galleries recorded to avoid huge download,url_only
,https://images.dealersync.com/3067/Photos/1568269/20260827213017574_1787866217.jpg,https://www.carfam.com/pre-owned-cars/detail/2022-Toyota-Highlander/1568269,inventory,,,,,URL only; full vehicle galleries recorded to avoid huge download,url_only
,https://images.dealersync.com/3067/Photos/1568269/20260827213025801_1787866225.jpg,https://www.carfam.com/pre-owned-cars/detail/2022-Toyota-Highlander/1568269,inventory,,,,,URL only; full vehicle galleries recorded to avoid huge download,url_only
,https://images.dealersync.com/3067/Photos/1568269/20260827213036453_1787866235.jpg,https://www.carfam.com/pre-owned-cars/detail/2022-Toyota-Highlander/1568269,inventory,,,,,URL only; full vehicle galleries recorded to avoid huge download,url_only
,https://images.dealersync.com/3067/Photos/1568269/20260827213055348_1787866255.jpg,https://www.carfam.com/pre-owned-cars/detail/2022-Toyota-Highlander/1568269,inventory,,,,,URL only; full vehicle galleries recorded to avoid huge download,url_only
,https://images.dealersync.com/3067/Photos/1568269/20260827213100916_1787866260.jpg,https://www.carfam.com/pre-owned-cars/detail/2022-Toyota-Highlander/1568269,inventory,,,,,URL only; full vehicle galleries recorded to avoid huge download,url_only
,https://images.dealersync.com/3067/Photos/1568269/20260827213110982_1787866270.jpg,https://www.carfam.com/pre-owned-cars/detail/2022-Toyota-Highlander/1568269,inventory,,,,,URL only; full vehicle galleries recorded to avoid huge download,url_only
,https://images.dealersync.com/3067/Photos/1568269/20260827213126919_1787866286.jpg,https://www.carfam.com/pre-owned-cars/detail/2022-Toyota-Highlander/1568269,inventory,,,,,URL only; full vehicle galleries recorded to avoid huge download,url_only
,https://images.dealersync.com/3067/Photos/1568269/20260827213144838_1787866304.jpg,https://www.carfam.com/pre-owned-cars/detail/2022-Toyota-Highlander/1568269,inventory,,,,,URL only; full vehicle galleries recorded to avoid huge download,url_only
,https://images.dealersync.com/3067/Photos/1568269/20260827213204732_1787866324.jpg,https://www.carfam.com/pre-owned-cars/detail/2022-Toyota-Highlander/1568269,inventory,,,,,URL only; full vehicle galleries recorded to avoid huge download,url_only
,https://images.dealersync.com/3067/Photos/1568269/20260827213222237_1787866341.jpg,https://www.carfam.com/pre-owned-cars/detail/2022-Toyota-Highlander/1568269,inventory,,,,,URL only; full vehicle galleries recorded to avoid huge download,url_only
,https://images.dealersync.com/3067/Photos/1568269/20260827213235308_1787866355.jpg,https://www.carfam.com/pre-owned-cars/detail/2022-Toyota-Highlander/1568269,inventory,,,,,URL only; full vehicle galleries recorded to avoid huge download,url_only
,https://images.dealersync.com/3067/Photos/1568269/20260827213247568_1787866362.jpg,https://www.carfam.com/pre-owned-cars/detail/2022-Toyota-Highlander/1568269,inventory,,,,,URL only; full vehicle galleries recorded to avoid huge download,url_only
,https://images.dealersync.com/3067/Photos/1568269/20260827213250622_1787866369.jpg,https://www.carfam.com/pre-owned-cars/detail/2022-Toyota-Highlander/1568269,inventory,,,,,URL only; full vehicle galleries recorded to avoid huge download,url_only
,https://images.dealersync.com/3067/Photos/1568269/20260827213308359_1787866387.jpg,https://www.carfam.com/pre-owned-cars/detail/2022-Toyota-Highlander/1568269,inventory,,,,,URL only; full vehicle galleries recorded to avoid huge download,url_only
,https://images.dealersync.com/3067/Photos/1568269/20260827213313678_1787866393.jpg,https://www.carfam.com/pre-owned-cars/detail/2022-Toyota-Highlander/1568269,inventory,,,,,URL only; full vehicle galleries recorded to avoid huge download,url_only
,https://images.dealersync.com/3067/Photos/1568269/20260827213730835_1787866649.jpg,https://www.carfam.com/pre-owned-cars/detail/2022-Toyota-Highlander/1568269,inventory,,,,,URL only; full vehicle galleries recorded to avoid huge download,url_only
,https://images.dealersync.com/3067/Photos/1570773/wm_375611277a194c9497f2c1e284b1079a_1570773.jpg,https://www.carfam.com/pre-owned-cars/detail/2016-Ram-1500/1570773,inventory,,,,,URL only; full vehicle galleries recorded to avoid huge download,url_only
,https://images.dealersync.com/3067/Photos/1570773/20260826001125872_1787703085.jpg,https://www.carfam.com/pre-owned-cars/detail/2016-Ram-1500/1570773,inventory,,,,,URL only; full vehicle galleries recorded to avoid huge download,url_only
,https://images.dealersync.com/3067/Photos/1570773/20260826001140786_1787703100.jpg,https://www.carfam.com/pre-owned-cars/detail/2016-Ram-1500/1570773,inventory,,,,,URL only; full vehicle galleries recorded to avoid huge download,url_only
,https://images.dealersync.com/3067/Photos/1570773/20260826001148486_1787703108.jpg,https://www.carfam.com/pre-owned-cars/detail/2016-Ram-1500/1570773,inventory,,,,,URL only; full vehicle galleries recorded to avoid huge download,url_only
,https://images.dealersync.com/3067/Photos/1570773/20260826001159724_1787703119.jpg,https://www.carfam.com/pre-owned-cars/detail/2016-Ram-1500/1570773,inventory,,,,,URL only; full vehicle galleries recorded to avoid huge download,url_only
,https://images.dealersync.com/3067/Photos/1570773/20260826001214951_1787703134.jpg,https://www.carfam.com/pre-owned-cars/detail/2016-Ram-1500/1570773,inventory,,,,,URL only; full vehicle galleries recorded to avoid huge download,url_only
,https://images.dealersync.com/3067/Photos/1570773/20260826001230588_1787703150.jpg,https://www.carfam.com/pre-owned-cars/detail/2016-Ram-1500/1570773,inventory,,,,,URL only; full vehicle galleries recorded to avoid huge download,url_only
,https://images.dealersync.com/3067/Photos/1570773/20260826001242295_1787703162.jpg,https://www.carfam.com/pre-owned-cars/detail/2016-Ram-1500/1570773,inventory,,,,,URL only; full vehicle galleries recorded to avoid huge download,url_only
,https://images.dealersync.com/3067/Photos/1570773/20260826001256821_1787703176.jpg,https://www.carfam.com/pre-owned-cars/detail/2016-Ram-1500/1570773,inventory,,,,,URL only; full vehicle galleries recorded to avoid huge download,url_only
,https://images.dealersync.com/3067/Photos/1570773/20260826001314811_1787703194.jpg,https://www.carfam.com/pre-owned-cars/detail/2016-Ram-1500/1570773,inventory,,,,,URL only; full vehicle galleries recorded to avoid huge download,url_only
,https://images.dealersync.com/3067/Photos/1570773/20260826001330887_1787703210.jpg,https://www.carfam.com/pre-owned-cars/detail/2016-Ram-1500/1570773,inventory,,,,,URL only; full vehicle galleries recorded to avoid huge download,url_only
,https://images.dealersync.com/3067/Photos/1570773/20260826001336010_1787703215.jpg,https://www.carfam.com/pre-owned-cars/detail/2016-Ram-1500/1570773,inventory,,,,,URL only; full vehicle galleries recorded to avoid huge download,url_only
,https://images.dealersync.com/3067/Photos/1570773/20260826001352579_1787703232.jpg,https://www.carfam.com/pre-owned-cars/detail/2016-Ram-1500/1570773,inventory,,,,,URL only; full vehicle galleries recorded to avoid huge download,url_only
,https://images.dealersync.com/3067/Photos/1570773/20260826001357837_1787703237.jpg,https://www.carfam.com/pre-owned-cars/detail/2016-Ram-1500/1570773,inventory,,,,,URL only; full vehicle galleries recorded to avoid huge download,url_only
,https://images.dealersync.com/3067/Photos/1570773/20260826001415738_1787703255.jpg,https://www.carfam.com/pre-owned-cars/detail/2016-Ram-1500/1570773,inventory,,,,,URL only; full vehicle galleries recorded to avoid huge download,url_only
,https://images.dealersync.com/3067/Photos/1570773/20260826001433615_1787703273.jpg,https://www.carfam.com/pre-owned-cars/detail/2016-Ram-1500/1570773,inventory,,,,,URL only; full vehicle galleries recorded to avoid huge download,url_only
,https://images.dealersync.com/3067/Photos/1570773/20260826001438748_1787703278.jpg,https://www.carfam.com/pre-owned-cars/detail/2016-Ram-1500/1570773,inventory,,,,,URL only; full vehicle galleries recorded to avoid huge download,url_only
,https://images.dealersync.com/3067/Photos/1570773/20260826001505711_1787703302.jpg,https://www.carfam.com/pre-owned-cars/detail/2016-Ram-1500/1570773,inventory,,,,,URL only; full vehicle galleries recorded to avoid huge download,url_only
,https://images.dealersync.com/3067/Photos/1570773/20260826001509344_1787703308.jpg,https://www.carfam.com/pre-owned-cars/detail/2016-Ram-1500/1570773,inventory,,,,,URL only; full vehicle galleries recorded to avoid huge download,url_only
,https://images.dealersync.com/3067/Photos/1570773/20260826001518667_1787703318.jpg,https://www.carfam.com/pre-owned-cars/detail/2016-Ram-1500/1570773,inventory,,,,,URL only; full vehicle galleries recorded to avoid huge download,url_only
,https://images.dealersync.com/3067/Photos/1570773/20260826001527949_1787703327.jpg,https://www.carfam.com/pre-owned-cars/detail/2016-Ram-1500/1570773,inventory,,,,,URL only; full vehicle galleries recorded to avoid huge download,url_only
,https://images.dealersync.com/3067/Photos/1570773/20260826001534543_1787703334.jpg,https://www.carfam.com/pre-owned-cars/detail/2016-Ram-1500/1570773,inventory,,,,,URL only; full vehicle galleries recorded to avoid huge download,url_only
,https://images.dealersync.com/3067/Photos/1570773/20260826001628037_1787703387.jpg,https://www.carfam.com/pre-owned-cars/detail/2016-Ram-1500/1570773,inventory,,,,,URL only; full vehicle galleries recorded to avoid huge download,url_only
,https://images.dealersync.com/3067/Photos/1570773/20260826001925941_1787703565.jpg,https://www.carfam.com/pre-owned-cars/detail/2016-Ram-1500/1570773,inventory,,,,,URL only; full vehicle galleries recorded to avoid huge download,url_only
,https://images.dealersync.com/3067/Photos/1570773/20260826001640667_1787703400.jpg,https://www.carfam.com/pre-owned-cars/detail/2016-Ram-1500/1570773,inventory,,,,,URL only; full vehicle galleries recorded to avoid huge download,url_only
,https://images.dealersync.com/3067/Photos/1570773/20260826001647535_1787703407.jpg,https://www.carfam.com/pre-owned-cars/detail/2016-Ram-1500/1570773,inventory,,,,,URL only; full vehicle galleries recorded to avoid huge download,url_only
,https://images.dealersync.com/3067/Photos/1570773/20260826001708447_1787703428.jpg,https://www.carfam.com/pre-owned-cars/detail/2016-Ram-1500/1570773,inventory,,,,,URL only; full vehicle galleries recorded to avoid huge download,url_only
,https://images.dealersync.com/3067/Photos/1570774/wm_76640c9414894b0a8c88d7b6c58d310f_1570774.jpg,https://www.carfam.com/pre-owned-cars/detail/2023-Toyota-Tacoma-4WD/1570774,inventory,,,,,URL only; full vehicle galleries recorded to avoid huge download,url_only
,https://images.dealersync.com/3067/Photos/1570774/20260828171007225_1787937006.jpg,https://www.carfam.com/pre-owned-cars/detail/2023-Toyota-Tacoma-4WD/1570774,inventory,,,,,URL only; full vehicle galleries recorded to avoid huge download,url_only
,https://images.dealersync.com/3067/Photos/1570774/20260828171024185_1787937023.jpg,https://www.carfam.com/pre-owned-cars/detail/2023-Toyota-Tacoma-4WD/1570774,inventory,,,,,URL only; full vehicle galleries recorded to avoid huge download,url_only
,https://images.dealersync.com/3067/Photos/1570774/20260828231729051_1787959048.jpg,https://www.carfam.com/pre-owned-cars/detail/2023-Toyota-Tacoma-4WD/1570774,inventory,,,,,URL only; full vehicle galleries recorded to avoid huge download,url_only
,https://images.dealersync.com/3067/Photos/1570774/20260828171047426_1787937046.jpg,https://www.carfam.com/pre-owned-cars/detail/2023-Toyota-Tacoma-4WD/1570774,inventory,,,,,URL only; full vehicle galleries recorded to avoid huge download,url_only
,https://images.dealersync.com/3067/Photos/1570774/20260828171102545_1787937062.jpg,https://www.carfam.com/pre-owned-cars/detail/2023-Toyota-Tacoma-4WD/1570774,inventory,,,,,URL only; full vehicle galleries recorded to avoid huge download,url_only
,https://images.dealersync.com/3067/Photos/1570774/20260828171124926_1787937084.jpg,https://www.carfam.com/pre-owned-cars/detail/2023-Toyota-Tacoma-4WD/1570774,inventory,,,,,URL only; full vehicle galleries recorded to avoid huge download,url_only
,https://images.dealersync.com/3067/Photos/1570774/20260828171133624_1787937093.jpg,https://www.carfam.com/pre-owned-cars/detail/2023-Toyota-Tacoma-4WD/1570774,inventory,,,,,URL only; full vehicle galleries recorded to avoid huge download,url_only
,https://images.dealersync.com/3067/Photos/1570774/20260828171146976_1787937106.jpg,https://www.carfam.com/pre-owned-cars/detail/2023-Toyota-Tacoma-4WD/1570774,inventory,,,,,URL only; full vehicle galleries recorded to avoid huge download,url_only
,https://images.dealersync.com/3067/Photos/1570774/20260828171200316_1787937120.jpg,https://www.carfam.com/pre-owned-cars/detail/2023-Toyota-Tacoma-4WD/1570774,inventory,,,,,URL only; full vehicle galleries recorded to avoid huge download,url_only
,https://images.dealersync.com/3067/Photos/1570774/20260828171217954_1787937137.jpg,https://www.carfam.com/pre-owned-cars/detail/2023-Toyota-Tacoma-4WD/1570774,inventory,,,,,URL only; full vehicle galleries recorded to avoid huge download,url_only
,https://images.dealersync.com/3067/Photos/1570774/20260828171223074_1787937142.jpg,https://www.carfam.com/pre-owned-cars/detail/2023-Toyota-Tacoma-4WD/1570774,inventory,,,,,URL only; full vehicle galleries recorded to avoid huge download,url_only
,https://images.dealersync.com/3067/Photos/1570774/20260828171256273_1787937176.jpg,https://www.carfam.com/pre-owned-cars/detail/2023-Toyota-Tacoma-4WD/1570774,inventory,,,,,URL only; full vehicle galleries recorded to avoid huge download,url_only
,https://images.dealersync.com/3067/Photos/1570774/20260828171301892_1787937181.jpg,https://www.carfam.com/pre-owned-cars/detail/2023-Toyota-Tacoma-4WD/1570774,inventory,,,,,URL only; full vehicle galleries recorded to avoid huge download,url_only
,https://images.dealersync.com/3067/Photos/1570774/20260828171316066_1787937195.jpg,https://www.carfam.com/pre-owned-cars/detail/2023-Toyota-Tacoma-4WD/1570774,inventory,,,,,URL only; full vehicle galleries recorded to avoid huge download,url_only
,https://images.dealersync.com/3067/Photos/1570774/20260828171324651_1787937204.jpg,https://www.carfam.com/pre-owned-cars/detail/2023-Toyota-Tacoma-4WD/1570774,inventory,,,,,URL only; full vehicle galleries recorded to avoid huge download,url_only
,https://images.dealersync.com/3067/Photos/1570774/20260828171339070_1787937218.jpg,https://www.carfam.com/pre-owned-cars/detail/2023-Toyota-Tacoma-4WD/1570774,inventory,,,,,URL only; full vehicle galleries recorded to avoid huge download,url_only
,https://images.dealersync.com/3067/Photos/1570774/20260828171352697_1787937232.jpg,https://www.carfam.com/pre-owned-cars/detail/2023-Toyota-Tacoma-4WD/1570774,inventory,,,,,URL only; full vehicle galleries recorded to avoid huge download,url_only
,https://images.dealersync.com/3067/Photos/1570774/20260828171358080_1787937237.jpg,https://www.carfam.com/pre-owned-cars/detail/2023-Toyota-Tacoma-4WD/1570774,inventory,,,,,URL only; full vehicle galleries recorded to avoid huge download,url_only
,https://images.dealersync.com/3067/Photos/1570774/20260828171425020_1787937264.jpg,https://www.carfam.com/pre-owned-cars/detail/2023-Toyota-Tacoma-4WD/1570774,inventory,,,,,URL only; full vehicle galleries recorded to avoid huge download,url_only
,https://images.dealersync.com/3067/Photos/1570774/20260828171537118_1787937336.jpg,https://www.carfam.com/pre-owned-cars/detail/2023-Toyota-Tacoma-4WD/1570774,inventory,,,,,URL only; full vehicle galleries recorded to avoid huge download,url_only
,https://images.dealersync.com/3067/Photos/1570774/20260828171553159_1787937352.jpg,https://www.carfam.com/pre-owned-cars/detail/2023-Toyota-Tacoma-4WD/1570774,inventory,,,,,URL only; full vehicle galleries recorded to avoid huge download,url_only
,https://images.dealersync.com/3067/Photos/1570774/20260828171608743_1787937368.jpg,https://www.carfam.com/pre-owned-cars/detail/2023-Toyota-Tacoma-4WD/1570774,inventory,,,,,URL only; full vehicle galleries recorded to avoid huge download,url_only
,https://images.dealersync.com/3067/Photos/1570774/20260828171915850_1787937555.jpg,https://www.carfam.com/pre-owned-cars/detail/2023-Toyota-Tacoma-4WD/1570774,inventory,,,,,URL only; full vehicle galleries recorded to avoid huge download,url_only
,https://images.dealersync.com/3067/Photos/1570774/20260828171621192_1787937380.jpg,https://www.carfam.com/pre-owned-cars/detail/2023-Toyota-Tacoma-4WD/1570774,inventory,,,,,URL only; full vehicle galleries recorded to avoid huge download,url_only
,https://images.dealersync.com/3067/Photos/1570774/20260828171655549_1787937415.jpg,https://www.carfam.com/pre-owned-cars/detail/2023-Toyota-Tacoma-4WD/1570774,inventory,,,,,URL only; full vehicle galleries recorded to avoid huge download,url_only
,https://images.dealersync.com/3067/Photos/1570774/20260828171702588_1787937422.jpg,https://www.carfam.com/pre-owned-cars/detail/2023-Toyota-Tacoma-4WD/1570774,inventory,,,,,URL only; full vehicle galleries recorded to avoid huge download,url_only
,https://images.dealersync.com/3067/Photos/1570774/20260828171719539_1787937439.jpg,https://www.carfam.com/pre-owned-cars/detail/2023-Toyota-Tacoma-4WD/1570774,inventory,,,,,URL only; full vehicle galleries recorded to avoid huge download,url_only
,https://images.dealersync.com/3067/Photos/1570960/20260824225207697_1787611927.jpg,https://www.carfam.com/pre-owned-cars/detail/2017-Lexus-RC-350/1570960,inventory,,,,,URL only; full vehicle galleries recorded to avoid huge download,url_only
,https://images.dealersync.com/3067/Photos/1570960/20260824225231138_1787611950.jpg,https://www.carfam.com/pre-owned-cars/detail/2017-Lexus-RC-350/1570960,inventory,,,,,URL only; full vehicle galleries recorded to avoid huge download,url_only
,https://images.dealersync.com/3067/Photos/1570960/20260824225242230_1787611961.jpg,https://www.carfam.com/pre-owned-cars/detail/2017-Lexus-RC-350/1570960,inventory,,,,,URL only; full vehicle galleries recorded to avoid huge download,url_only
,https://images.dealersync.com/3067/Photos/1570960/20260824225307622_1787611987.jpg,https://www.carfam.com/pre-owned-cars/detail/2017-Lexus-RC-350/1570960,inventory,,,,,URL only; full vehicle galleries recorded to avoid huge download,url_only
,https://images.dealersync.com/3067/Photos/1570960/20260824225321410_1787612000.jpg,https://www.carfam.com/pre-owned-cars/detail/2017-Lexus-RC-350/1570960,inventory,,,,,URL only; full vehicle galleries recorded to avoid huge download,url_only
,https://images.dealersync.com/3067/Photos/1570960/20260824225330942_1787612010.jpg,https://www.carfam.com/pre-owned-cars/detail/2017-Lexus-RC-350/1570960,inventory,,,,,URL only; full vehicle galleries recorded to avoid huge download,url_only
,https://images.dealersync.com/3067/Photos/1570960/20260824225525035_1787612124.jpg,https://www.carfam.com/pre-owned-cars/detail/2017-Lexus-RC-350/1570960,inventory,,,,,URL only; full vehicle galleries recorded to avoid huge download,url_only
,https://images.dealersync.com/3067/Photos/1570960/20260824225342707_1787612022.jpg,https://www.carfam.com/pre-owned-cars/detail/2017-Lexus-RC-350/1570960,inventory,,,,,URL only; full vehicle galleries recorded to avoid huge download,url_only
,https://images.dealersync.com/3067/Photos/1570960/20260824225509837_1787612109.jpg,https://www.carfam.com/pre-owned-cars/detail/2017-Lexus-RC-350/1570960,inventory,,,,,URL only; full vehicle galleries recorded to avoid huge download,url_only
,https://images.dealersync.com/3067/Photos/1570960/20260824225543665_1787612143.jpg,https://www.carfam.com/pre-owned-cars/detail/2017-Lexus-RC-350/1570960,inventory,,,,,URL only; full vehicle galleries recorded to avoid huge download,url_only
,https://images.dealersync.com/3067/Photos/1570960/20260824225554176_1787612153.jpg,https://www.carfam.com/pre-owned-cars/detail/2017-Lexus-RC-350/1570960,inventory,,,,,URL only; full vehicle galleries recorded to avoid huge download,url_only
,https://images.dealersync.com/3067/Photos/1570960/20260824225605957_1787612165.jpg,https://www.carfam.com/pre-owned-cars/detail/2017-Lexus-RC-350/1570960,inventory,,,,,URL only; full vehicle galleries recorded to avoid huge download,url_only
,https://images.dealersync.com/3067/Photos/1570960/20260824225618256_1787612177.jpg,https://www.carfam.com/pre-owned-cars/detail/2017-Lexus-RC-350/1570960,inventory,,,,,URL only; full vehicle galleries recorded to avoid huge download,url_only
,https://images.dealersync.com/3067/Photos/1570960/20260824225704708_1787612223.jpg,https://www.carfam.com/pre-owned-cars/detail/2017-Lexus-RC-350/1570960,inventory,,,,,URL only; full vehicle galleries recorded to avoid huge download,url_only
,https://images.dealersync.com/3067/Photos/1570960/20260824225714319_1787612232.jpg,https://www.carfam.com/pre-owned-cars/detail/2017-Lexus-RC-350/1570960,inventory,,,,,URL only; full vehicle galleries recorded to avoid huge download,url_only
,https://images.dealersync.com/3067/Photos/1570960/20260824225726208_1787612245.jpg,https://www.carfam.com/pre-owned-cars/detail/2017-Lexus-RC-350/1570960,inventory,,,,,URL only; full vehicle galleries recorded to avoid huge download,url_only
,https://images.dealersync.com/3067/Photos/1570960/20260824225735265_1787612255.jpg,https://www.carfam.com/pre-owned-cars/detail/2017-Lexus-RC-350/1570960,inventory,,,,,URL only; full vehicle galleries recorded to avoid huge download,url_only
,https://images.dealersync.com/3067/Photos/1570960/20260824225745182_1787612264.jpg,https://www.carfam.com/pre-owned-cars/detail/2017-Lexus-RC-350/1570960,inventory,,,,,URL only; full vehicle galleries recorded to avoid huge download,url_only
,https://images.dealersync.com/3067/Photos/1570960/20260824225754886_1787612274.jpg,https://www.carfam.com/pre-owned-cars/detail/2017-Lexus-RC-350/1570960,inventory,,,,,URL only; full vehicle galleries recorded to avoid huge download,url_only
,https://images.dealersync.com/3067/Photos/1570960/20260824225935765_1787612375.jpg,https://www.carfam.com/pre-owned-cars/detail/2017-Lexus-RC-350/1570960,inventory,,,,,URL only; full vehicle galleries recorded to avoid huge download,url_only
,https://images.dealersync.com/3067/Photos/1570960/20260824225830746_1787612310.jpg,https://www.carfam.com/pre-owned-cars/detail/2017-Lexus-RC-350/1570960,inventory,,,,,URL only; full vehicle galleries recorded to avoid huge download,url_only
,https://images.dealersync.com/3067/Photos/1570960/20260824225812616_1787612292.jpg,https://www.carfam.com/pre-owned-cars/detail/2017-Lexus-RC-350/1570960,inventory,,,,,URL only; full vehicle galleries recorded to avoid huge download,url_only
,https://images.dealersync.com/3067/Photos/1570960/20260824225846339_1787612325.jpg,https://www.carfam.com/pre-owned-cars/detail/2017-Lexus-RC-350/1570960,inventory,,,,,URL only; full vehicle galleries recorded to avoid huge download,url_only
,https://images.dealersync.com/3067/Photos/1570960/20260824225853419_1787612333.jpg,https://www.carfam.com/pre-owned-cars/detail/2017-Lexus-RC-350/1570960,inventory,,,,,URL only; full vehicle galleries recorded to avoid huge download,url_only
,https://images.dealersync.com/3067/Photos/1570960/20260824225903962_1787612343.jpg,https://www.carfam.com/pre-owned-cars/detail/2017-Lexus-RC-350/1570960,inventory,,,,,URL only; full vehicle galleries recorded to avoid huge download,url_only
,https://images.dealersync.com/3067/Photos/1570960/20260824225913698_1787612353.jpg,https://www.carfam.com/pre-owned-cars/detail/2017-Lexus-RC-350/1570960,inventory,,,,,URL only; full vehicle galleries recorded to avoid huge download,url_only
,https://images.dealersync.com/3067/Photos/1571618/wm_36e7687e3e76425199c39e27d02cecce_1571618.jpg,https://www.carfam.com/pre-owned-cars/detail/2020-Chevrolet-Silverado-1500/1571618,inventory,,,,,URL only; full vehicle galleries recorded to avoid huge download,url_only
,https://images.dealersync.com/3067/Photos/1571618/20260904164805084_1788540484.jpg,https://www.carfam.com/pre-owned-cars/detail/2020-Chevrolet-Silverado-1500/1571618,inventory,,,,,URL only; full vehicle galleries recorded to avoid huge download,url_only
,https://images.dealersync.com/3067/Photos/1571618/20260904164823100_1788540502.jpg,https://www.carfam.com/pre-owned-cars/detail/2020-Chevrolet-Silverado-1500/1571618,inventory,,,,,URL only; full vehicle galleries recorded to avoid huge download,url_only
,https://images.dealersync.com/3067/Photos/1571618/20260904164835616_1788540515.jpg,https://www.carfam.com/pre-owned-cars/detail/2020-Chevrolet-Silverado-1500/1571618,inventory,,,,,URL only; full vehicle galleries recorded to avoid huge download,url_only
,https://images.dealersync.com/3067/Photos/1571618/20260904164844478_1788540523.jpg,https://www.carfam.com/pre-owned-cars/detail/2020-Chevrolet-Silverado-1500/1571618,inventory,,,,,URL only; full vehicle galleries recorded to avoid huge download,url_only
,https://images.dealersync.com/3067/Photos/1571618/20260904164900706_1788540540.jpg,https://www.carfam.com/pre-owned-cars/detail/2020-Chevrolet-Silverado-1500/1571618,inventory,,,,,URL only; full vehicle galleries recorded to avoid huge download,url_only
,https://images.dealersync.com/3067/Photos/1571618/20260904164916781_1788540556.jpg,https://www.carfam.com/pre-owned-cars/detail/2020-Chevrolet-Silverado-1500/1571618,inventory,,,,,URL only; full vehicle galleries recorded to avoid huge download,url_only
,https://images.dealersync.com/3067/Photos/1571618/20260904164926527_1788540566.jpg,https://www.carfam.com/pre-owned-cars/detail/2020-Chevrolet-Silverado-1500/1571618,inventory,,,,,URL only; full vehicle galleries recorded to avoid huge download,url_only
,https://images.dealersync.com/3067/Photos/1571618/20260904164941660_1788540581.jpg,https://www.carfam.com/pre-owned-cars/detail/2020-Chevrolet-Silverado-1500/1571618,inventory,,,,,URL only; full vehicle galleries recorded to avoid huge download,url_only
,https://images.dealersync.com/3067/Photos/1571618/20260904164957734_1788540597.jpg,https://www.carfam.com/pre-owned-cars/detail/2020-Chevrolet-Silverado-1500/1571618,inventory,,,,,URL only; full vehicle galleries recorded to avoid huge download,url_only
,https://images.dealersync.com/3067/Photos/1571618/20260904165018729_1788540618.jpg,https://www.carfam.com/pre-owned-cars/detail/2020-Chevrolet-Silverado-1500/1571618,inventory,,,,,URL only; full vehicle galleries recorded to avoid huge download,url_only
,https://images.dealersync.com/3067/Photos/1571618/20260904165026281_1788540625.jpg,https://www.carfam.com/pre-owned-cars/detail/2020-Chevrolet-Silverado-1500/1571618,inventory,,,,,URL only; full vehicle galleries recorded to avoid huge download,url_only
,https://images.dealersync.com/3067/Photos/1571618/20260904165051190_1788540650.jpg,https://www.carfam.com/pre-owned-cars/detail/2020-Chevrolet-Silverado-1500/1571618,inventory,,,,,URL only; full vehicle galleries recorded to avoid huge download,url_only
,https://images.dealersync.com/3067/Photos/1571618/20260904165057631_1788540657.jpg,https://www.carfam.com/pre-owned-cars/detail/2020-Chevrolet-Silverado-1500/1571618,inventory,,,,,URL only; full vehicle galleries recorded to avoid huge download,url_only
,https://images.dealersync.com/3067/Photos/1571618/20260904165112703_1788540672.jpg,https://www.carfam.com/pre-owned-cars/detail/2020-Chevrolet-Silverado-1500/1571618,inventory,,,,,URL only; full vehicle galleries recorded to avoid huge download,url_only
,https://images.dealersync.com/3067/Photos/1571618/20260904165123498_1788540683.jpg,https://www.carfam.com/pre-owned-cars/detail/2020-Chevrolet-Silverado-1500/1571618,inventory,,,,,URL only; full vehicle galleries recorded to avoid huge download,url_only
,https://images.dealersync.com/3067/Photos/1571618/20260904165131265_1788540690.jpg,https://www.carfam.com/pre-owned-cars/detail/2020-Chevrolet-Silverado-1500/1571618,inventory,,,,,URL only; full vehicle galleries recorded to avoid huge download,url_only
,https://images.dealersync.com/3067/Photos/1571618/20260904165207253_1788540726.jpg,https://www.carfam.com/pre-owned-cars/detail/2020-Chevrolet-Silverado-1500/1571618,inventory,,,,,URL only; full vehicle galleries recorded to avoid huge download,url_only
,https://images.dealersync.com/3067/Photos/1571618/20260904165216642_1788540736.jpg,https://www.carfam.com/pre-owned-cars/detail/2020-Chevrolet-Silverado-1500/1571618,inventory,,,,,URL only; full vehicle galleries recorded to avoid huge download,url_only
,https://images.dealersync.com/3067/Photos/1571618/20260904165222718_1788540742.jpg,https://www.carfam.com/pre-owned-cars/detail/2020-Chevrolet-Silverado-1500/1571618,inventory,,,,,URL only; full vehicle galleries recorded to avoid huge download,url_only
,https://images.dealersync.com/3067/Photos/1571618/20260904165233589_1788540753.jpg,https://www.carfam.com/pre-owned-cars/detail/2020-Chevrolet-Silverado-1500/1571618,inventory,,,,,URL only; full vehicle galleries recorded to avoid huge download,url_only
,https://images.dealersync.com/3067/Photos/1571618/20260904165248399_1788540768.jpg,https://www.carfam.com/pre-owned-cars/detail/2020-Chevrolet-Silverado-1500/1571618,inventory,,,,,URL only; full vehicle galleries recorded to avoid huge download,url_only
,https://images.dealersync.com/3067/Photos/1571618/20260904165255056_1788540774.jpg,https://www.carfam.com/pre-owned-cars/detail/2020-Chevrolet-Silverado-1500/1571618,inventory,,,,,URL only; full vehicle galleries recorded to avoid huge download,url_only
,https://images.dealersync.com/3067/Photos/1571618/20260904165307488_1788540787.jpg,https://www.carfam.com/pre-owned-cars/detail/2020-Chevrolet-Silverado-1500/1571618,inventory,,,,,URL only; full vehicle galleries recorded to avoid huge download,url_only
,https://images.dealersync.com/3067/Photos/1571618/20260904165314409_1788540794.jpg,https://www.carfam.com/pre-owned-cars/detail/2020-Chevrolet-Silverado-1500/1571618,inventory,,,,,URL only; full vehicle galleries recorded to avoid huge download,url_only
,https://images.dealersync.com/3067/Photos/1571618/20260904165320942_1788540800.jpg,https://www.carfam.com/pre-owned-cars/detail/2020-Chevrolet-Silverado-1500/1571618,inventory,,,,,URL only; full vehicle galleries recorded to avoid huge download,url_only
,https://images.dealersync.com/3067/Photos/1571833/wm_2a6dcc7b458f41b680cfba5b6c18fc90_1571833.jpg,https://www.carfam.com/pre-owned-cars/detail/2021-Jeep-Grand-Cherokee/1571833,inventory,,,,,URL only; full vehicle galleries recorded to avoid huge download,url_only
,https://images.dealersync.com/3067/Photos/1571833/20260902184106409_1788374466.jpg,https://www.carfam.com/pre-owned-cars/detail/2021-Jeep-Grand-Cherokee/1571833,inventory,,,,,URL only; full vehicle galleries recorded to avoid huge download,url_only
,https://images.dealersync.com/3067/Photos/1571833/20260902184123204_1788374482.jpg,https://www.carfam.com/pre-owned-cars/detail/2021-Jeep-Grand-Cherokee/1571833,inventory,,,,,URL only; full vehicle galleries recorded to avoid huge download,url_only
,https://images.dealersync.com/3067/Photos/1571833/20260902184133030_1788374492.jpg,https://www.carfam.com/pre-owned-cars/detail/2021-Jeep-Grand-Cherokee/1571833,inventory,,,,,URL only; full vehicle galleries recorded to avoid huge download,url_only
,https://images.dealersync.com/3067/Photos/1571833/20260902184147439_1788374507.jpg,https://www.carfam.com/pre-owned-cars/detail/2021-Jeep-Grand-Cherokee/1571833,inventory,,,,,URL only; full vehicle galleries recorded to avoid huge download,url_only
,https://images.dealersync.com/3067/Photos/1571833/20260902184208409_1788374528.jpg,https://www.carfam.com/pre-owned-cars/detail/2021-Jeep-Grand-Cherokee/1571833,inventory,,,,,URL only; full vehicle galleries recorded to avoid huge download,url_only
,https://images.dealersync.com/3067/Photos/1571833/20260902184225665_1788374545.jpg,https://www.carfam.com/pre-owned-cars/detail/2021-Jeep-Grand-Cherokee/1571833,inventory,,,,,URL only; full vehicle galleries recorded to avoid huge download,url_only
,https://images.dealersync.com/3067/Photos/1571833/20260902184233544_1788374553.jpg,https://www.carfam.com/pre-owned-cars/detail/2021-Jeep-Grand-Cherokee/1571833,inventory,,,,,URL only; full vehicle galleries recorded to avoid huge download,url_only
,https://images.dealersync.com/3067/Photos/1571833/20260902184253567_1788374573.jpg,https://www.carfam.com/pre-owned-cars/detail/2021-Jeep-Grand-Cherokee/1571833,inventory,,,,,URL only; full vehicle galleries recorded to avoid huge download,url_only
,https://images.dealersync.com/3067/Photos/1571833/20260902184301065_1788374580.jpg,https://www.carfam.com/pre-owned-cars/detail/2021-Jeep-Grand-Cherokee/1571833,inventory,,,,,URL only; full vehicle galleries recorded to avoid huge download,url_only
,https://images.dealersync.com/3067/Photos/1571833/20260902184315541_1788374594.jpg,https://www.carfam.com/pre-owned-cars/detail/2021-Jeep-Grand-Cherokee/1571833,inventory,,,,,URL only; full vehicle galleries recorded to avoid huge download,url_only
,https://images.dealersync.com/3067/Photos/1571833/20260902184320704_1788374600.jpg,https://www.carfam.com/pre-owned-cars/detail/2021-Jeep-Grand-Cherokee/1571833,inventory,,,,,URL only; full vehicle galleries recorded to avoid huge download,url_only
,https://images.dealersync.com/3067/Photos/1571833/20260902184334347_1788374614.jpg,https://www.carfam.com/pre-owned-cars/detail/2021-Jeep-Grand-Cherokee/1571833,inventory,,,,,URL only; full vehicle galleries recorded to avoid huge download,url_only
,https://images.dealersync.com/3067/Photos/1571833/20260902184405553_1788374645.jpg,https://www.carfam.com/pre-owned-cars/detail/2021-Jeep-Grand-Cherokee/1571833,inventory,,,,,URL only; full vehicle galleries recorded to avoid huge download,url_only
,https://images.dealersync.com/3067/Photos/1571833/20260902184411567_1788374651.jpg,https://www.carfam.com/pre-owned-cars/detail/2021-Jeep-Grand-Cherokee/1571833,inventory,,,,,URL only; full vehicle galleries recorded to avoid huge download,url_only
,https://images.dealersync.com/3067/Photos/1571833/20260902184424998_1788374664.jpg,https://www.carfam.com/pre-owned-cars/detail/2021-Jeep-Grand-Cherokee/1571833,inventory,,,,,URL only; full vehicle galleries recorded to avoid huge download,url_only
,https://images.dealersync.com/3067/Photos/1571833/20260902184433440_1788374673.jpg,https://www.carfam.com/pre-owned-cars/detail/2021-Jeep-Grand-Cherokee/1571833,inventory,,,,,URL only; full vehicle galleries recorded to avoid huge download,url_only
,https://images.dealersync.com/3067/Photos/1571833/20260902184439427_1788374679.jpg,https://www.carfam.com/pre-owned-cars/detail/2021-Jeep-Grand-Cherokee/1571833,inventory,,,,,URL only; full vehicle galleries recorded to avoid huge download,url_only
,https://images.dealersync.com/3067/Photos/1571833/20260902184506036_1788374705.jpg,https://www.carfam.com/pre-owned-cars/detail/2021-Jeep-Grand-Cherokee/1571833,inventory,,,,,URL only; full vehicle galleries recorded to avoid huge download,url_only
,https://images.dealersync.com/3067/Photos/1571833/20260902184512732_1788374712.jpg,https://www.carfam.com/pre-owned-cars/detail/2021-Jeep-Grand-Cherokee/1571833,inventory,,,,,URL only; full vehicle galleries recorded to avoid huge download,url_only
,https://images.dealersync.com/3067/Photos/1571833/20260902184518802_1788374718.jpg,https://www.carfam.com/pre-owned-cars/detail/2021-Jeep-Grand-Cherokee/1571833,inventory,,,,,URL only; full vehicle galleries recorded to avoid huge download,url_only
,https://images.dealersync.com/3067/Photos/1571833/20260902184528993_1788374728.jpg,https://www.carfam.com/pre-owned-cars/detail/2021-Jeep-Grand-Cherokee/1571833,inventory,,,,,URL only; full vehicle galleries recorded to avoid huge download,url_only
,https://images.dealersync.com/3067/Photos/1571833/20260902184538768_1788374738.jpg,https://www.carfam.com/pre-owned-cars/detail/2021-Jeep-Grand-Cherokee/1571833,inventory,,,,,URL only; full vehicle galleries recorded to avoid huge download,url_only
,https://images.dealersync.com/3067/Photos/1571833/20260902184600787_1788374760.jpg,https://www.carfam.com/pre-owned-cars/detail/2021-Jeep-Grand-Cherokee/1571833,inventory,,,,,URL only; full vehicle galleries recorded to avoid huge download,url_only
,https://images.dealersync.com/3067/Photos/1571833/20260902184641808_1788374801.jpg,https://www.carfam.com/pre-owned-cars/detail/2021-Jeep-Grand-Cherokee/1571833,inventory,,,,,URL only; full vehicle galleries recorded to avoid huge download,url_only
,https://images.dealersync.com/3067/Photos/1571833/20260902185435849_1788375275.jpg,https://www.carfam.com/pre-owned-cars/detail/2021-Jeep-Grand-Cherokee/1571833,inventory,,,,,URL only; full vehicle galleries recorded to avoid huge download,url_only
,https://images.dealersync.com/3067/Photos/1571833/20260902184650212_1788374809.jpg,https://www.carfam.com/pre-owned-cars/detail/2021-Jeep-Grand-Cherokee/1571833,inventory,,,,,URL only; full vehicle galleries recorded to avoid huge download,url_only
,https://images.dealersync.com/3067/Photos/1571833/20260902185059942_1788375059.jpg,https://www.carfam.com/pre-owned-cars/detail/2021-Jeep-Grand-Cherokee/1571833,inventory,,,,,URL only; full vehicle galleries recorded to avoid huge download,url_only
,https://images.dealersync.com/3067/Photos/1571833/20260902185107560_1788375066.jpg,https://www.carfam.com/pre-owned-cars/detail/2021-Jeep-Grand-Cherokee/1571833,inventory,,,,,URL only; full vehicle galleries recorded to avoid huge download,url_only
,https://images.dealersync.com/3067/Photos/1571833/20260902185130278_1788375089.jpg,https://www.carfam.com/pre-owned-cars/detail/2021-Jeep-Grand-Cherokee/1571833,inventory,,,,,URL only; full vehicle galleries recorded to avoid huge download,url_only
,https://images.dealersync.com/3067/Photos/1571833/20260902185114651_1788375074.jpg,https://www.carfam.com/pre-owned-cars/detail/2021-Jeep-Grand-Cherokee/1571833,inventory,,,,,URL only; full vehicle galleries recorded to avoid huge download,url_only
,https://images.dealersync.com/3067/Photos/1571834/wm_a330bcaa49444ec9b1f8ec0fd91cd5b7_1571834.jpg,https://www.carfam.com/pre-owned-cars/detail/2019-Mercedes-Benz-C-300/1571834,inventory,,,,,URL only; full vehicle galleries recorded to avoid huge download,url_only
,https://images.dealersync.com/3067/Photos/1571834/20260825182849448_1787682528.jpg,https://www.carfam.com/pre-owned-cars/detail/2019-Mercedes-Benz-C-300/1571834,inventory,,,,,URL only; full vehicle galleries recorded to avoid huge download,url_only
,https://images.dealersync.com/3067/Photos/1571834/20260825182907038_1787682546.jpg,https://www.carfam.com/pre-owned-cars/detail/2019-Mercedes-Benz-C-300/1571834,inventory,,,,,URL only; full vehicle galleries recorded to avoid huge download,url_only
,https://images.dealersync.com/3067/Photos/1571834/20260825182916937_1787682556.jpg,https://www.carfam.com/pre-owned-cars/detail/2019-Mercedes-Benz-C-300/1571834,inventory,,,,,URL only; full vehicle galleries recorded to avoid huge download,url_only
,https://images.dealersync.com/3067/Photos/1571834/20260825182928200_1787682567.jpg,https://www.carfam.com/pre-owned-cars/detail/2019-Mercedes-Benz-C-300/1571834,inventory,,,,,URL only; full vehicle galleries recorded to avoid huge download,url_only
,https://images.dealersync.com/3067/Photos/1571834/20260825182945292_1787682584.jpg,https://www.carfam.com/pre-owned-cars/detail/2019-Mercedes-Benz-C-300/1571834,inventory,,,,,URL only; full vehicle galleries recorded to avoid huge download,url_only
,https://images.dealersync.com/3067/Photos/1571834/20260825183004187_1787682603.jpg,https://www.carfam.com/pre-owned-cars/detail/2019-Mercedes-Benz-C-300/1571834,inventory,,,,,URL only; full vehicle galleries recorded to avoid huge download,url_only
,https://images.dealersync.com/3067/Photos/1571834/20260825183012440_1787682612.jpg,https://www.carfam.com/pre-owned-cars/detail/2019-Mercedes-Benz-C-300/1571834,inventory,,,,,URL only; full vehicle galleries recorded to avoid huge download,url_only
,https://images.dealersync.com/3067/Photos/1571834/20260825183027987_1787682627.jpg,https://www.carfam.com/pre-owned-cars/detail/2019-Mercedes-Benz-C-300/1571834,inventory,,,,,URL only; full vehicle galleries recorded to avoid huge download,url_only
,https://images.dealersync.com/3067/Photos/1571834/20260825183045577_1787682644.jpg,https://www.carfam.com/pre-owned-cars/detail/2019-Mercedes-Benz-C-300/1571834,inventory,,,,,URL only; full vehicle galleries recorded to avoid huge download,url_only
,https://images.dealersync.com/3067/Photos/1571834/20260825183102250_1787682661.jpg,https://www.carfam.com/pre-owned-cars/detail/2019-Mercedes-Benz-C-300/1571834,inventory,,,,,URL only; full vehicle galleries recorded to avoid huge download,url_only
,https://images.dealersync.com/3067/Photos/1571834/20260825183108393_1787682668.jpg,https://www.carfam.com/pre-owned-cars/detail/2019-Mercedes-Benz-C-300/1571834,inventory,,,,,URL only; full vehicle galleries recorded to avoid huge download,url_only
,https://images.dealersync.com/3067/Photos/1571834/20260825183125191_1787682684.jpg,https://www.carfam.com/pre-owned-cars/detail/2019-Mercedes-Benz-C-300/1571834,inventory,,,,,URL only; full vehicle galleries recorded to avoid huge download,url_only
,https://images.dealersync.com/3067/Photos/1571834/20260825183146589_1787682706.jpg,https://www.carfam.com/pre-owned-cars/detail/2019-Mercedes-Benz-C-300/1571834,inventory,,,,,URL only; full vehicle galleries recorded to avoid huge download,url_only
,https://images.dealersync.com/3067/Photos/1571834/20260825183155676_1787682715.jpg,https://www.carfam.com/pre-owned-cars/detail/2019-Mercedes-Benz-C-300/1571834,inventory,,,,,URL only; full vehicle galleries recorded to avoid huge download,url_only
,https://images.dealersync.com/3067/Photos/1571834/20260825183234676_1787682754.jpg,https://www.carfam.com/pre-owned-cars/detail/2019-Mercedes-Benz-C-300/1571834,inventory,,,,,URL only; full vehicle galleries recorded to avoid huge download,url_only
,https://images.dealersync.com/3067/Photos/1571834/20260825183241474_1787682761.jpg,https://www.carfam.com/pre-owned-cars/detail/2019-Mercedes-Benz-C-300/1571834,inventory,,,,,URL only; full vehicle galleries recorded to avoid huge download,url_only
,https://images.dealersync.com/3067/Photos/1571834/20260825183248915_1787682768.jpg,https://www.carfam.com/pre-owned-cars/detail/2019-Mercedes-Benz-C-300/1571834,inventory,,,,,URL only; full vehicle galleries recorded to avoid huge download,url_only
,https://images.dealersync.com/3067/Photos/1571834/20260825183255188_1787682774.jpg,https://www.carfam.com/pre-owned-cars/detail/2019-Mercedes-Benz-C-300/1571834,inventory,,,,,URL only; full vehicle galleries recorded to avoid huge download,url_only
,https://images.dealersync.com/3067/Photos/1571834/20260825183313566_1787682792.jpg,https://www.carfam.com/pre-owned-cars/detail/2019-Mercedes-Benz-C-300/1571834,inventory,,,,,URL only; full vehicle galleries recorded to avoid huge download,url_only
,https://images.dealersync.com/3067/Photos/1571834/20260825183414080_1787682853.jpg,https://www.carfam.com/pre-owned-cars/detail/2019-Mercedes-Benz-C-300/1571834,inventory,,,,,URL only; full vehicle galleries recorded to avoid huge download,url_only
,https://images.dealersync.com/3067/Photos/1571834/20260825183526882_1787682926.jpg,https://www.carfam.com/pre-owned-cars/detail/2019-Mercedes-Benz-C-300/1571834,inventory,,,,,URL only; full vehicle galleries recorded to avoid huge download,url_only
,https://images.dealersync.com/3067/Photos/1571834/20260825183425866_1787682865.jpg,https://www.carfam.com/pre-owned-cars/detail/2019-Mercedes-Benz-C-300/1571834,inventory,,,,,URL only; full vehicle galleries recorded to avoid huge download,url_only
,https://images.dealersync.com/3067/Photos/1571834/20260825183432808_1787682872.jpg,https://www.carfam.com/pre-owned-cars/detail/2019-Mercedes-Benz-C-300/1571834,inventory,,,,,URL only; full vehicle galleries recorded to avoid huge download,url_only
,https://images.dealersync.com/3067/Photos/1571834/20260825183451267_1787682887.jpg,https://www.carfam.com/pre-owned-cars/detail/2019-Mercedes-Benz-C-300/1571834,inventory,,,,,URL only; full vehicle galleries recorded to avoid huge download,url_only
,https://images.dealersync.com/3067/Photos/1571834/20260825183501558_1787682901.jpg,https://www.carfam.com/pre-owned-cars/detail/2019-Mercedes-Benz-C-300/1571834,inventory,,,,,URL only; full vehicle galleries recorded to avoid huge download,url_only
,https://images.dealersync.com/3067/Photos/1571834/20260825183513745_1787682912.jpg,https://www.carfam.com/pre-owned-cars/detail/2019-Mercedes-Benz-C-300/1571834,inventory,,,,,URL only; full vehicle galleries recorded to avoid huge download,url_only
,https://images.dealersync.com/3067/Photos/1572667/wm_a0eb0b61dbfb4a9a8fe78b26e0e1f1b7_1572667.jpg,https://www.carfam.com/pre-owned-cars/detail/2022-Subaru-WRX/1572667,inventory,,,,,URL only; full vehicle galleries recorded to avoid huge download,url_only
,https://images.dealersync.com/3067/Photos/1572667/20260902220917954_1788386957.jpg,https://www.carfam.com/pre-owned-cars/detail/2022-Subaru-WRX/1572667,inventory,,,,,URL only; full vehicle galleries recorded to avoid huge download,url_only
,https://images.dealersync.com/3067/Photos/1572667/20260902220939069_1788386978.jpg,https://www.carfam.com/pre-owned-cars/detail/2022-Subaru-WRX/1572667,inventory,,,,,URL only; full vehicle galleries recorded to avoid huge download,url_only
,https://images.dealersync.com/3067/Photos/1572667/20260902220946907_1788386986.jpg,https://www.carfam.com/pre-owned-cars/detail/2022-Subaru-WRX/1572667,inventory,,,,,URL only; full vehicle galleries recorded to avoid huge download,url_only
,https://images.dealersync.com/3067/Photos/1572667/20260902220957362_1788386997.jpg,https://www.carfam.com/pre-owned-cars/detail/2022-Subaru-WRX/1572667,inventory,,,,,URL only; full vehicle galleries recorded to avoid huge download,url_only
,https://images.dealersync.com/3067/Photos/1572667/20260902221013434_1788387013.jpg,https://www.carfam.com/pre-owned-cars/detail/2022-Subaru-WRX/1572667,inventory,,,,,URL only; full vehicle galleries recorded to avoid huge download,url_only
,https://images.dealersync.com/3067/Photos/1572667/20260902221051045_1788387050.jpg,https://www.carfam.com/pre-owned-cars/detail/2022-Subaru-WRX/1572667,inventory,,,,,URL only; full vehicle galleries recorded to avoid huge download,url_only
,https://images.dealersync.com/3067/Photos/1572667/20260902221107025_1788387066.jpg,https://www.carfam.com/pre-owned-cars/detail/2022-Subaru-WRX/1572667,inventory,,,,,URL only; full vehicle galleries recorded to avoid huge download,url_only
,https://images.dealersync.com/3067/Photos/1572667/20260902221114879_1788387074.jpg,https://www.carfam.com/pre-owned-cars/detail/2022-Subaru-WRX/1572667,inventory,,,,,URL only; full vehicle galleries recorded to avoid huge download,url_only
,https://images.dealersync.com/3067/Photos/1572667/20260902221147813_1788387107.jpg,https://www.carfam.com/pre-owned-cars/detail/2022-Subaru-WRX/1572667,inventory,,,,,URL only; full vehicle galleries recorded to avoid huge download,url_only
,https://images.dealersync.com/3067/Photos/1572667/20260902221210805_1788387130.jpg,https://www.carfam.com/pre-owned-cars/detail/2022-Subaru-WRX/1572667,inventory,,,,,URL only; full vehicle galleries recorded to avoid huge download,url_only
,https://images.dealersync.com/3067/Photos/1572667/20260902221225518_1788387145.jpg,https://www.carfam.com/pre-owned-cars/detail/2022-Subaru-WRX/1572667,inventory,,,,,URL only; full vehicle galleries recorded to avoid huge download,url_only
,https://images.dealersync.com/3067/Photos/1572667/20260902221231533_1788387151.jpg,https://www.carfam.com/pre-owned-cars/detail/2022-Subaru-WRX/1572667,inventory,,,,,URL only; full vehicle galleries recorded to avoid huge download,url_only
,https://images.dealersync.com/3067/Photos/1572667/20260902221249507_1788387169.jpg,https://www.carfam.com/pre-owned-cars/detail/2022-Subaru-WRX/1572667,inventory,,,,,URL only; full vehicle galleries recorded to avoid huge download,url_only
,https://images.dealersync.com/3067/Photos/1572667/20260902221255062_1788387174.jpg,https://www.carfam.com/pre-owned-cars/detail/2022-Subaru-WRX/1572667,inventory,,,,,URL only; full vehicle galleries recorded to avoid huge download,url_only
,https://images.dealersync.com/3067/Photos/1572667/20260902221300485_1788387180.jpg,https://www.carfam.com/pre-owned-cars/detail/2022-Subaru-WRX/1572667,inventory,,,,,URL only; full vehicle galleries recorded to avoid huge download,url_only
,https://images.dealersync.com/3067/Photos/1572667/20260902221319281_1788387199.jpg,https://www.carfam.com/pre-owned-cars/detail/2022-Subaru-WRX/1572667,inventory,,,,,URL only; full vehicle galleries recorded to avoid huge download,url_only
,https://images.dealersync.com/3067/Photos/1572667/20260902221325765_1788387205.jpg,https://www.carfam.com/pre-owned-cars/detail/2022-Subaru-WRX/1572667,inventory,,,,,URL only; full vehicle galleries recorded to avoid huge download,url_only
,https://images.dealersync.com/3067/Photos/1572667/20260902221331395_1788387211.jpg,https://www.carfam.com/pre-owned-cars/detail/2022-Subaru-WRX/1572667,inventory,,,,,URL only; full vehicle galleries recorded to avoid huge download,url_only
,https://images.dealersync.com/3067/Photos/1572667/20260902221354418_1788387234.jpg,https://www.carfam.com/pre-owned-cars/detail/2022-Subaru-WRX/1572667,inventory,,,,,URL only; full vehicle galleries recorded to avoid huge download,url_only
,https://images.dealersync.com/3067/Photos/1572667/20260902221359804_1788387239.jpg,https://www.carfam.com/pre-owned-cars/detail/2022-Subaru-WRX/1572667,inventory,,,,,URL only; full vehicle galleries recorded to avoid huge download,url_only
,https://images.dealersync.com/3067/Photos/1572667/20260902221422782_1788387262.jpg,https://www.carfam.com/pre-owned-cars/detail/2022-Subaru-WRX/1572667,inventory,,,,,URL only; full vehicle galleries recorded to avoid huge download,url_only
,https://images.dealersync.com/3067/Photos/1572667/20260902221429609_1788387269.jpg,https://www.carfam.com/pre-owned-cars/detail/2022-Subaru-WRX/1572667,inventory,,,,,URL only; full vehicle galleries recorded to avoid huge download,url_only
,https://images.dealersync.com/3067/Photos/1572667/20260902221438091_1788387277.jpg,https://www.carfam.com/pre-owned-cars/detail/2022-Subaru-WRX/1572667,inventory,,,,,URL only; full vehicle galleries recorded to avoid huge download,url_only
,https://images.dealersync.com/3067/Photos/1572667/20260902221459165_1788387298.jpg,https://www.carfam.com/pre-owned-cars/detail/2022-Subaru-WRX/1572667,inventory,,,,,URL only; full vehicle galleries recorded to avoid huge download,url_only
,https://images.dealersync.com/3067/Photos/1572667/20260902221504820_1788387304.jpg,https://www.carfam.com/pre-owned-cars/detail/2022-Subaru-WRX/1572667,inventory,,,,,URL only; full vehicle galleries recorded to avoid huge download,url_only
,https://images.dealersync.com/3067/Photos/1572667/20260902221516009_1788387315.jpg,https://www.carfam.com/pre-owned-cars/detail/2022-Subaru-WRX/1572667,inventory,,,,,URL only; full vehicle galleries recorded to avoid huge download,url_only
,https://images.dealersync.com/3067/Photos/1572667/20260902221523034_1788387322.jpg,https://www.carfam.com/pre-owned-cars/detail/2022-Subaru-WRX/1572667,inventory,,,,,URL only; full vehicle galleries recorded to avoid huge download,url_only
,https://images.dealersync.com/3067/Photos/1572667/20260902221545159_1788387344.jpg,https://www.carfam.com/pre-owned-cars/detail/2022-Subaru-WRX/1572667,inventory,,,,,URL only; full vehicle galleries recorded to avoid huge download,url_only
,https://images.dealersync.com/3067/Photos/1572667/20260902221555090_1788387354.jpg,https://www.carfam.com/pre-owned-cars/detail/2022-Subaru-WRX/1572667,inventory,,,,,URL only; full vehicle galleries recorded to avoid huge download,url_only
,https://images.dealersync.com/3067/Photos/1572973/20260908214154913_1788903714.jpg,https://www.carfam.com/pre-owned-cars/detail/2017-Toyota-Corolla-iM/1572973,inventory,,,,,URL only; full vehicle galleries recorded to avoid huge download,url_only
,https://images.dealersync.com/3067/Photos/1572973/20260908214210381_1788903729.jpg,https://www.carfam.com/pre-owned-cars/detail/2017-Toyota-Corolla-iM/1572973,inventory,,,,,URL only; full vehicle galleries recorded to avoid huge download,url_only
,https://images.dealersync.com/3067/Photos/1572973/20260908214216927_1788903736.jpg,https://www.carfam.com/pre-owned-cars/detail/2017-Toyota-Corolla-iM/1572973,inventory,,,,,URL only; full vehicle galleries recorded to avoid huge download,url_only
,https://images.dealersync.com/3067/Photos/1572973/20260908214236664_1788903756.jpg,https://www.carfam.com/pre-owned-cars/detail/2017-Toyota-Corolla-iM/1572973,inventory,,,,,URL only; full vehicle galleries recorded to avoid huge download,url_only
,https://images.dealersync.com/3067/Photos/1572973/20260908214248482_1788903768.jpg,https://www.carfam.com/pre-owned-cars/detail/2017-Toyota-Corolla-iM/1572973,inventory,,,,,URL only; full vehicle galleries recorded to avoid huge download,url_only
,https://images.dealersync.com/3067/Photos/1572973/20260908214255075_1788903774.jpg,https://www.carfam.com/pre-owned-cars/detail/2017-Toyota-Corolla-iM/1572973,inventory,,,,,URL only; full vehicle galleries recorded to avoid huge download,url_only
,https://images.dealersync.com/3067/Photos/1572973/20260908214323422_1788903802.jpg,https://www.carfam.com/pre-owned-cars/detail/2017-Toyota-Corolla-iM/1572973,inventory,,,,,URL only; full vehicle galleries recorded to avoid huge download,url_only
,https://images.dealersync.com/3067/Photos/1572973/20260908214331514_1788903811.jpg,https://www.carfam.com/pre-owned-cars/detail/2017-Toyota-Corolla-iM/1572973,inventory,,,,,URL only; full vehicle galleries recorded to avoid huge download,url_only
,https://images.dealersync.com/3067/Photos/1572973/20260908214415306_1788903854.jpg,https://www.carfam.com/pre-owned-cars/detail/2017-Toyota-Corolla-iM/1572973,inventory,,,,,URL only; full vehicle galleries recorded to avoid huge download,url_only
,https://images.dealersync.com/3067/Photos/1572973/20260908214443492_1788903882.jpg,https://www.carfam.com/pre-owned-cars/detail/2017-Toyota-Corolla-iM/1572973,inventory,,,,,URL only; full vehicle galleries recorded to avoid huge download,url_only
,https://images.dealersync.com/3067/Photos/1572973/20260908214448666_1788903888.jpg,https://www.carfam.com/pre-owned-cars/detail/2017-Toyota-Corolla-iM/1572973,inventory,,,,,URL only; full vehicle galleries recorded to avoid huge download,url_only
,https://images.dealersync.com/3067/Photos/1572973/20260908214501870_1788903901.jpg,https://www.carfam.com/pre-owned-cars/detail/2017-Toyota-Corolla-iM/1572973,inventory,,,,,URL only; full vehicle galleries recorded to avoid huge download,url_only
,https://images.dealersync.com/3067/Photos/1572973/20260908214510267_1788903909.jpg,https://www.carfam.com/pre-owned-cars/detail/2017-Toyota-Corolla-iM/1572973,inventory,,,,,URL only; full vehicle galleries recorded to avoid huge download,url_only
,https://images.dealersync.com/3067/Photos/1572973/20260908214538746_1788903938.jpg,https://www.carfam.com/pre-owned-cars/detail/2017-Toyota-Corolla-iM/1572973,inventory,,,,,URL only; full vehicle galleries recorded to avoid huge download,url_only
,https://images.dealersync.com/3067/Photos/1572973/20260908214549459_1788903949.jpg,https://www.carfam.com/pre-owned-cars/detail/2017-Toyota-Corolla-iM/1572973,inventory,,,,,URL only; full vehicle galleries recorded to avoid huge download,url_only
,https://images.dealersync.com/3067/Photos/1572973/20260908214644924_1788904004.jpg,https://www.carfam.com/pre-owned-cars/detail/2017-Toyota-Corolla-iM/1572973,inventory,,,,,URL only; full vehicle galleries recorded to avoid huge download,url_only
,https://images.dealersync.com/3067/Photos/1572973/20260908214651650_1788904011.jpg,https://www.carfam.com/pre-owned-cars/detail/2017-Toyota-Corolla-iM/1572973,inventory,,,,,URL only; full vehicle galleries recorded to avoid huge download,url_only
,https://images.dealersync.com/3067/Photos/1572973/20260908214703113_1788904022.jpg,https://www.carfam.com/pre-owned-cars/detail/2017-Toyota-Corolla-iM/1572973,inventory,,,,,URL only; full vehicle galleries recorded to avoid huge download,url_only
,https://images.dealersync.com/3067/Photos/1572973/20260908214753021_1788904072.jpg,https://www.carfam.com/pre-owned-cars/detail/2017-Toyota-Corolla-iM/1572973,inventory,,,,,URL only; full vehicle galleries recorded to avoid huge download,url_only
,https://images.dealersync.com/3067/Photos/1572973/20260908214712093_1788904031.jpg,https://www.carfam.com/pre-owned-cars/detail/2017-Toyota-Corolla-iM/1572973,inventory,,,,,URL only; full vehicle galleries recorded to avoid huge download,url_only
,https://images.dealersync.com/3067/Photos/1572973/20260908214720302_1788904039.jpg,https://www.carfam.com/pre-owned-cars/detail/2017-Toyota-Corolla-iM/1572973,inventory,,,,,URL only; full vehicle galleries recorded to avoid huge download,url_only
,https://images.dealersync.com/3067/Photos/1572973/20260908214732872_1788904052.jpg,https://www.carfam.com/pre-owned-cars/detail/2017-Toyota-Corolla-iM/1572973,inventory,,,,,URL only; full vehicle galleries recorded to avoid huge download,url_only
,https://images.dealersync.com/3067/Photos/1572973/20260908214726507_1788904046.jpg,https://www.carfam.com/pre-owned-cars/detail/2017-Toyota-Corolla-iM/1572973,inventory,,,,,URL only; full vehicle galleries recorded to avoid huge download,url_only
,https://images.dealersync.com/3067/Photos/1573026/20260828173802508_1787938682.jpg,https://www.carfam.com/pre-owned-cars/detail/2017-BMW-5-Series/1573026,inventory,,,,,URL only; full vehicle galleries recorded to avoid huge download,url_only
,https://images.dealersync.com/3067/Photos/1573026/20260828173814211_1787938693.jpg,https://www.carfam.com/pre-owned-cars/detail/2017-BMW-5-Series/1573026,inventory,,,,,URL only; full vehicle galleries recorded to avoid huge download,url_only
,https://images.dealersync.com/3067/Photos/1573026/20260828173823345_1787938703.jpg,https://www.carfam.com/pre-owned-cars/detail/2017-BMW-5-Series/1573026,inventory,,,,,URL only; full vehicle galleries recorded to avoid huge download,url_only
,https://images.dealersync.com/3067/Photos/1573026/20260828173839202_1787938718.jpg,https://www.carfam.com/pre-owned-cars/detail/2017-BMW-5-Series/1573026,inventory,,,,,URL only; full vehicle galleries recorded to avoid huge download,url_only
,https://images.dealersync.com/3067/Photos/1573026/20260828173847942_1787938727.jpg,https://www.carfam.com/pre-owned-cars/detail/2017-BMW-5-Series/1573026,inventory,,,,,URL only; full vehicle galleries recorded to avoid huge download,url_only
,https://images.dealersync.com/3067/Photos/1573026/20260828173905461_1787938745.jpg,https://www.carfam.com/pre-owned-cars/detail/2017-BMW-5-Series/1573026,inventory,,,,,URL only; full vehicle galleries recorded to avoid huge download,url_only
,https://images.dealersync.com/3067/Photos/1573026/20260828173915842_1787938755.jpg,https://www.carfam.com/pre-owned-cars/detail/2017-BMW-5-Series/1573026,inventory,,,,,URL only; full vehicle galleries recorded to avoid huge download,url_only
,https://images.dealersync.com/3067/Photos/1573026/20260828173931117_1787938770.jpg,https://www.carfam.com/pre-owned-cars/detail/2017-BMW-5-Series/1573026,inventory,,,,,URL only; full vehicle galleries recorded to avoid huge download,url_only
,https://images.dealersync.com/3067/Photos/1573026/20260828173941257_1787938780.jpg,https://www.carfam.com/pre-owned-cars/detail/2017-BMW-5-Series/1573026,inventory,,,,,URL only; full vehicle galleries recorded to avoid huge download,url_only
,https://images.dealersync.com/3067/Photos/1573026/20260828174008115_1787938807.jpg,https://www.carfam.com/pre-owned-cars/detail/2017-BMW-5-Series/1573026,inventory,,,,,URL only; full vehicle galleries recorded to avoid huge download,url_only
,https://images.dealersync.com/3067/Photos/1573026/20260828174253477_1787938972.jpg,https://www.carfam.com/pre-owned-cars/detail/2017-BMW-5-Series/1573026,inventory,,,,,URL only; full vehicle galleries recorded to avoid huge download,url_only
,https://images.dealersync.com/3067/Photos/1573026/20260828174259664_1787938979.jpg,https://www.carfam.com/pre-owned-cars/detail/2017-BMW-5-Series/1573026,inventory,,,,,URL only; full vehicle galleries recorded to avoid huge download,url_only
,https://images.dealersync.com/3067/Photos/1573026/20260828174309779_1787938989.jpg,https://www.carfam.com/pre-owned-cars/detail/2017-BMW-5-Series/1573026,inventory,,,,,URL only; full vehicle galleries recorded to avoid huge download,url_only
,https://images.dealersync.com/3067/Photos/1573026/20260828174319903_1787938999.jpg,https://www.carfam.com/pre-owned-cars/detail/2017-BMW-5-Series/1573026,inventory,,,,,URL only; full vehicle galleries recorded to avoid huge download,url_only
,https://images.dealersync.com/3067/Photos/1573026/20260828174333121_1787939012.jpg,https://www.carfam.com/pre-owned-cars/detail/2017-BMW-5-Series/1573026,inventory,,,,,URL only; full vehicle galleries recorded to avoid huge download,url_only
,https://images.dealersync.com/3067/Photos/1573026/20260828174342852_1787939022.jpg,https://www.carfam.com/pre-owned-cars/detail/2017-BMW-5-Series/1573026,inventory,,,,,URL only; full vehicle galleries recorded to avoid huge download,url_only
,https://images.dealersync.com/3067/Photos/1573026/20260828174354058_1787939033.jpg,https://www.carfam.com/pre-owned-cars/detail/2017-BMW-5-Series/1573026,inventory,,,,,URL only; full vehicle galleries recorded to avoid huge download,url_only
,https://images.dealersync.com/3067/Photos/1573026/20260828174411966_1787939051.jpg,https://www.carfam.com/pre-owned-cars/detail/2017-BMW-5-Series/1573026,inventory,,,,,URL only; full vehicle galleries recorded to avoid huge download,url_only
,https://images.dealersync.com/3067/Photos/1573026/20260828174436313_1787939075.jpg,https://www.carfam.com/pre-owned-cars/detail/2017-BMW-5-Series/1573026,inventory,,,,,URL only; full vehicle galleries recorded to avoid huge download,url_only
,https://images.dealersync.com/3067/Photos/1573026/20260828174445006_1787939084.jpg,https://www.carfam.com/pre-owned-cars/detail/2017-BMW-5-Series/1573026,inventory,,,,,URL only; full vehicle galleries recorded to avoid huge download,url_only
,https://images.dealersync.com/3067/Photos/1573026/20260828174504477_1787939102.jpg,https://www.carfam.com/pre-owned-cars/detail/2017-BMW-5-Series/1573026,inventory,,,,,URL only; full vehicle galleries recorded to avoid huge download,url_only
,https://images.dealersync.com/3067/Photos/1573026/20260828174534152_1787939133.jpg,https://www.carfam.com/pre-owned-cars/detail/2017-BMW-5-Series/1573026,inventory,,,,,URL only; full vehicle galleries recorded to avoid huge download,url_only
,https://images.dealersync.com/3067/Photos/1573026/20260828174511283_1787939110.jpg,https://www.carfam.com/pre-owned-cars/detail/2017-BMW-5-Series/1573026,inventory,,,,,URL only; full vehicle galleries recorded to avoid huge download,url_only
,https://images.dealersync.com/3067/Photos/1573026/20260828174645724_1787939204.jpg,https://www.carfam.com/pre-owned-cars/detail/2017-BMW-5-Series/1573026,inventory,,,,,URL only; full vehicle galleries recorded to avoid huge download,url_only
,https://images.dealersync.com/3067/Photos/1573026/20260828174700605_1787939220.jpg,https://www.carfam.com/pre-owned-cars/detail/2017-BMW-5-Series/1573026,inventory,,,,,URL only; full vehicle galleries recorded to avoid huge download,url_only
,https://images.dealersync.com/3067/Photos/1573026/20260828174708599_1787939227.jpg,https://www.carfam.com/pre-owned-cars/detail/2017-BMW-5-Series/1573026,inventory,,,,,URL only; full vehicle galleries recorded to avoid huge download,url_only
,https://images.dealersync.com/3067/Photos/1573026/20260828174724454_1787939243.jpg,https://www.carfam.com/pre-owned-cars/detail/2017-BMW-5-Series/1573026,inventory,,,,,URL only; full vehicle galleries recorded to avoid huge download,url_only
,https://images.dealersync.com/3067/Photos/1573027/wm_397dd3fad0464d27a8ef4b7bf15df334_1573027.jpg,https://www.carfam.com/pre-owned-cars/detail/2020-Ford-Transit-Cargo-Van/1573027,inventory,,,,,URL only; full vehicle galleries recorded to avoid huge download,url_only
,https://images.dealersync.com/3067/Photos/1573027/20260910192934074_1789068573.jpg,https://www.carfam.com/pre-owned-cars/detail/2020-Ford-Transit-Cargo-Van/1573027,inventory,,,,,URL only; full vehicle galleries recorded to avoid huge download,url_only
,https://images.dealersync.com/3067/Photos/1573027/20260910192952552_1789068592.jpg,https://www.carfam.com/pre-owned-cars/detail/2020-Ford-Transit-Cargo-Van/1573027,inventory,,,,,URL only; full vehicle galleries recorded to avoid huge download,url_only
,https://images.dealersync.com/3067/Photos/1573027/20260910193005176_1789068604.jpg,https://www.carfam.com/pre-owned-cars/detail/2020-Ford-Transit-Cargo-Van/1573027,inventory,,,,,URL only; full vehicle galleries recorded to avoid huge download,url_only
,https://images.dealersync.com/3067/Photos/1573027/20260910193018398_1789068617.jpg,https://www.carfam.com/pre-owned-cars/detail/2020-Ford-Transit-Cargo-Van/1573027,inventory,,,,,URL only; full vehicle galleries recorded to avoid huge download,url_only
,https://images.dealersync.com/3067/Photos/1573027/20260910193031885_1789068631.jpg,https://www.carfam.com/pre-owned-cars/detail/2020-Ford-Transit-Cargo-Van/1573027,inventory,,,,,URL only; full vehicle galleries recorded to avoid huge download,url_only
,https://images.dealersync.com/3067/Photos/1573027/20260910193050849_1789068650.jpg,https://www.carfam.com/pre-owned-cars/detail/2020-Ford-Transit-Cargo-Van/1573027,inventory,,,,,URL only; full vehicle galleries recorded to avoid huge download,url_only
,https://images.dealersync.com/3067/Photos/1573027/20260910193106970_1789068666.jpg,https://www.carfam.com/pre-owned-cars/detail/2020-Ford-Transit-Cargo-Van/1573027,inventory,,,,,URL only; full vehicle galleries recorded to avoid huge download,url_only
,https://images.dealersync.com/3067/Photos/1573027/20260910193120660_1789068680.jpg,https://www.carfam.com/pre-owned-cars/detail/2020-Ford-Transit-Cargo-Van/1573027,inventory,,,,,URL only; full vehicle galleries recorded to avoid huge download,url_only
,https://images.dealersync.com/3067/Photos/1573027/20260910193142475_1789068702.jpg,https://www.carfam.com/pre-owned-cars/detail/2020-Ford-Transit-Cargo-Van/1573027,inventory,,,,,URL only; full vehicle galleries recorded to avoid huge download,url_only
,https://images.dealersync.com/3067/Photos/1573027/20260910193150507_1789068710.jpg,https://www.carfam.com/pre-owned-cars/detail/2020-Ford-Transit-Cargo-Van/1573027,inventory,,,,,URL only; full vehicle galleries recorded to avoid huge download,url_only
,https://images.dealersync.com/3067/Photos/1573027/20260910193227153_1789068746.jpg,https://www.carfam.com/pre-owned-cars/detail/2020-Ford-Transit-Cargo-Van/1573027,inventory,,,,,URL only; full vehicle galleries recorded to avoid huge download,url_only
,https://images.dealersync.com/3067/Photos/1573027/20260910193325019_1789068804.jpg,https://www.carfam.com/pre-owned-cars/detail/2020-Ford-Transit-Cargo-Van/1573027,inventory,,,,,URL only; full vehicle galleries recorded to avoid huge download,url_only
,https://images.dealersync.com/3067/Photos/1573027/20260910193333680_1789068813.jpg,https://www.carfam.com/pre-owned-cars/detail/2020-Ford-Transit-Cargo-Van/1573027,inventory,,,,,URL only; full vehicle galleries recorded to avoid huge download,url_only
,https://images.dealersync.com/3067/Photos/1573027/20260910193340228_1789068819.jpg,https://www.carfam.com/pre-owned-cars/detail/2020-Ford-Transit-Cargo-Van/1573027,inventory,,,,,URL only; full vehicle galleries recorded to avoid huge download,url_only
,https://images.dealersync.com/3067/Photos/1573027/20260910193359643_1789068839.jpg,https://www.carfam.com/pre-owned-cars/detail/2020-Ford-Transit-Cargo-Van/1573027,inventory,,,,,URL only; full vehicle galleries recorded to avoid huge download,url_only
,https://images.dealersync.com/3067/Photos/1573027/20260910193406098_1789068845.jpg,https://www.carfam.com/pre-owned-cars/detail/2020-Ford-Transit-Cargo-Van/1573027,inventory,,,,,URL only; full vehicle galleries recorded to avoid huge download,url_only
,https://images.dealersync.com/3067/Photos/1573027/20260910193419093_1789068858.jpg,https://www.carfam.com/pre-owned-cars/detail/2020-Ford-Transit-Cargo-Van/1573027,inventory,,,,,URL only; full vehicle galleries recorded to avoid huge download,url_only
,https://images.dealersync.com/3067/Photos/1573027/20260910193622433_1789068981.jpg,https://www.carfam.com/pre-owned-cars/detail/2020-Ford-Transit-Cargo-Van/1573027,inventory,,,,,URL only; full vehicle galleries recorded to avoid huge download,url_only
,https://images.dealersync.com/3067/Photos/1573027/20260910193626417_1789068986.jpg,https://www.carfam.com/pre-owned-cars/detail/2020-Ford-Transit-Cargo-Van/1573027,inventory,,,,,URL only; full vehicle galleries recorded to avoid huge download,url_only
,https://images.dealersync.com/3067/Photos/1573027/20260910193653064_1789069012.jpg,https://www.carfam.com/pre-owned-cars/detail/2020-Ford-Transit-Cargo-Van/1573027,inventory,,,,,URL only; full vehicle galleries recorded to avoid huge download,url_only
,https://images.dealersync.com/3067/Photos/1573027/20260910193658486_1789069018.jpg,https://www.carfam.com/pre-owned-cars/detail/2020-Ford-Transit-Cargo-Van/1573027,inventory,,,,,URL only; full vehicle galleries recorded to avoid huge download,url_only
,https://images.dealersync.com/3067/Photos/1573027/20260910193709904_1789069029.jpg,https://www.carfam.com/pre-owned-cars/detail/2020-Ford-Transit-Cargo-Van/1573027,inventory,,,,,URL only; full vehicle galleries recorded to avoid huge download,url_only
,https://images.dealersync.com/3067/Photos/1573096/wm_ce6c3c4ee6d041d49c831ef7a8a7c0c7_1573096.jpg,https://www.carfam.com/pre-owned-cars/detail/2019-Chevrolet-Blazer/1573096,inventory,,,,,URL only; full vehicle galleries recorded to avoid huge download,url_only
,https://images.dealersync.com/3067/Photos/1573096/20260910182331809_1789064611.jpg,https://www.carfam.com/pre-owned-cars/detail/2019-Chevrolet-Blazer/1573096,inventory,,,,,URL only; full vehicle galleries recorded to avoid huge download,url_only
,https://images.dealersync.com/3067/Photos/1573096/20260910182351148_1789064629.jpg,https://www.carfam.com/pre-owned-cars/detail/2019-Chevrolet-Blazer/1573096,inventory,,,,,URL only; full vehicle galleries recorded to avoid huge download,url_only
,https://images.dealersync.com/3067/Photos/1573096/20260910182359722_1789064639.jpg,https://www.carfam.com/pre-owned-cars/detail/2019-Chevrolet-Blazer/1573096,inventory,,,,,URL only; full vehicle galleries recorded to avoid huge download,url_only
,https://images.dealersync.com/3067/Photos/1573096/20260910182415762_1789064655.jpg,https://www.carfam.com/pre-owned-cars/detail/2019-Chevrolet-Blazer/1573096,inventory,,,,,URL only; full vehicle galleries recorded to avoid huge download,url_only
,https://images.dealersync.com/3067/Photos/1573096/20260910182432391_1789064672.jpg,https://www.carfam.com/pre-owned-cars/detail/2019-Chevrolet-Blazer/1573096,inventory,,,,,URL only; full vehicle galleries recorded to avoid huge download,url_only
,https://images.dealersync.com/3067/Photos/1573096/20260910182443941_1789064683.jpg,https://www.carfam.com/pre-owned-cars/detail/2019-Chevrolet-Blazer/1573096,inventory,,,,,URL only; full vehicle galleries recorded to avoid huge download,url_only
,https://images.dealersync.com/3067/Photos/1573096/20260910182452248_1789064691.jpg,https://www.carfam.com/pre-owned-cars/detail/2019-Chevrolet-Blazer/1573096,inventory,,,,,URL only; full vehicle galleries recorded to avoid huge download,url_only
,https://images.dealersync.com/3067/Photos/1573096/20260910182506990_1789064706.jpg,https://www.carfam.com/pre-owned-cars/detail/2019-Chevrolet-Blazer/1573096,inventory,,,,,URL only; full vehicle galleries recorded to avoid huge download,url_only
,https://images.dealersync.com/3067/Photos/1573096/20260910182525037_1789064724.jpg,https://www.carfam.com/pre-owned-cars/detail/2019-Chevrolet-Blazer/1573096,inventory,,,,,URL only; full vehicle galleries recorded to avoid huge download,url_only
,https://images.dealersync.com/3067/Photos/1573096/20260910182540556_1789064740.jpg,https://www.carfam.com/pre-owned-cars/detail/2019-Chevrolet-Blazer/1573096,inventory,,,,,URL only; full vehicle galleries recorded to avoid huge download,url_only
,https://images.dealersync.com/3067/Photos/1573096/20260910182548190_1789064747.jpg,https://www.carfam.com/pre-owned-cars/detail/2019-Chevrolet-Blazer/1573096,inventory,,,,,URL only; full vehicle galleries recorded to avoid huge download,url_only
,https://images.dealersync.com/3067/Photos/1573096/20260910182600893_1789064760.jpg,https://www.carfam.com/pre-owned-cars/detail/2019-Chevrolet-Blazer/1573096,inventory,,,,,URL only; full vehicle galleries recorded to avoid huge download,url_only
,https://images.dealersync.com/3067/Photos/1573096/20260910182606286_1789064766.jpg,https://www.carfam.com/pre-owned-cars/detail/2019-Chevrolet-Blazer/1573096,inventory,,,,,URL only; full vehicle galleries recorded to avoid huge download,url_only
,https://images.dealersync.com/3067/Photos/1573096/20260910182617380_1789064777.jpg,https://www.carfam.com/pre-owned-cars/detail/2019-Chevrolet-Blazer/1573096,inventory,,,,,URL only; full vehicle galleries recorded to avoid huge download,url_only
,https://images.dealersync.com/3067/Photos/1573096/20260910182627953_1789064787.jpg,https://www.carfam.com/pre-owned-cars/detail/2019-Chevrolet-Blazer/1573096,inventory,,,,,URL only; full vehicle galleries recorded to avoid huge download,url_only
,https://images.dealersync.com/3067/Photos/1573096/20260910182633894_1789064793.jpg,https://www.carfam.com/pre-owned-cars/detail/2019-Chevrolet-Blazer/1573096,inventory,,,,,URL only; full vehicle galleries recorded to avoid huge download,url_only
,https://images.dealersync.com/3067/Photos/1573096/20260910182656307_1789064815.jpg,https://www.carfam.com/pre-owned-cars/detail/2019-Chevrolet-Blazer/1573096,inventory,,,,,URL only; full vehicle galleries recorded to avoid huge download,url_only
,https://images.dealersync.com/3067/Photos/1573096/20260910182701403_1789064821.jpg,https://www.carfam.com/pre-owned-cars/detail/2019-Chevrolet-Blazer/1573096,inventory,,,,,URL only; full vehicle galleries recorded to avoid huge download,url_only
,https://images.dealersync.com/3067/Photos/1573096/20260910183232194_1789065150.jpg,https://www.carfam.com/pre-owned-cars/detail/2019-Chevrolet-Blazer/1573096,inventory,,,,,URL only; full vehicle galleries recorded to avoid huge download,url_only
,https://images.dealersync.com/3067/Photos/1573096/20260910183235347_1789065155.jpg,https://www.carfam.com/pre-owned-cars/detail/2019-Chevrolet-Blazer/1573096,inventory,,,,,URL only; full vehicle galleries recorded to avoid huge download,url_only
,https://images.dealersync.com/3067/Photos/1573096/20260910183247166_1789065166.jpg,https://www.carfam.com/pre-owned-cars/detail/2019-Chevrolet-Blazer/1573096,inventory,,,,,URL only; full vehicle galleries recorded to avoid huge download,url_only
,https://images.dealersync.com/3067/Photos/1573096/20260910183306517_1789065185.jpg,https://www.carfam.com/pre-owned-cars/detail/2019-Chevrolet-Blazer/1573096,inventory,,,,,URL only; full vehicle galleries recorded to avoid huge download,url_only
,https://images.dealersync.com/3067/Photos/1573096/20260910183400025_1789065239.jpg,https://www.carfam.com/pre-owned-cars/detail/2019-Chevrolet-Blazer/1573096,inventory,,,,,URL only; full vehicle galleries recorded to avoid huge download,url_only
,https://images.dealersync.com/3067/Photos/1573096/20260910183312885_1789065192.jpg,https://www.carfam.com/pre-owned-cars/detail/2019-Chevrolet-Blazer/1573096,inventory,,,,,URL only; full vehicle galleries recorded to avoid huge download,url_only
,https://images.dealersync.com/3067/Photos/1573096/20260910183322463_1789065202.jpg,https://www.carfam.com/pre-owned-cars/detail/2019-Chevrolet-Blazer/1573096,inventory,,,,,URL only; full vehicle galleries recorded to avoid huge download,url_only
,https://images.dealersync.com/3067/Photos/1573096/20260910183329374_1789065208.jpg,https://www.carfam.com/pre-owned-cars/detail/2019-Chevrolet-Blazer/1573096,inventory,,,,,URL only; full vehicle galleries recorded to avoid huge download,url_only
,https://images.dealersync.com/3067/Photos/1573096/20260910183337165_1789065216.jpg,https://www.carfam.com/pre-owned-cars/detail/2019-Chevrolet-Blazer/1573096,inventory,,,,,URL only; full vehicle galleries recorded to avoid huge download,url_only
,https://images.dealersync.com/3067/Photos/1573096/20260910183344642_1789065224.jpg,https://www.carfam.com/pre-owned-cars/detail/2019-Chevrolet-Blazer/1573096,inventory,,,,,URL only; full vehicle galleries recorded to avoid huge download,url_only
,https://images.dealersync.com/3067/Photos/1573097/wm_3b70679a4e374518979c50001db2f30f_1573097.jpg,https://www.carfam.com/pre-owned-cars/detail/2019-Ford-Transit-Van/1573097,inventory,,,,,URL only; full vehicle galleries recorded to avoid huge download,url_only
,https://images.dealersync.com/3067/Photos/1573097/20260831172904981_1788197344.jpg,https://www.carfam.com/pre-owned-cars/detail/2019-Ford-Transit-Van/1573097,inventory,,,,,URL only; full vehicle galleries recorded to avoid huge download,url_only
,https://images.dealersync.com/3067/Photos/1573097/20260831172933472_1788197372.jpg,https://www.carfam.com/pre-owned-cars/detail/2019-Ford-Transit-Van/1573097,inventory,,,,,URL only; full vehicle galleries recorded to avoid huge download,url_only
,https://images.dealersync.com/3067/Photos/1573097/20260831172947885_1788197387.jpg,https://www.carfam.com/pre-owned-cars/detail/2019-Ford-Transit-Van/1573097,inventory,,,,,URL only; full vehicle galleries recorded to avoid huge download,url_only
,https://images.dealersync.com/3067/Photos/1573097/20260831173004906_1788197404.jpg,https://www.carfam.com/pre-owned-cars/detail/2019-Ford-Transit-Van/1573097,inventory,,,,,URL only; full vehicle galleries recorded to avoid huge download,url_only
,https://images.dealersync.com/3067/Photos/1573097/20260831173025140_1788197424.jpg,https://www.carfam.com/pre-owned-cars/detail/2019-Ford-Transit-Van/1573097,inventory,,,,,URL only; full vehicle galleries recorded to avoid huge download,url_only
,https://images.dealersync.com/3067/Photos/1573097/20260831173057671_1788197457.jpg,https://www.carfam.com/pre-owned-cars/detail/2019-Ford-Transit-Van/1573097,inventory,,,,,URL only; full vehicle galleries recorded to avoid huge download,url_only
,https://images.dealersync.com/3067/Photos/1573097/20260831173111785_1788197471.jpg,https://www.carfam.com/pre-owned-cars/detail/2019-Ford-Transit-Van/1573097,inventory,,,,,URL only; full vehicle galleries recorded to avoid huge download,url_only
,https://images.dealersync.com/3067/Photos/1573097/20260831173132731_1788197492.jpg,https://www.carfam.com/pre-owned-cars/detail/2019-Ford-Transit-Van/1573097,inventory,,,,,URL only; full vehicle galleries recorded to avoid huge download,url_only
,https://images.dealersync.com/3067/Photos/1573097/20260831173221837_1788197541.jpg,https://www.carfam.com/pre-owned-cars/detail/2019-Ford-Transit-Van/1573097,inventory,,,,,URL only; full vehicle galleries recorded to avoid huge download,url_only
,https://images.dealersync.com/3067/Photos/1573097/20260831173237184_1788197556.jpg,https://www.carfam.com/pre-owned-cars/detail/2019-Ford-Transit-Van/1573097,inventory,,,,,URL only; full vehicle galleries recorded to avoid huge download,url_only
,https://images.dealersync.com/3067/Photos/1573097/20260831173254274_1788197573.jpg,https://www.carfam.com/pre-owned-cars/detail/2019-Ford-Transit-Van/1573097,inventory,,,,,URL only; full vehicle galleries recorded to avoid huge download,url_only
,https://images.dealersync.com/3067/Photos/1573097/20260831173323510_1788197603.jpg,https://www.carfam.com/pre-owned-cars/detail/2019-Ford-Transit-Van/1573097,inventory,,,,,URL only; full vehicle galleries recorded to avoid huge download,url_only
,https://images.dealersync.com/3067/Photos/1573097/20260831173330966_1788197610.jpg,https://www.carfam.com/pre-owned-cars/detail/2019-Ford-Transit-Van/1573097,inventory,,,,,URL only; full vehicle galleries recorded to avoid huge download,url_only
,https://images.dealersync.com/3067/Photos/1573097/20260831173336769_1788197616.jpg,https://www.carfam.com/pre-owned-cars/detail/2019-Ford-Transit-Van/1573097,inventory,,,,,URL only; full vehicle galleries recorded to avoid huge download,url_only
,https://images.dealersync.com/3067/Photos/1573097/20260831173356588_1788197636.jpg,https://www.carfam.com/pre-owned-cars/detail/2019-Ford-Transit-Van/1573097,inventory,,,,,URL only; full vehicle galleries recorded to avoid huge download,url_only
,https://images.dealersync.com/3067/Photos/1573097/20260831173402324_1788197642.jpg,https://www.carfam.com/pre-owned-cars/detail/2019-Ford-Transit-Van/1573097,inventory,,,,,URL only; full vehicle galleries recorded to avoid huge download,url_only
,https://images.dealersync.com/3067/Photos/1573097/20260831173413021_1788197652.jpg,https://www.carfam.com/pre-owned-cars/detail/2019-Ford-Transit-Van/1573097,inventory,,,,,URL only; full vehicle galleries recorded to avoid huge download,url_only
,https://images.dealersync.com/3067/Photos/1573097/20260831173428276_1788197667.jpg,https://www.carfam.com/pre-owned-cars/detail/2019-Ford-Transit-Van/1573097,inventory,,,,,URL only; full vehicle galleries recorded to avoid huge download,url_only
,https://images.dealersync.com/3067/Photos/1573097/20260831173527403_1788197726.jpg,https://www.carfam.com/pre-owned-cars/detail/2019-Ford-Transit-Van/1573097,inventory,,,,,URL only; full vehicle galleries recorded to avoid huge download,url_only
,https://images.dealersync.com/3067/Photos/1573097/20260831173534531_1788197734.jpg,https://www.carfam.com/pre-owned-cars/detail/2019-Ford-Transit-Van/1573097,inventory,,,,,URL only; full vehicle galleries recorded to avoid huge download,url_only
,https://images.dealersync.com/3067/Photos/1573097/20260831173544347_1788197744.jpg,https://www.carfam.com/pre-owned-cars/detail/2019-Ford-Transit-Van/1573097,inventory,,,,,URL only; full vehicle galleries recorded to avoid huge download,url_only
,https://images.dealersync.com/3067/Photos/1573097/20260831173557265_1788197756.jpg,https://www.carfam.com/pre-owned-cars/detail/2019-Ford-Transit-Van/1573097,inventory,,,,,URL only; full vehicle galleries recorded to avoid huge download,url_only
,https://images.dealersync.com/3067/Photos/1573123/wm_b62535298f3d40818ae47b6acc050f13_1573123.jpg,https://www.carfam.com/pre-owned-cars/detail/2023-Mercedes-Benz-EQB-300/1573123,inventory,,,,,URL only; full vehicle galleries recorded to avoid huge download,url_only
,https://images.dealersync.com/3067/Photos/1573123/20260904003220418_1788481940.jpg,https://www.carfam.com/pre-owned-cars/detail/2023-Mercedes-Benz-EQB-300/1573123,inventory,,,,,URL only; full vehicle galleries recorded to avoid huge download,url_only
,https://images.dealersync.com/3067/Photos/1573123/20260904003234636_1788481954.jpg,https://www.carfam.com/pre-owned-cars/detail/2023-Mercedes-Benz-EQB-300/1573123,inventory,,,,,URL only; full vehicle galleries recorded to avoid huge download,url_only
,https://images.dealersync.com/3067/Photos/1573123/20260904003242098_1788481961.jpg,https://www.carfam.com/pre-owned-cars/detail/2023-Mercedes-Benz-EQB-300/1573123,inventory,,,,,URL only; full vehicle galleries recorded to avoid huge download,url_only
,https://images.dealersync.com/3067/Photos/1573123/20260904003253763_1788481973.jpg,https://www.carfam.com/pre-owned-cars/detail/2023-Mercedes-Benz-EQB-300/1573123,inventory,,,,,URL only; full vehicle galleries recorded to avoid huge download,url_only
,https://images.dealersync.com/3067/Photos/1573123/20260904003306982_1788481986.jpg,https://www.carfam.com/pre-owned-cars/detail/2023-Mercedes-Benz-EQB-300/1573123,inventory,,,,,URL only; full vehicle galleries recorded to avoid huge download,url_only
,https://images.dealersync.com/3067/Photos/1573123/20260904003317016_1788481996.jpg,https://www.carfam.com/pre-owned-cars/detail/2023-Mercedes-Benz-EQB-300/1573123,inventory,,,,,URL only; full vehicle galleries recorded to avoid huge download,url_only
,https://images.dealersync.com/3067/Photos/1573123/20260904003325206_1788482004.jpg,https://www.carfam.com/pre-owned-cars/detail/2023-Mercedes-Benz-EQB-300/1573123,inventory,,,,,URL only; full vehicle galleries recorded to avoid huge download,url_only
,https://images.dealersync.com/3067/Photos/1573123/20260904003335068_1788482014.jpg,https://www.carfam.com/pre-owned-cars/detail/2023-Mercedes-Benz-EQB-300/1573123,inventory,,,,,URL only; full vehicle galleries recorded to avoid huge download,url_only
,https://images.dealersync.com/3067/Photos/1573123/20260904003356549_1788482035.jpg,https://www.carfam.com/pre-owned-cars/detail/2023-Mercedes-Benz-EQB-300/1573123,inventory,,,,,URL only; full vehicle galleries recorded to avoid huge download,url_only
,https://images.dealersync.com/3067/Photos/1573123/20260904003420099_1788482059.jpg,https://www.carfam.com/pre-owned-cars/detail/2023-Mercedes-Benz-EQB-300/1573123,inventory,,,,,URL only; full vehicle galleries recorded to avoid huge download,url_only
,https://images.dealersync.com/3067/Photos/1573123/20260904003517892_1788482117.jpg,https://www.carfam.com/pre-owned-cars/detail/2023-Mercedes-Benz-EQB-300/1573123,inventory,,,,,URL only; full vehicle galleries recorded to avoid huge download,url_only
,https://images.dealersync.com/3067/Photos/1573123/20260904003533142_1788482132.jpg,https://www.carfam.com/pre-owned-cars/detail/2023-Mercedes-Benz-EQB-300/1573123,inventory,,,,,URL only; full vehicle galleries recorded to avoid huge download,url_only
,https://images.dealersync.com/3067/Photos/1573123/20260904003539700_1788482139.jpg,https://www.carfam.com/pre-owned-cars/detail/2023-Mercedes-Benz-EQB-300/1573123,inventory,,,,,URL only; full vehicle galleries recorded to avoid huge download,url_only
,https://images.dealersync.com/3067/Photos/1573123/20260904003555458_1788482154.jpg,https://www.carfam.com/pre-owned-cars/detail/2023-Mercedes-Benz-EQB-300/1573123,inventory,,,,,URL only; full vehicle galleries recorded to avoid huge download,url_only
,https://images.dealersync.com/3067/Photos/1573123/20260904003605350_1788482165.jpg,https://www.carfam.com/pre-owned-cars/detail/2023-Mercedes-Benz-EQB-300/1573123,inventory,,,,,URL only; full vehicle galleries recorded to avoid huge download,url_only
,https://images.dealersync.com/3067/Photos/1573123/20260904003611143_1788482170.jpg,https://www.carfam.com/pre-owned-cars/detail/2023-Mercedes-Benz-EQB-300/1573123,inventory,,,,,URL only; full vehicle galleries recorded to avoid huge download,url_only
,https://images.dealersync.com/3067/Photos/1573123/20260904003616771_1788482176.jpg,https://www.carfam.com/pre-owned-cars/detail/2023-Mercedes-Benz-EQB-300/1573123,inventory,,,,,URL only; full vehicle galleries recorded to avoid huge download,url_only
,https://images.dealersync.com/3067/Photos/1573123/20260904003634045_1788482193.jpg,https://www.carfam.com/pre-owned-cars/detail/2023-Mercedes-Benz-EQB-300/1573123,inventory,,,,,URL only; full vehicle galleries recorded to avoid huge download,url_only
,https://images.dealersync.com/3067/Photos/1573123/20260904003639373_1788482199.jpg,https://www.carfam.com/pre-owned-cars/detail/2023-Mercedes-Benz-EQB-300/1573123,inventory,,,,,URL only; full vehicle galleries recorded to avoid huge download,url_only
,https://images.dealersync.com/3067/Photos/1573123/20260904003800889_1788482280.jpg,https://www.carfam.com/pre-owned-cars/detail/2023-Mercedes-Benz-EQB-300/1573123,inventory,,,,,URL only; full vehicle galleries recorded to avoid huge download,url_only
,https://images.dealersync.com/3067/Photos/1573123/20260904003808873_1788482288.jpg,https://www.carfam.com/pre-owned-cars/detail/2023-Mercedes-Benz-EQB-300/1573123,inventory,,,,,URL only; full vehicle galleries recorded to avoid huge download,url_only
,https://images.dealersync.com/3067/Photos/1573123/20260904003815058_1788482294.jpg,https://www.carfam.com/pre-owned-cars/detail/2023-Mercedes-Benz-EQB-300/1573123,inventory,,,,,URL only; full vehicle galleries recorded to avoid huge download,url_only
,https://images.dealersync.com/3067/Photos/1573123/20260904003820766_1788482300.jpg,https://www.carfam.com/pre-owned-cars/detail/2023-Mercedes-Benz-EQB-300/1573123,inventory,,,,,URL only; full vehicle galleries recorded to avoid huge download,url_only
,https://images.dealersync.com/3067/Photos/1573123/20260904004028610_1788482428.jpg,https://www.carfam.com/pre-owned-cars/detail/2023-Mercedes-Benz-EQB-300/1573123,inventory,,,,,URL only; full vehicle galleries recorded to avoid huge download,url_only
,https://images.dealersync.com/3067/Photos/1573123/20260904003832469_1788482312.jpg,https://www.carfam.com/pre-owned-cars/detail/2023-Mercedes-Benz-EQB-300/1573123,inventory,,,,,URL only; full vehicle galleries recorded to avoid huge download,url_only
,https://images.dealersync.com/3067/Photos/1573123/20260904003848422_1788482327.jpg,https://www.carfam.com/pre-owned-cars/detail/2023-Mercedes-Benz-EQB-300/1573123,inventory,,,,,URL only; full vehicle galleries recorded to avoid huge download,url_only
,https://images.dealersync.com/3067/Photos/1573123/20260904003857785_1788482337.jpg,https://www.carfam.com/pre-owned-cars/detail/2023-Mercedes-Benz-EQB-300/1573123,inventory,,,,,URL only; full vehicle galleries recorded to avoid huge download,url_only
,https://images.dealersync.com/3067/Photos/1573123/20260904003903514_1788482342.jpg,https://www.carfam.com/pre-owned-cars/detail/2023-Mercedes-Benz-EQB-300/1573123,inventory,,,,,URL only; full vehicle galleries recorded to avoid huge download,url_only
,https://images.dealersync.com/3067/Photos/1573123/20260904004007170_1788482406.jpg,https://www.carfam.com/pre-owned-cars/detail/2023-Mercedes-Benz-EQB-300/1573123,inventory,,,,,URL only; full vehicle galleries recorded to avoid huge download,url_only
,https://images.dealersync.com/3067/Photos/1573124/wm_3f0c5ae4b6ad4902ae7cd75f11e45df7_1573124.jpg,https://www.carfam.com/pre-owned-cars/detail/2021-Toyota-RAV4/1573124,inventory,,,,,URL only; full vehicle galleries recorded to avoid huge download,url_only
,https://images.dealersync.com/3067/Photos/1573124/20260831191809808_1788203889.jpg,https://www.carfam.com/pre-owned-cars/detail/2021-Toyota-RAV4/1573124,inventory,,,,,URL only; full vehicle galleries recorded to avoid huge download,url_only
,https://images.dealersync.com/3067/Photos/1573124/20260831191830473_1788203910.jpg,https://www.carfam.com/pre-owned-cars/detail/2021-Toyota-RAV4/1573124,inventory,,,,,URL only; full vehicle galleries recorded to avoid huge download,url_only
,https://images.dealersync.com/3067/Photos/1573124/20260831191839507_1788203919.jpg,https://www.carfam.com/pre-owned-cars/detail/2021-Toyota-RAV4/1573124,inventory,,,,,URL only; full vehicle galleries recorded to avoid huge download,url_only
,https://images.dealersync.com/3067/Photos/1573124/20260831191853091_1788203932.jpg,https://www.carfam.com/pre-owned-cars/detail/2021-Toyota-RAV4/1573124,inventory,,,,,URL only; full vehicle galleries recorded to avoid huge download,url_only
,https://images.dealersync.com/3067/Photos/1573124/20260831191909012_1788203948.jpg,https://www.carfam.com/pre-owned-cars/detail/2021-Toyota-RAV4/1573124,inventory,,,,,URL only; full vehicle galleries recorded to avoid huge download,url_only
,https://images.dealersync.com/3067/Photos/1573124/20260831191921886_1788203961.jpg,https://www.carfam.com/pre-owned-cars/detail/2021-Toyota-RAV4/1573124,inventory,,,,,URL only; full vehicle galleries recorded to avoid huge download,url_only
,https://images.dealersync.com/3067/Photos/1573124/20260831191933458_1788203973.jpg,https://www.carfam.com/pre-owned-cars/detail/2021-Toyota-RAV4/1573124,inventory,,,,,URL only; full vehicle galleries recorded to avoid huge download,url_only
,https://images.dealersync.com/3067/Photos/1573124/20260831191947907_1788203987.jpg,https://www.carfam.com/pre-owned-cars/detail/2021-Toyota-RAV4/1573124,inventory,,,,,URL only; full vehicle galleries recorded to avoid huge download,url_only
,https://images.dealersync.com/3067/Photos/1573124/20260831192011537_1788204011.jpg,https://www.carfam.com/pre-owned-cars/detail/2021-Toyota-RAV4/1573124,inventory,,,,,URL only; full vehicle galleries recorded to avoid huge download,url_only
,https://images.dealersync.com/3067/Photos/1573124/20260831192039075_1788204038.jpg,https://www.carfam.com/pre-owned-cars/detail/2021-Toyota-RAV4/1573124,inventory,,,,,URL only; full vehicle galleries recorded to avoid huge download,url_only
,https://images.dealersync.com/3067/Photos/1573124/20260831192045464_1788204045.jpg,https://www.carfam.com/pre-owned-cars/detail/2021-Toyota-RAV4/1573124,inventory,,,,,URL only; full vehicle galleries recorded to avoid huge download,url_only
,https://images.dealersync.com/3067/Photos/1573124/20260831192102229_1788204061.jpg,https://www.carfam.com/pre-owned-cars/detail/2021-Toyota-RAV4/1573124,inventory,,,,,URL only; full vehicle galleries recorded to avoid huge download,url_only
,https://images.dealersync.com/3067/Photos/1573124/20260831192107430_1788204067.jpg,https://www.carfam.com/pre-owned-cars/detail/2021-Toyota-RAV4/1573124,inventory,,,,,URL only; full vehicle galleries recorded to avoid huge download,url_only
,https://images.dealersync.com/3067/Photos/1573124/20260831192118126_1788204077.jpg,https://www.carfam.com/pre-owned-cars/detail/2021-Toyota-RAV4/1573124,inventory,,,,,URL only; full vehicle galleries recorded to avoid huge download,url_only
,https://images.dealersync.com/3067/Photos/1573124/20260831192130156_1788204089.jpg,https://www.carfam.com/pre-owned-cars/detail/2021-Toyota-RAV4/1573124,inventory,,,,,URL only; full vehicle galleries recorded to avoid huge download,url_only
,https://images.dealersync.com/3067/Photos/1573124/20260831192137405_1788204097.jpg,https://www.carfam.com/pre-owned-cars/detail/2021-Toyota-RAV4/1573124,inventory,,,,,URL only; full vehicle galleries recorded to avoid huge download,url_only
,https://images.dealersync.com/3067/Photos/1573124/20260831192201094_1788204120.jpg,https://www.carfam.com/pre-owned-cars/detail/2021-Toyota-RAV4/1573124,inventory,,,,,URL only; full vehicle galleries recorded to avoid huge download,url_only
,https://images.dealersync.com/3067/Photos/1573124/20260831192207831_1788204127.jpg,https://www.carfam.com/pre-owned-cars/detail/2021-Toyota-RAV4/1573124,inventory,,,,,URL only; full vehicle galleries recorded to avoid huge download,url_only
,https://images.dealersync.com/3067/Photos/1573124/20260831192215743_1788204135.jpg,https://www.carfam.com/pre-owned-cars/detail/2021-Toyota-RAV4/1573124,inventory,,,,,URL only; full vehicle galleries recorded to avoid huge download,url_only
,https://images.dealersync.com/3067/Photos/1573124/20260831192245920_1788204165.jpg,https://www.carfam.com/pre-owned-cars/detail/2021-Toyota-RAV4/1573124,inventory,,,,,URL only; full vehicle galleries recorded to avoid huge download,url_only
,https://images.dealersync.com/3067/Photos/1573124/20260831192255495_1788204175.jpg,https://www.carfam.com/pre-owned-cars/detail/2021-Toyota-RAV4/1573124,inventory,,,,,URL only; full vehicle galleries recorded to avoid huge download,url_only
,https://images.dealersync.com/3067/Photos/1573124/20260831192306221_1788204185.jpg,https://www.carfam.com/pre-owned-cars/detail/2021-Toyota-RAV4/1573124,inventory,,,,,URL only; full vehicle galleries recorded to avoid huge download,url_only
,https://images.dealersync.com/3067/Photos/1573124/20260831192434859_1788204274.jpg,https://www.carfam.com/pre-owned-cars/detail/2021-Toyota-RAV4/1573124,inventory,,,,,URL only; full vehicle galleries recorded to avoid huge download,url_only
,https://images.dealersync.com/3067/Photos/1573124/20260831192316598_1788204196.jpg,https://www.carfam.com/pre-owned-cars/detail/2021-Toyota-RAV4/1573124,inventory,,,,,URL only; full vehicle galleries recorded to avoid huge download,url_only
,https://images.dealersync.com/3067/Photos/1573124/20260831192324130_1788204203.jpg,https://www.carfam.com/pre-owned-cars/detail/2021-Toyota-RAV4/1573124,inventory,,,,,URL only; full vehicle galleries recorded to avoid huge download,url_only
,https://images.dealersync.com/3067/Photos/1573124/20260831192330534_1788204210.jpg,https://www.carfam.com/pre-owned-cars/detail/2021-Toyota-RAV4/1573124,inventory,,,,,URL only; full vehicle galleries recorded to avoid huge download,url_only
,https://images.dealersync.com/3067/Photos/1573124/20260831192339693_1788204219.jpg,https://www.carfam.com/pre-owned-cars/detail/2021-Toyota-RAV4/1573124,inventory,,,,,URL only; full vehicle galleries recorded to avoid huge download,url_only
,https://images.dealersync.com/3067/Photos/1573299/20260902172806871_1788370086.jpg,https://www.carfam.com/pre-owned-cars/detail/2019-BMW-5-Series/1573299,inventory,,,,,URL only; full vehicle galleries recorded to avoid huge download,url_only
,https://images.dealersync.com/3067/Photos/1573299/20260902172827839_1788370107.jpg,https://www.carfam.com/pre-owned-cars/detail/2019-BMW-5-Series/1573299,inventory,,,,,URL only; full vehicle galleries recorded to avoid huge download,url_only
,https://images.dealersync.com/3067/Photos/1573299/20260902172837862_1788370117.jpg,https://www.carfam.com/pre-owned-cars/detail/2019-BMW-5-Series/1573299,inventory,,,,,URL only; full vehicle galleries recorded to avoid huge download,url_only
,https://images.dealersync.com/3067/Photos/1573299/20260902172849744_1788370129.jpg,https://www.carfam.com/pre-owned-cars/detail/2019-BMW-5-Series/1573299,inventory,,,,,URL only; full vehicle galleries recorded to avoid huge download,url_only
,https://images.dealersync.com/3067/Photos/1573299/20260902172929937_1788370169.jpg,https://www.carfam.com/pre-owned-cars/detail/2019-BMW-5-Series/1573299,inventory,,,,,URL only; full vehicle galleries recorded to avoid huge download,url_only
,https://images.dealersync.com/3067/Photos/1573299/20260902172946431_1788370185.jpg,https://www.carfam.com/pre-owned-cars/detail/2019-BMW-5-Series/1573299,inventory,,,,,URL only; full vehicle galleries recorded to avoid huge download,url_only
,https://images.dealersync.com/3067/Photos/1573299/20260902172956605_1788370196.jpg,https://www.carfam.com/pre-owned-cars/detail/2019-BMW-5-Series/1573299,inventory,,,,,URL only; full vehicle galleries recorded to avoid huge download,url_only
,https://images.dealersync.com/3067/Photos/1573299/20260902173044966_1788370244.jpg,https://www.carfam.com/pre-owned-cars/detail/2019-BMW-5-Series/1573299,inventory,,,,,URL only; full vehicle galleries recorded to avoid huge download,url_only
,https://images.dealersync.com/3067/Photos/1573299/20260902173119886_1788370279.jpg,https://www.carfam.com/pre-owned-cars/detail/2019-BMW-5-Series/1573299,inventory,,,,,URL only; full vehicle galleries recorded to avoid huge download,url_only
,https://images.dealersync.com/3067/Photos/1573299/20260902173141074_1788370300.jpg,https://www.carfam.com/pre-owned-cars/detail/2019-BMW-5-Series/1573299,inventory,,,,,URL only; full vehicle galleries recorded to avoid huge download,url_only
,https://images.dealersync.com/3067/Photos/1573299/20260902173155198_1788370314.jpg,https://www.carfam.com/pre-owned-cars/detail/2019-BMW-5-Series/1573299,inventory,,,,,URL only; full vehicle galleries recorded to avoid huge download,url_only
,https://images.dealersync.com/3067/Photos/1573299/20260902173203603_1788370323.jpg,https://www.carfam.com/pre-owned-cars/detail/2019-BMW-5-Series/1573299,inventory,,,,,URL only; full vehicle galleries recorded to avoid huge download,url_only
,https://images.dealersync.com/3067/Photos/1573299/20260902173220742_1788370340.jpg,https://www.carfam.com/pre-owned-cars/detail/2019-BMW-5-Series/1573299,inventory,,,,,URL only; full vehicle galleries recorded to avoid huge download,url_only
,https://images.dealersync.com/3067/Photos/1573299/20260902173227952_1788370347.jpg,https://www.carfam.com/pre-owned-cars/detail/2019-BMW-5-Series/1573299,inventory,,,,,URL only; full vehicle galleries recorded to avoid huge download,url_only
,https://images.dealersync.com/3067/Photos/1573299/20260902173247284_1788370366.jpg,https://www.carfam.com/pre-owned-cars/detail/2019-BMW-5-Series/1573299,inventory,,,,,URL only; full vehicle galleries recorded to avoid huge download,url_only
,https://images.dealersync.com/3067/Photos/1573299/20260902173302869_1788370382.jpg,https://www.carfam.com/pre-owned-cars/detail/2019-BMW-5-Series/1573299,inventory,,,,,URL only; full vehicle galleries recorded to avoid huge download,url_only
,https://images.dealersync.com/3067/Photos/1573299/20260902173312596_1788370391.jpg,https://www.carfam.com/pre-owned-cars/detail/2019-BMW-5-Series/1573299,inventory,,,,,URL only; full vehicle galleries recorded to avoid huge download,url_only
,https://images.dealersync.com/3067/Photos/1573299/20260902173337523_1788370417.jpg,https://www.carfam.com/pre-owned-cars/detail/2019-BMW-5-Series/1573299,inventory,,,,,URL only; full vehicle galleries recorded to avoid huge download,url_only
,https://images.dealersync.com/3067/Photos/1573299/20260902173349589_1788370429.jpg,https://www.carfam.com/pre-owned-cars/detail/2019-BMW-5-Series/1573299,inventory,,,,,URL only; full vehicle galleries recorded to avoid huge download,url_only
,https://images.dealersync.com/3067/Photos/1573299/20260902173625251_1788370584.jpg,https://www.carfam.com/pre-owned-cars/detail/2019-BMW-5-Series/1573299,inventory,,,,,URL only; full vehicle galleries recorded to avoid huge download,url_only
,https://images.dealersync.com/3067/Photos/1573299/20260902173637930_1788370597.jpg,https://www.carfam.com/pre-owned-cars/detail/2019-BMW-5-Series/1573299,inventory,,,,,URL only; full vehicle galleries recorded to avoid huge download,url_only
,https://images.dealersync.com/3067/Photos/1573299/20260902173650025_1788370609.jpg,https://www.carfam.com/pre-owned-cars/detail/2019-BMW-5-Series/1573299,inventory,,,,,URL only; full vehicle galleries recorded to avoid huge download,url_only
,https://images.dealersync.com/3067/Photos/1573299/20260902173657384_1788370617.jpg,https://www.carfam.com/pre-owned-cars/detail/2019-BMW-5-Series/1573299,inventory,,,,,URL only; full vehicle galleries recorded to avoid huge download,url_only
,https://images.dealersync.com/3067/Photos/1573299/20260902174143162_1788370902.jpg,https://www.carfam.com/pre-owned-cars/detail/2019-BMW-5-Series/1573299,inventory,,,,,URL only; full vehicle galleries recorded to avoid huge download,url_only
,https://images.dealersync.com/3067/Photos/1573299/20260902174029338_1788370828.jpg,https://www.carfam.com/pre-owned-cars/detail/2019-BMW-5-Series/1573299,inventory,,,,,URL only; full vehicle galleries recorded to avoid huge download,url_only
,https://images.dealersync.com/3067/Photos/1573299/20260902174043589_1788370843.jpg,https://www.carfam.com/pre-owned-cars/detail/2019-BMW-5-Series/1573299,inventory,,,,,URL only; full vehicle galleries recorded to avoid huge download,url_only
,https://images.dealersync.com/3067/Photos/1573299/20260902174054562_1788370854.jpg,https://www.carfam.com/pre-owned-cars/detail/2019-BMW-5-Series/1573299,inventory,,,,,URL only; full vehicle galleries recorded to avoid huge download,url_only
,https://images.dealersync.com/3067/Photos/1573299/20260902174106097_1788370865.jpg,https://www.carfam.com/pre-owned-cars/detail/2019-BMW-5-Series/1573299,inventory,,,,,URL only; full vehicle galleries recorded to avoid huge download,url_only
,https://images.dealersync.com/3067/Photos/1573572/20260831181130811_1788199890.jpg,https://www.carfam.com/pre-owned-cars/detail/2018-BMW-5-Series/1573572,inventory,,,,,URL only; full vehicle galleries recorded to avoid huge download,url_only
,https://images.dealersync.com/3067/Photos/1573572/20260831181155300_1788199914.jpg,https://www.carfam.com/pre-owned-cars/detail/2018-BMW-5-Series/1573572,inventory,,,,,URL only; full vehicle galleries recorded to avoid huge download,url_only
,https://images.dealersync.com/3067/Photos/1573572/20260831181206289_1788199926.jpg,https://www.carfam.com/pre-owned-cars/detail/2018-BMW-5-Series/1573572,inventory,,,,,URL only; full vehicle galleries recorded to avoid huge download,url_only
,https://images.dealersync.com/3067/Photos/1573572/20260831181223140_1788199942.jpg,https://www.carfam.com/pre-owned-cars/detail/2018-BMW-5-Series/1573572,inventory,,,,,URL only; full vehicle galleries recorded to avoid huge download,url_only
,https://images.dealersync.com/3067/Photos/1573572/20260831181244783_1788199964.jpg,https://www.carfam.com/pre-owned-cars/detail/2018-BMW-5-Series/1573572,inventory,,,,,URL only; full vehicle galleries recorded to avoid huge download,url_only
,https://images.dealersync.com/3067/Photos/1573572/20260831181303746_1788199983.jpg,https://www.carfam.com/pre-owned-cars/detail/2018-BMW-5-Series/1573572,inventory,,,,,URL only; full vehicle galleries recorded to avoid huge download,url_only
,https://images.dealersync.com/3067/Photos/1573572/20260831181320877_1788200000.jpg,https://www.carfam.com/pre-owned-cars/detail/2018-BMW-5-Series/1573572,inventory,,,,,URL only; full vehicle galleries recorded to avoid huge download,url_only
,https://images.dealersync.com/3067/Photos/1573572/20260831181332874_1788200012.jpg,https://www.carfam.com/pre-owned-cars/detail/2018-BMW-5-Series/1573572,inventory,,,,,URL only; full vehicle galleries recorded to avoid huge download,url_only
,https://images.dealersync.com/3067/Photos/1573572/20260831181408543_1788200047.jpg,https://www.carfam.com/pre-owned-cars/detail/2018-BMW-5-Series/1573572,inventory,,,,,URL only; full vehicle galleries recorded to avoid huge download,url_only
,https://images.dealersync.com/3067/Photos/1573572/20260831181427661_1788200067.jpg,https://www.carfam.com/pre-owned-cars/detail/2018-BMW-5-Series/1573572,inventory,,,,,URL only; full vehicle galleries recorded to avoid huge download,url_only
,https://images.dealersync.com/3067/Photos/1573572/20260831181444266_1788200083.jpg,https://www.carfam.com/pre-owned-cars/detail/2018-BMW-5-Series/1573572,inventory,,,,,URL only; full vehicle galleries recorded to avoid huge download,url_only
,https://images.dealersync.com/3067/Photos/1573572/20260831181451322_1788200090.jpg,https://www.carfam.com/pre-owned-cars/detail/2018-BMW-5-Series/1573572,inventory,,,,,URL only; full vehicle galleries recorded to avoid huge download,url_only
,https://images.dealersync.com/3067/Photos/1573572/20260831181511495_1788200111.jpg,https://www.carfam.com/pre-owned-cars/detail/2018-BMW-5-Series/1573572,inventory,,,,,URL only; full vehicle galleries recorded to avoid huge download,url_only
,https://images.dealersync.com/3067/Photos/1573572/20260831181518297_1788200118.jpg,https://www.carfam.com/pre-owned-cars/detail/2018-BMW-5-Series/1573572,inventory,,,,,URL only; full vehicle galleries recorded to avoid huge download,url_only
,https://images.dealersync.com/3067/Photos/1573572/20260831181536109_1788200135.jpg,https://www.carfam.com/pre-owned-cars/detail/2018-BMW-5-Series/1573572,inventory,,,,,URL only; full vehicle galleries recorded to avoid huge download,url_only
,https://images.dealersync.com/3067/Photos/1573572/20260831181555021_1788200154.jpg,https://www.carfam.com/pre-owned-cars/detail/2018-BMW-5-Series/1573572,inventory,,,,,URL only; full vehicle galleries recorded to avoid huge download,url_only
,https://images.dealersync.com/3067/Photos/1573572/20260831181603532_1788200163.jpg,https://www.carfam.com/pre-owned-cars/detail/2018-BMW-5-Series/1573572,inventory,,,,,URL only; full vehicle galleries recorded to avoid huge download,url_only
,https://images.dealersync.com/3067/Photos/1573572/20260831181629524_1788200189.jpg,https://www.carfam.com/pre-owned-cars/detail/2018-BMW-5-Series/1573572,inventory,,,,,URL only; full vehicle galleries recorded to avoid huge download,url_only
,https://images.dealersync.com/3067/Photos/1573572/20260831181635799_1788200195.jpg,https://www.carfam.com/pre-owned-cars/detail/2018-BMW-5-Series/1573572,inventory,,,,,URL only; full vehicle galleries recorded to avoid huge download,url_only
,https://images.dealersync.com/3067/Photos/1573572/20260831181917290_1788200355.jpg,https://www.carfam.com/pre-owned-cars/detail/2018-BMW-5-Series/1573572,inventory,,,,,URL only; full vehicle galleries recorded to avoid huge download,url_only
,https://images.dealersync.com/3067/Photos/1573572/20260831181928796_1788200368.jpg,https://www.carfam.com/pre-owned-cars/detail/2018-BMW-5-Series/1573572,inventory,,,,,URL only; full vehicle galleries recorded to avoid huge download,url_only
,https://images.dealersync.com/3067/Photos/1573572/20260831181940971_1788200380.jpg,https://www.carfam.com/pre-owned-cars/detail/2018-BMW-5-Series/1573572,inventory,,,,,URL only; full vehicle galleries recorded to avoid huge download,url_only
,https://images.dealersync.com/3067/Photos/1573572/20260831181953287_1788200393.jpg,https://www.carfam.com/pre-owned-cars/detail/2018-BMW-5-Series/1573572,inventory,,,,,URL only; full vehicle galleries recorded to avoid huge download,url_only
,https://images.dealersync.com/3067/Photos/1573572/20260831182002595_1788200402.jpg,https://www.carfam.com/pre-owned-cars/detail/2018-BMW-5-Series/1573572,inventory,,,,,URL only; full vehicle galleries recorded to avoid huge download,url_only
,https://images.dealersync.com/3067/Photos/1573572/20260831182017098_1788200416.jpg,https://www.carfam.com/pre-owned-cars/detail/2018-BMW-5-Series/1573572,inventory,,,,,URL only; full vehicle galleries recorded to avoid huge download,url_only
,https://images.dealersync.com/3067/Photos/1573572/20260831182032642_1788200432.jpg,https://www.carfam.com/pre-owned-cars/detail/2018-BMW-5-Series/1573572,inventory,,,,,URL only; full vehicle galleries recorded to avoid huge download,url_only
,https://images.dealersync.com/3067/Photos/1573572/20260831182038612_1788200438.jpg,https://www.carfam.com/pre-owned-cars/detail/2018-BMW-5-Series/1573572,inventory,,,,,URL only; full vehicle galleries recorded to avoid huge download,url_only
,https://images.dealersync.com/3067/Photos/1573572/20260831182047660_1788200447.jpg,https://www.carfam.com/pre-owned-cars/detail/2018-BMW-5-Series/1573572,inventory,,,,,URL only; full vehicle galleries recorded to avoid huge download,url_only
,https://images.dealersync.com/3067/Photos/1573572/20260831182057919_1788200457.jpg,https://www.carfam.com/pre-owned-cars/detail/2018-BMW-5-Series/1573572,inventory,,,,,URL only; full vehicle galleries recorded to avoid huge download,url_only
,https://images.dealersync.com/3067/Photos/1573575/wm_d611697e59c84c65baf297c61c9e263c_1573575.jpg,https://www.carfam.com/pre-owned-cars/detail/2020-GMC-Sierra-1500/1573575,inventory,,,,,URL only; full vehicle galleries recorded to avoid huge download,url_only
,https://images.dealersync.com/3067/Photos/1573575/20260903190928223_1788462567.jpg,https://www.carfam.com/pre-owned-cars/detail/2020-GMC-Sierra-1500/1573575,inventory,,,,,URL only; full vehicle galleries recorded to avoid huge download,url_only
,https://images.dealersync.com/3067/Photos/1573575/20260903190941262_1788462580.jpg,https://www.carfam.com/pre-owned-cars/detail/2020-GMC-Sierra-1500/1573575,inventory,,,,,URL only; full vehicle galleries recorded to avoid huge download,url_only
,https://images.dealersync.com/3067/Photos/1573575/20260903190948123_1788462587.jpg,https://www.carfam.com/pre-owned-cars/detail/2020-GMC-Sierra-1500/1573575,inventory,,,,,URL only; full vehicle galleries recorded to avoid huge download,url_only
,https://images.dealersync.com/3067/Photos/1573575/20260903190955245_1788462594.jpg,https://www.carfam.com/pre-owned-cars/detail/2020-GMC-Sierra-1500/1573575,inventory,,,,,URL only; full vehicle galleries recorded to avoid huge download,url_only
,https://images.dealersync.com/3067/Photos/1573575/20260903191006465_1788462606.jpg,https://www.carfam.com/pre-owned-cars/detail/2020-GMC-Sierra-1500/1573575,inventory,,,,,URL only; full vehicle galleries recorded to avoid huge download,url_only
,https://images.dealersync.com/3067/Photos/1573575/20260903191018796_1788462618.jpg,https://www.carfam.com/pre-owned-cars/detail/2020-GMC-Sierra-1500/1573575,inventory,,,,,URL only; full vehicle galleries recorded to avoid huge download,url_only
,https://images.dealersync.com/3067/Photos/1573575/20260903191025575_1788462625.jpg,https://www.carfam.com/pre-owned-cars/detail/2020-GMC-Sierra-1500/1573575,inventory,,,,,URL only; full vehicle galleries recorded to avoid huge download,url_only
,https://images.dealersync.com/3067/Photos/1573575/20260903191033946_1788462633.jpg,https://www.carfam.com/pre-owned-cars/detail/2020-GMC-Sierra-1500/1573575,inventory,,,,,URL only; full vehicle galleries recorded to avoid huge download,url_only
,https://images.dealersync.com/3067/Photos/1573575/20260903191054656_1788462654.jpg,https://www.carfam.com/pre-owned-cars/detail/2020-GMC-Sierra-1500/1573575,inventory,,,,,URL only; full vehicle galleries recorded to avoid huge download,url_only
,https://images.dealersync.com/3067/Photos/1573575/20260903191109781_1788462669.jpg,https://www.carfam.com/pre-owned-cars/detail/2020-GMC-Sierra-1500/1573575,inventory,,,,,URL only; full vehicle galleries recorded to avoid huge download,url_only
,https://images.dealersync.com/3067/Photos/1573575/20260903191117554_1788462677.jpg,https://www.carfam.com/pre-owned-cars/detail/2020-GMC-Sierra-1500/1573575,inventory,,,,,URL only; full vehicle galleries recorded to avoid huge download,url_only
,https://images.dealersync.com/3067/Photos/1573575/20260903191129643_1788462689.jpg,https://www.carfam.com/pre-owned-cars/detail/2020-GMC-Sierra-1500/1573575,inventory,,,,,URL only; full vehicle galleries recorded to avoid huge download,url_only
,https://images.dealersync.com/3067/Photos/1573575/20260903191137996_1788462697.jpg,https://www.carfam.com/pre-owned-cars/detail/2020-GMC-Sierra-1500/1573575,inventory,,,,,URL only; full vehicle galleries recorded to avoid huge download,url_only
,https://images.dealersync.com/3067/Photos/1573575/20260903191143716_1788462703.jpg,https://www.carfam.com/pre-owned-cars/detail/2020-GMC-Sierra-1500/1573575,inventory,,,,,URL only; full vehicle galleries recorded to avoid huge download,url_only
,https://images.dealersync.com/3067/Photos/1573575/20260903191153852_1788462713.jpg,https://www.carfam.com/pre-owned-cars/detail/2020-GMC-Sierra-1500/1573575,inventory,,,,,URL only; full vehicle galleries recorded to avoid huge download,url_only
,https://images.dealersync.com/3067/Photos/1573575/20260903191207221_1788462726.jpg,https://www.carfam.com/pre-owned-cars/detail/2020-GMC-Sierra-1500/1573575,inventory,,,,,URL only; full vehicle galleries recorded to avoid huge download,url_only
,https://images.dealersync.com/3067/Photos/1573575/20260903191214488_1788462733.jpg,https://www.carfam.com/pre-owned-cars/detail/2020-GMC-Sierra-1500/1573575,inventory,,,,,URL only; full vehicle galleries recorded to avoid huge download,url_only
,https://images.dealersync.com/3067/Photos/1573575/20260903191232341_1788462752.jpg,https://www.carfam.com/pre-owned-cars/detail/2020-GMC-Sierra-1500/1573575,inventory,,,,,URL only; full vehicle galleries recorded to avoid huge download,url_only
,https://images.dealersync.com/3067/Photos/1573575/20260903191245312_1788462765.jpg,https://www.carfam.com/pre-owned-cars/detail/2020-GMC-Sierra-1500/1573575,inventory,,,,,URL only; full vehicle galleries recorded to avoid huge download,url_only
,https://images.dealersync.com/3067/Photos/1573575/20260903191251724_1788462771.jpg,https://www.carfam.com/pre-owned-cars/detail/2020-GMC-Sierra-1500/1573575,inventory,,,,,URL only; full vehicle galleries recorded to avoid huge download,url_only
,https://images.dealersync.com/3067/Photos/1573575/20260903191256755_1788462776.jpg,https://www.carfam.com/pre-owned-cars/detail/2020-GMC-Sierra-1500/1573575,inventory,,,,,URL only; full vehicle galleries recorded to avoid huge download,url_only
,https://images.dealersync.com/3067/Photos/1573575/20260903191301410_1788462781.jpg,https://www.carfam.com/pre-owned-cars/detail/2020-GMC-Sierra-1500/1573575,inventory,,,,,URL only; full vehicle galleries recorded to avoid huge download,url_only
,https://images.dealersync.com/3067/Photos/1573575/20260903191307854_1788462787.jpg,https://www.carfam.com/pre-owned-cars/detail/2020-GMC-Sierra-1500/1573575,inventory,,,,,URL only; full vehicle galleries recorded to avoid huge download,url_only
,https://images.dealersync.com/3067/Photos/1573575/20260903191349910_1788462829.jpg,https://www.carfam.com/pre-owned-cars/detail/2020-GMC-Sierra-1500/1573575,inventory,,,,,URL only; full vehicle galleries recorded to avoid huge download,url_only
,https://images.dealersync.com/3067/Photos/1573575/20260903191317430_1788462797.jpg,https://www.carfam.com/pre-owned-cars/detail/2020-GMC-Sierra-1500/1573575,inventory,,,,,URL only; full vehicle galleries recorded to avoid huge download,url_only
,https://images.dealersync.com/3067/Photos/1573575/20260903191324476_1788462804.jpg,https://www.carfam.com/pre-owned-cars/detail/2020-GMC-Sierra-1500/1573575,inventory,,,,,URL only; full vehicle galleries recorded to avoid huge download,url_only
,https://images.dealersync.com/3067/Photos/1573575/20260903191334558_1788462814.jpg,https://www.carfam.com/pre-owned-cars/detail/2020-GMC-Sierra-1500/1573575,inventory,,,,,URL only; full vehicle galleries recorded to avoid huge download,url_only
,https://images.dealersync.com/3067/Photos/1573575/20260903191341053_1788462820.jpg,https://www.carfam.com/pre-owned-cars/detail/2020-GMC-Sierra-1500/1573575,inventory,,,,,URL only; full vehicle galleries recorded to avoid huge download,url_only
,https://images.dealersync.com/3067/Photos/1573575/20260903191239574_1788462759.jpg,https://www.carfam.com/pre-owned-cars/detail/2020-GMC-Sierra-1500/1573575,inventory,,,,,URL only; full vehicle galleries recorded to avoid huge download,url_only
,https://images.dealersync.com/3067/Photos/1573576/20260904181059060_1788545458.jpg,https://www.carfam.com/pre-owned-cars/detail/2019-Honda-Odyssey/1573576,inventory,,,,,URL only; full vehicle galleries recorded to avoid huge download,url_only
,https://images.dealersync.com/3067/Photos/1573576/20260904181116436_1788545476.jpg,https://www.carfam.com/pre-owned-cars/detail/2019-Honda-Odyssey/1573576,inventory,,,,,URL only; full vehicle galleries recorded to avoid huge download,url_only
,https://images.dealersync.com/3067/Photos/1573576/20260904181133910_1788545493.jpg,https://www.carfam.com/pre-owned-cars/detail/2019-Honda-Odyssey/1573576,inventory,,,,,URL only; full vehicle galleries recorded to avoid huge download,url_only
,https://images.dealersync.com/3067/Photos/1573576/20260904181340061_1788545619.jpg,https://www.carfam.com/pre-owned-cars/detail/2019-Honda-Odyssey/1573576,inventory,,,,,URL only; full vehicle galleries recorded to avoid huge download,url_only
,https://images.dealersync.com/3067/Photos/1573576/20260904181404998_1788545644.jpg,https://www.carfam.com/pre-owned-cars/detail/2019-Honda-Odyssey/1573576,inventory,,,,,URL only; full vehicle galleries recorded to avoid huge download,url_only
,https://images.dealersync.com/3067/Photos/1573576/20260904181413766_1788545653.jpg,https://www.carfam.com/pre-owned-cars/detail/2019-Honda-Odyssey/1573576,inventory,,,,,URL only; full vehicle galleries recorded to avoid huge download,url_only
,https://images.dealersync.com/3067/Photos/1573576/20260904181427124_1788545666.jpg,https://www.carfam.com/pre-owned-cars/detail/2019-Honda-Odyssey/1573576,inventory,,,,,URL only; full vehicle galleries recorded to avoid huge download,url_only
,https://images.dealersync.com/3067/Photos/1573576/20260904181442220_1788545681.jpg,https://www.carfam.com/pre-owned-cars/detail/2019-Honda-Odyssey/1573576,inventory,,,,,URL only; full vehicle galleries recorded to avoid huge download,url_only
,https://images.dealersync.com/3067/Photos/1573576/20260904181513709_1788545713.jpg,https://www.carfam.com/pre-owned-cars/detail/2019-Honda-Odyssey/1573576,inventory,,,,,URL only; full vehicle galleries recorded to avoid huge download,url_only
,https://images.dealersync.com/3067/Photos/1573576/20260904181637700_1788545796.jpg,https://www.carfam.com/pre-owned-cars/detail/2019-Honda-Odyssey/1573576,inventory,,,,,URL only; full vehicle galleries recorded to avoid huge download,url_only
,https://images.dealersync.com/3067/Photos/1573576/20260904181700437_1788545819.jpg,https://www.carfam.com/pre-owned-cars/detail/2019-Honda-Odyssey/1573576,inventory,,,,,URL only; full vehicle galleries recorded to avoid huge download,url_only
,https://images.dealersync.com/3067/Photos/1573576/20260904181722034_1788545841.jpg,https://www.carfam.com/pre-owned-cars/detail/2019-Honda-Odyssey/1573576,inventory,,,,,URL only; full vehicle galleries recorded to avoid huge download,url_only
,https://images.dealersync.com/3067/Photos/1573576/20260904181727856_1788545847.jpg,https://www.carfam.com/pre-owned-cars/detail/2019-Honda-Odyssey/1573576,inventory,,,,,URL only; full vehicle galleries recorded to avoid huge download,url_only
,https://images.dealersync.com/3067/Photos/1573576/20260904181803391_1788545882.jpg,https://www.carfam.com/pre-owned-cars/detail/2019-Honda-Odyssey/1573576,inventory,,,,,URL only; full vehicle galleries recorded to avoid huge download,url_only
,https://images.dealersync.com/3067/Photos/1573576/20260904181832086_1788545911.jpg,https://www.carfam.com/pre-owned-cars/detail/2019-Honda-Odyssey/1573576,inventory,,,,,URL only; full vehicle galleries recorded to avoid huge download,url_only
,https://images.dealersync.com/3067/Photos/1573576/20260904181842221_1788545921.jpg,https://www.carfam.com/pre-owned-cars/detail/2019-Honda-Odyssey/1573576,inventory,,,,,URL only; full vehicle galleries recorded to avoid huge download,url_only
,https://images.dealersync.com/3067/Photos/1573576/20260904181850066_1788545929.jpg,https://www.carfam.com/pre-owned-cars/detail/2019-Honda-Odyssey/1573576,inventory,,,,,URL only; full vehicle galleries recorded to avoid huge download,url_only
,https://images.dealersync.com/3067/Photos/1573576/20260904181912427_1788545951.jpg,https://www.carfam.com/pre-owned-cars/detail/2019-Honda-Odyssey/1573576,inventory,,,,,URL only; full vehicle galleries recorded to avoid huge download,url_only
,https://images.dealersync.com/3067/Photos/1573576/20260904181919168_1788545958.jpg,https://www.carfam.com/pre-owned-cars/detail/2019-Honda-Odyssey/1573576,inventory,,,,,URL only; full vehicle galleries recorded to avoid huge download,url_only
,https://images.dealersync.com/3067/Photos/1573576/20260904182126713_1788546086.jpg,https://www.carfam.com/pre-owned-cars/detail/2019-Honda-Odyssey/1573576,inventory,,,,,URL only; full vehicle galleries recorded to avoid huge download,url_only
,https://images.dealersync.com/3067/Photos/1573576/20260904181929124_1788545968.jpg,https://www.carfam.com/pre-owned-cars/detail/2019-Honda-Odyssey/1573576,inventory,,,,,URL only; full vehicle galleries recorded to avoid huge download,url_only
,https://images.dealersync.com/3067/Photos/1573576/20260904181942683_1788545982.jpg,https://www.carfam.com/pre-owned-cars/detail/2019-Honda-Odyssey/1573576,inventory,,,,,URL only; full vehicle galleries recorded to avoid huge download,url_only
,https://images.dealersync.com/3067/Photos/1573576/20260904182023381_1788546022.jpg,https://www.carfam.com/pre-owned-cars/detail/2019-Honda-Odyssey/1573576,inventory,,,,,URL only; full vehicle galleries recorded to avoid huge download,url_only
,https://images.dealersync.com/3067/Photos/1573576/20260904182032400_1788546031.jpg,https://www.carfam.com/pre-owned-cars/detail/2019-Honda-Odyssey/1573576,inventory,,,,,URL only; full vehicle galleries recorded to avoid huge download,url_only
,https://images.dealersync.com/3067/Photos/1573576/20260904182042973_1788546042.jpg,https://www.carfam.com/pre-owned-cars/detail/2019-Honda-Odyssey/1573576,inventory,,,,,URL only; full vehicle galleries recorded to avoid huge download,url_only
,https://images.dealersync.com/3067/Photos/1573576/20260904182051081_1788546050.jpg,https://www.carfam.com/pre-owned-cars/detail/2019-Honda-Odyssey/1573576,inventory,,,,,URL only; full vehicle galleries recorded to avoid huge download,url_only
,https://images.dealersync.com/3067/Photos/1573576/20260904182104726_1788546064.jpg,https://www.carfam.com/pre-owned-cars/detail/2019-Honda-Odyssey/1573576,inventory,,,,,URL only; full vehicle galleries recorded to avoid huge download,url_only
,https://images.dealersync.com/3067/Photos/1574500/wm_ef17cb811d75449aa39d1385092ab4ec_1574500.jpg,https://www.carfam.com/pre-owned-cars/detail/2016-Dodge-Dart/1574500,inventory,,,,,URL only; full vehicle galleries recorded to avoid huge download,url_only
,https://images.dealersync.com/3067/Photos/1574500/20260910000305941_1788998585.jpg,https://www.carfam.com/pre-owned-cars/detail/2016-Dodge-Dart/1574500,inventory,,,,,URL only; full vehicle galleries recorded to avoid huge download,url_only
,https://images.dealersync.com/3067/Photos/1574500/20260910000316360_1788998596.jpg,https://www.carfam.com/pre-owned-cars/detail/2016-Dodge-Dart/1574500,inventory,,,,,URL only; full vehicle galleries recorded to avoid huge download,url_only
,https://images.dealersync.com/3067/Photos/1574500/20260910000322473_1788998602.jpg,https://www.carfam.com/pre-owned-cars/detail/2016-Dodge-Dart/1574500,inventory,,,,,URL only; full vehicle galleries recorded to avoid huge download,url_only
,https://images.dealersync.com/3067/Photos/1574500/20260910000328952_1788998608.jpg,https://www.carfam.com/pre-owned-cars/detail/2016-Dodge-Dart/1574500,inventory,,,,,URL only; full vehicle galleries recorded to avoid huge download,url_only
,https://images.dealersync.com/3067/Photos/1574500/20260910000340116_1788998619.jpg,https://www.carfam.com/pre-owned-cars/detail/2016-Dodge-Dart/1574500,inventory,,,,,URL only; full vehicle galleries recorded to avoid huge download,url_only
,https://images.dealersync.com/3067/Photos/1574500/20260910000350217_1788998629.jpg,https://www.carfam.com/pre-owned-cars/detail/2016-Dodge-Dart/1574500,inventory,,,,,URL only; full vehicle galleries recorded to avoid huge download,url_only
,https://images.dealersync.com/3067/Photos/1574500/20260910000403870_1788998643.jpg,https://www.carfam.com/pre-owned-cars/detail/2016-Dodge-Dart/1574500,inventory,,,,,URL only; full vehicle galleries recorded to avoid huge download,url_only
,https://images.dealersync.com/3067/Photos/1574500/20260910000413316_1788998653.jpg,https://www.carfam.com/pre-owned-cars/detail/2016-Dodge-Dart/1574500,inventory,,,,,URL only; full vehicle galleries recorded to avoid huge download,url_only
,https://images.dealersync.com/3067/Photos/1574500/20260910000430181_1788998669.jpg,https://www.carfam.com/pre-owned-cars/detail/2016-Dodge-Dart/1574500,inventory,,,,,URL only; full vehicle galleries recorded to avoid huge download,url_only
,https://images.dealersync.com/3067/Photos/1574500/20260910000441709_1788998681.jpg,https://www.carfam.com/pre-owned-cars/detail/2016-Dodge-Dart/1574500,inventory,,,,,URL only; full vehicle galleries recorded to avoid huge download,url_only
,https://images.dealersync.com/3067/Photos/1574500/20260910000446669_1788998686.jpg,https://www.carfam.com/pre-owned-cars/detail/2016-Dodge-Dart/1574500,inventory,,,,,URL only; full vehicle galleries recorded to avoid huge download,url_only
,https://images.dealersync.com/3067/Photos/1574500/20260910000501953_1788998701.jpg,https://www.carfam.com/pre-owned-cars/detail/2016-Dodge-Dart/1574500,inventory,,,,,URL only; full vehicle galleries recorded to avoid huge download,url_only
,https://images.dealersync.com/3067/Photos/1574500/20260910000506803_1788998706.jpg,https://www.carfam.com/pre-owned-cars/detail/2016-Dodge-Dart/1574500,inventory,,,,,URL only; full vehicle galleries recorded to avoid huge download,url_only
,https://images.dealersync.com/3067/Photos/1574500/20260910000517330_1788998717.jpg,https://www.carfam.com/pre-owned-cars/detail/2016-Dodge-Dart/1574500,inventory,,,,,URL only; full vehicle galleries recorded to avoid huge download,url_only
,https://images.dealersync.com/3067/Photos/1574500/20260910000532593_1788998732.jpg,https://www.carfam.com/pre-owned-cars/detail/2016-Dodge-Dart/1574500,inventory,,,,,URL only; full vehicle galleries recorded to avoid huge download,url_only
,https://images.dealersync.com/3067/Photos/1574500/20260910000541652_1788998741.jpg,https://www.carfam.com/pre-owned-cars/detail/2016-Dodge-Dart/1574500,inventory,,,,,URL only; full vehicle galleries recorded to avoid huge download,url_only
,https://images.dealersync.com/3067/Photos/1574500/20260910000556576_1788998755.jpg,https://www.carfam.com/pre-owned-cars/detail/2016-Dodge-Dart/1574500,inventory,,,,,URL only; full vehicle galleries recorded to avoid huge download,url_only
,https://images.dealersync.com/3067/Photos/1574500/20260910000706519_1788998825.jpg,https://www.carfam.com/pre-owned-cars/detail/2016-Dodge-Dart/1574500,inventory,,,,,URL only; full vehicle galleries recorded to avoid huge download,url_only
,https://images.dealersync.com/3067/Photos/1574500/20260910000906654_1788998946.jpg,https://www.carfam.com/pre-owned-cars/detail/2016-Dodge-Dart/1574500,inventory,,,,,URL only; full vehicle galleries recorded to avoid huge download,url_only
,https://images.dealersync.com/3067/Photos/1574500/20260910000912337_1788998951.jpg,https://www.carfam.com/pre-owned-cars/detail/2016-Dodge-Dart/1574500,inventory,,,,,URL only; full vehicle galleries recorded to avoid huge download,url_only
,https://images.dealersync.com/3067/Photos/1574500/20260910000935229_1788998974.jpg,https://www.carfam.com/pre-owned-cars/detail/2016-Dodge-Dart/1574500,inventory,,,,,URL only; full vehicle galleries recorded to avoid huge download,url_only
,https://images.dealersync.com/3067/Photos/1574500/20260910000941842_1788998980.jpg,https://www.carfam.com/pre-owned-cars/detail/2016-Dodge-Dart/1574500,inventory,,,,,URL only; full vehicle galleries recorded to avoid huge download,url_only
,https://images.dealersync.com/3067/Photos/1574500/20260910001042522_1788999042.jpg,https://www.carfam.com/pre-owned-cars/detail/2016-Dodge-Dart/1574500,inventory,,,,,URL only; full vehicle galleries recorded to avoid huge download,url_only
,https://images.dealersync.com/3067/Photos/1574500/20260910000955244_1788998994.jpg,https://www.carfam.com/pre-owned-cars/detail/2016-Dodge-Dart/1574500,inventory,,,,,URL only; full vehicle galleries recorded to avoid huge download,url_only
,https://images.dealersync.com/3067/Photos/1574500/20260910001006527_1788999005.jpg,https://www.carfam.com/pre-owned-cars/detail/2016-Dodge-Dart/1574500,inventory,,,,,URL only; full vehicle galleries recorded to avoid huge download,url_only
,https://images.dealersync.com/3067/Photos/1574500/20260910001012866_1788999012.jpg,https://www.carfam.com/pre-owned-cars/detail/2016-Dodge-Dart/1574500,inventory,,,,,URL only; full vehicle galleries recorded to avoid huge download,url_only
,https://images.dealersync.com/3067/Photos/1574500/20260910001029946_1788999029.jpg,https://www.carfam.com/pre-owned-cars/detail/2016-Dodge-Dart/1574500,inventory,,,,,URL only; full vehicle galleries recorded to avoid huge download,url_only
,https://images.dealersync.com/3067/Photos/1574501/wm_c447440b916f4f6abd86ddcde95c6973_1574501.jpg,https://www.carfam.com/pre-owned-cars/detail/2021-Dodge-Durango/1574501,inventory,,,,,URL only; full vehicle galleries recorded to avoid huge download,url_only
,https://images.dealersync.com/3067/Photos/1574501/20260901225538321_1788303338.jpg,https://www.carfam.com/pre-owned-cars/detail/2021-Dodge-Durango/1574501,inventory,,,,,URL only; full vehicle galleries recorded to avoid huge download,url_only
,https://images.dealersync.com/3067/Photos/1574501/20260901225554385_1788303353.jpg,https://www.carfam.com/pre-owned-cars/detail/2021-Dodge-Durango/1574501,inventory,,,,,URL only; full vehicle galleries recorded to avoid huge download,url_only
,https://images.dealersync.com/3067/Photos/1574501/20260901225602167_1788303361.jpg,https://www.carfam.com/pre-owned-cars/detail/2021-Dodge-Durango/1574501,inventory,,,,,URL only; full vehicle galleries recorded to avoid huge download,url_only
,https://images.dealersync.com/3067/Photos/1574501/20260901225613513_1788303371.jpg,https://www.carfam.com/pre-owned-cars/detail/2021-Dodge-Durango/1574501,inventory,,,,,URL only; full vehicle galleries recorded to avoid huge download,url_only
,https://images.dealersync.com/3067/Photos/1574501/20260901225630142_1788303389.jpg,https://www.carfam.com/pre-owned-cars/detail/2021-Dodge-Durango/1574501,inventory,,,,,URL only; full vehicle galleries recorded to avoid huge download,url_only
,https://images.dealersync.com/3067/Photos/1574501/20260901225645121_1788303404.jpg,https://www.carfam.com/pre-owned-cars/detail/2021-Dodge-Durango/1574501,inventory,,,,,URL only; full vehicle galleries recorded to avoid huge download,url_only
,https://images.dealersync.com/3067/Photos/1574501/20260901225657161_1788303416.jpg,https://www.carfam.com/pre-owned-cars/detail/2021-Dodge-Durango/1574501,inventory,,,,,URL only; full vehicle galleries recorded to avoid huge download,url_only
,https://images.dealersync.com/3067/Photos/1574501/20260901225712342_1788303431.jpg,https://www.carfam.com/pre-owned-cars/detail/2021-Dodge-Durango/1574501,inventory,,,,,URL only; full vehicle galleries recorded to avoid huge download,url_only
,https://images.dealersync.com/3067/Photos/1574501/20260901225727521_1788303446.jpg,https://www.carfam.com/pre-owned-cars/detail/2021-Dodge-Durango/1574501,inventory,,,,,URL only; full vehicle galleries recorded to avoid huge download,url_only
,https://images.dealersync.com/3067/Photos/1574501/20260901225754450_1788303473.jpg,https://www.carfam.com/pre-owned-cars/detail/2021-Dodge-Durango/1574501,inventory,,,,,URL only; full vehicle galleries recorded to avoid huge download,url_only
,https://images.dealersync.com/3067/Photos/1574501/20260901225800107_1788303479.jpg,https://www.carfam.com/pre-owned-cars/detail/2021-Dodge-Durango/1574501,inventory,,,,,URL only; full vehicle galleries recorded to avoid huge download,url_only
,https://images.dealersync.com/3067/Photos/1574501/20260901225816124_1788303494.jpg,https://www.carfam.com/pre-owned-cars/detail/2021-Dodge-Durango/1574501,inventory,,,,,URL only; full vehicle galleries recorded to avoid huge download,url_only
,https://images.dealersync.com/3067/Photos/1574501/20260901225832374_1788303510.jpg,https://www.carfam.com/pre-owned-cars/detail/2021-Dodge-Durango/1574501,inventory,,,,,URL only; full vehicle galleries recorded to avoid huge download,url_only
,https://images.dealersync.com/3067/Photos/1574501/20260901225858456_1788303537.jpg,https://www.carfam.com/pre-owned-cars/detail/2021-Dodge-Durango/1574501,inventory,,,,,URL only; full vehicle galleries recorded to avoid huge download,url_only
,https://images.dealersync.com/3067/Photos/1574501/20260901225904829_1788303544.jpg,https://www.carfam.com/pre-owned-cars/detail/2021-Dodge-Durango/1574501,inventory,,,,,URL only; full vehicle galleries recorded to avoid huge download,url_only
,https://images.dealersync.com/3067/Photos/1574501/20260901225917712_1788303557.jpg,https://www.carfam.com/pre-owned-cars/detail/2021-Dodge-Durango/1574501,inventory,,,,,URL only; full vehicle galleries recorded to avoid huge download,url_only
,https://images.dealersync.com/3067/Photos/1574501/20260901225931727_1788303571.jpg,https://www.carfam.com/pre-owned-cars/detail/2021-Dodge-Durango/1574501,inventory,,,,,URL only; full vehicle galleries recorded to avoid huge download,url_only
,https://images.dealersync.com/3067/Photos/1574501/20260901225944958_1788303584.jpg,https://www.carfam.com/pre-owned-cars/detail/2021-Dodge-Durango/1574501,inventory,,,,,URL only; full vehicle galleries recorded to avoid huge download,url_only
,https://images.dealersync.com/3067/Photos/1574501/20260901225957160_1788303596.jpg,https://www.carfam.com/pre-owned-cars/detail/2021-Dodge-Durango/1574501,inventory,,,,,URL only; full vehicle galleries recorded to avoid huge download,url_only
,https://images.dealersync.com/3067/Photos/1574501/20260901230226334_1788303745.jpg,https://www.carfam.com/pre-owned-cars/detail/2021-Dodge-Durango/1574501,inventory,,,,,URL only; full vehicle galleries recorded to avoid huge download,url_only
,https://images.dealersync.com/3067/Photos/1574501/20260901230003985_1788303603.jpg,https://www.carfam.com/pre-owned-cars/detail/2021-Dodge-Durango/1574501,inventory,,,,,URL only; full vehicle galleries recorded to avoid huge download,url_only
,https://images.dealersync.com/3067/Photos/1574501/20260901230059245_1788303658.jpg,https://www.carfam.com/pre-owned-cars/detail/2021-Dodge-Durango/1574501,inventory,,,,,URL only; full vehicle galleries recorded to avoid huge download,url_only
,https://images.dealersync.com/3067/Photos/1574501/20260901230115511_1788303674.jpg,https://www.carfam.com/pre-owned-cars/detail/2021-Dodge-Durango/1574501,inventory,,,,,URL only; full vehicle galleries recorded to avoid huge download,url_only
,https://images.dealersync.com/3067/Photos/1574501/20260901230128423_1788303687.jpg,https://www.carfam.com/pre-owned-cars/detail/2021-Dodge-Durango/1574501,inventory,,,,,URL only; full vehicle galleries recorded to avoid huge download,url_only
,https://images.dealersync.com/3067/Photos/1574501/20260901230136597_1788303696.jpg,https://www.carfam.com/pre-owned-cars/detail/2021-Dodge-Durango/1574501,inventory,,,,,URL only; full vehicle galleries recorded to avoid huge download,url_only
,https://images.dealersync.com/3067/Photos/1574501/20260901230303255_1788303782.jpg,https://www.carfam.com/pre-owned-cars/detail/2021-Dodge-Durango/1574501,inventory,,,,,URL only; full vehicle galleries recorded to avoid huge download,url_only
,https://images.dealersync.com/3067/Photos/1574501/20260901230147881_1788303707.jpg,https://www.carfam.com/pre-owned-cars/detail/2021-Dodge-Durango/1574501,inventory,,,,,URL only; full vehicle galleries recorded to avoid huge download,url_only
,https://images.dealersync.com/3067/Photos/1574501/20260901230159550_1788303718.jpg,https://www.carfam.com/pre-owned-cars/detail/2021-Dodge-Durango/1574501,inventory,,,,,URL only; full vehicle galleries recorded to avoid huge download,url_only
,https://images.dealersync.com/3067/Photos/1574501/20260901230219444_1788303738.jpg,https://www.carfam.com/pre-owned-cars/detail/2021-Dodge-Durango/1574501,inventory,,,,,URL only; full vehicle galleries recorded to avoid huge download,url_only
,https://images.dealersync.com/3067/Photos/1574501/20260901230245334_1788303762.jpg,https://www.carfam.com/pre-owned-cars/detail/2021-Dodge-Durango/1574501,inventory,,,,,URL only; full vehicle galleries recorded to avoid huge download,url_only
,https://images.dealersync.com/3067/Photos/1574501/20260901230013483_1788303612.jpg,https://www.carfam.com/pre-owned-cars/detail/2021-Dodge-Durango/1574501,inventory,,,,,URL only; full vehicle galleries recorded to avoid huge download,url_only
,https://images.dealersync.com/3067/Photos/1574508/wm_9e8bcb3c211e41289ed32782b84859ea_1574508.jpg,https://www.carfam.com/pre-owned-cars/detail/2017-Lexus-IS-Turbo/1574508,inventory,,,,,URL only; full vehicle galleries recorded to avoid huge download,url_only
,https://images.dealersync.com/3067/Photos/1574508/20260831184820793_1788202100.jpg,https://www.carfam.com/pre-owned-cars/detail/2017-Lexus-IS-Turbo/1574508,inventory,,,,,URL only; full vehicle galleries recorded to avoid huge download,url_only
,https://images.dealersync.com/3067/Photos/1574508/20260831184836915_1788202116.jpg,https://www.carfam.com/pre-owned-cars/detail/2017-Lexus-IS-Turbo/1574508,inventory,,,,,URL only; full vehicle galleries recorded to avoid huge download,url_only
,https://images.dealersync.com/3067/Photos/1574508/20260831184849901_1788202129.jpg,https://www.carfam.com/pre-owned-cars/detail/2017-Lexus-IS-Turbo/1574508,inventory,,,,,URL only; full vehicle galleries recorded to avoid huge download,url_only
,https://images.dealersync.com/3067/Photos/1574508/20260831184915352_1788202155.jpg,https://www.carfam.com/pre-owned-cars/detail/2017-Lexus-IS-Turbo/1574508,inventory,,,,,URL only; full vehicle galleries recorded to avoid huge download,url_only
,https://images.dealersync.com/3067/Photos/1574508/20260831184929788_1788202169.jpg,https://www.carfam.com/pre-owned-cars/detail/2017-Lexus-IS-Turbo/1574508,inventory,,,,,URL only; full vehicle galleries recorded to avoid huge download,url_only
,https://images.dealersync.com/3067/Photos/1574508/20260831184947480_1788202187.jpg,https://www.carfam.com/pre-owned-cars/detail/2017-Lexus-IS-Turbo/1574508,inventory,,,,,URL only; full vehicle galleries recorded to avoid huge download,url_only
,https://images.dealersync.com/3067/Photos/1574508/20260831184957868_1788202197.jpg,https://www.carfam.com/pre-owned-cars/detail/2017-Lexus-IS-Turbo/1574508,inventory,,,,,URL only; full vehicle galleries recorded to avoid huge download,url_only
,https://images.dealersync.com/3067/Photos/1574508/20260831185035533_1788202234.jpg,https://www.carfam.com/pre-owned-cars/detail/2017-Lexus-IS-Turbo/1574508,inventory,,,,,URL only; full vehicle galleries recorded to avoid huge download,url_only
,https://images.dealersync.com/3067/Photos/1574508/20260831190017844_1788202817.jpg,https://www.carfam.com/pre-owned-cars/detail/2017-Lexus-IS-Turbo/1574508,inventory,,,,,URL only; full vehicle galleries recorded to avoid huge download,url_only
,https://images.dealersync.com/3067/Photos/1574508/20260831185100151_1788202259.jpg,https://www.carfam.com/pre-owned-cars/detail/2017-Lexus-IS-Turbo/1574508,inventory,,,,,URL only; full vehicle galleries recorded to avoid huge download,url_only
,https://images.dealersync.com/3067/Photos/1574508/20260831185114958_1788202274.jpg,https://www.carfam.com/pre-owned-cars/detail/2017-Lexus-IS-Turbo/1574508,inventory,,,,,URL only; full vehicle galleries recorded to avoid huge download,url_only
,https://images.dealersync.com/3067/Photos/1574508/20260831185122640_1788202282.jpg,https://www.carfam.com/pre-owned-cars/detail/2017-Lexus-IS-Turbo/1574508,inventory,,,,,URL only; full vehicle galleries recorded to avoid huge download,url_only
,https://images.dealersync.com/3067/Photos/1574508/20260831185138864_1788202298.jpg,https://www.carfam.com/pre-owned-cars/detail/2017-Lexus-IS-Turbo/1574508,inventory,,,,,URL only; full vehicle galleries recorded to avoid huge download,url_only
,https://images.dealersync.com/3067/Photos/1574508/20260831185145378_1788202305.jpg,https://www.carfam.com/pre-owned-cars/detail/2017-Lexus-IS-Turbo/1574508,inventory,,,,,URL only; full vehicle galleries recorded to avoid huge download,url_only
,https://images.dealersync.com/3067/Photos/1574508/20260831185159232_1788202319.jpg,https://www.carfam.com/pre-owned-cars/detail/2017-Lexus-IS-Turbo/1574508,inventory,,,,,URL only; full vehicle galleries recorded to avoid huge download,url_only
,https://images.dealersync.com/3067/Photos/1574508/20260831185221917_1788202341.jpg,https://www.carfam.com/pre-owned-cars/detail/2017-Lexus-IS-Turbo/1574508,inventory,,,,,URL only; full vehicle galleries recorded to avoid huge download,url_only
,https://images.dealersync.com/3067/Photos/1574508/20260831185230069_1788202349.jpg,https://www.carfam.com/pre-owned-cars/detail/2017-Lexus-IS-Turbo/1574508,inventory,,,,,URL only; full vehicle galleries recorded to avoid huge download,url_only
,https://images.dealersync.com/3067/Photos/1574508/20260831185251215_1788202370.jpg,https://www.carfam.com/pre-owned-cars/detail/2017-Lexus-IS-Turbo/1574508,inventory,,,,,URL only; full vehicle galleries recorded to avoid huge download,url_only
,https://images.dealersync.com/3067/Photos/1574508/20260831185258296_1788202377.jpg,https://www.carfam.com/pre-owned-cars/detail/2017-Lexus-IS-Turbo/1574508,inventory,,,,,URL only; full vehicle galleries recorded to avoid huge download,url_only
,https://images.dealersync.com/3067/Photos/1574508/20260831185313928_1788202393.jpg,https://www.carfam.com/pre-owned-cars/detail/2017-Lexus-IS-Turbo/1574508,inventory,,,,,URL only; full vehicle galleries recorded to avoid huge download,url_only
,https://images.dealersync.com/3067/Photos/1574508/20260831185321944_1788202401.jpg,https://www.carfam.com/pre-owned-cars/detail/2017-Lexus-IS-Turbo/1574508,inventory,,,,,URL only; full vehicle galleries recorded to avoid huge download,url_only
,https://images.dealersync.com/3067/Photos/1574508/20260831185958108_1788202797.jpg,https://www.carfam.com/pre-owned-cars/detail/2017-Lexus-IS-Turbo/1574508,inventory,,,,,URL only; full vehicle galleries recorded to avoid huge download,url_only
,https://images.dealersync.com/3067/Photos/1574508/20260831185345499_1788202425.jpg,https://www.carfam.com/pre-owned-cars/detail/2017-Lexus-IS-Turbo/1574508,inventory,,,,,URL only; full vehicle galleries recorded to avoid huge download,url_only
,https://images.dealersync.com/3067/Photos/1574508/20260831185353649_1788202432.jpg,https://www.carfam.com/pre-owned-cars/detail/2017-Lexus-IS-Turbo/1574508,inventory,,,,,URL only; full vehicle galleries recorded to avoid huge download,url_only
,https://images.dealersync.com/3067/Photos/1574508/20260831185926977_1788202766.jpg,https://www.carfam.com/pre-owned-cars/detail/2017-Lexus-IS-Turbo/1574508,inventory,,,,,URL only; full vehicle galleries recorded to avoid huge download,url_only
,https://images.dealersync.com/3067/Photos/1574508/20260831185825345_1788202704.jpg,https://www.carfam.com/pre-owned-cars/detail/2017-Lexus-IS-Turbo/1574508,inventory,,,,,URL only; full vehicle galleries recorded to avoid huge download,url_only
,https://images.dealersync.com/3067/Photos/1574508/20260831185837850_1788202716.jpg,https://www.carfam.com/pre-owned-cars/detail/2017-Lexus-IS-Turbo/1574508,inventory,,,,,URL only; full vehicle galleries recorded to avoid huge download,url_only
,https://images.dealersync.com/3067/Photos/1574508/20260831185842934_1788202722.jpg,https://www.carfam.com/pre-owned-cars/detail/2017-Lexus-IS-Turbo/1574508,inventory,,,,,URL only; full vehicle galleries recorded to avoid huge download,url_only
,https://images.dealersync.com/3067/Photos/1574508/20260831185854943_1788202734.jpg,https://www.carfam.com/pre-owned-cars/detail/2017-Lexus-IS-Turbo/1574508,inventory,,,,,URL only; full vehicle galleries recorded to avoid huge download,url_only
,https://images.dealersync.com/3067/Photos/1574508/20260831185900288_1788202739.jpg,https://www.carfam.com/pre-owned-cars/detail/2017-Lexus-IS-Turbo/1574508,inventory,,,,,URL only; full vehicle galleries recorded to avoid huge download,url_only
,https://images.dealersync.com/3067/Photos/1574508/20260831185911145_1788202750.jpg,https://www.carfam.com/pre-owned-cars/detail/2017-Lexus-IS-Turbo/1574508,inventory,,,,,URL only; full vehicle galleries recorded to avoid huge download,url_only
,https://images.dealersync.com/3067/Photos/1574790/wm_d9b5f7bbda514bd4afc2ae5e1e4fb16d_1574790.jpg,https://www.carfam.com/pre-owned-cars/detail/2024-Chevrolet-Malibu/1574790,inventory,,,,,URL only; full vehicle galleries recorded to avoid huge download,url_only
,https://images.dealersync.com/3067/Photos/1574790/20260910232211019_1789082530.jpg,https://www.carfam.com/pre-owned-cars/detail/2024-Chevrolet-Malibu/1574790,inventory,,,,,URL only; full vehicle galleries recorded to avoid huge download,url_only
,https://images.dealersync.com/3067/Photos/1574790/20260910232225038_1789082544.jpg,https://www.carfam.com/pre-owned-cars/detail/2024-Chevrolet-Malibu/1574790,inventory,,,,,URL only; full vehicle galleries recorded to avoid huge download,url_only
,https://images.dealersync.com/3067/Photos/1574790/20260910232235541_1789082555.jpg,https://www.carfam.com/pre-owned-cars/detail/2024-Chevrolet-Malibu/1574790,inventory,,,,,URL only; full vehicle galleries recorded to avoid huge download,url_only
,https://images.dealersync.com/3067/Photos/1574790/20260910232250619_1789082570.jpg,https://www.carfam.com/pre-owned-cars/detail/2024-Chevrolet-Malibu/1574790,inventory,,,,,URL only; full vehicle galleries recorded to avoid huge download,url_only
,https://images.dealersync.com/3067/Photos/1574790/20260910232305955_1789082585.jpg,https://www.carfam.com/pre-owned-cars/detail/2024-Chevrolet-Malibu/1574790,inventory,,,,,URL only; full vehicle galleries recorded to avoid huge download,url_only
,https://images.dealersync.com/3067/Photos/1574790/20260910232320959_1789082600.jpg,https://www.carfam.com/pre-owned-cars/detail/2024-Chevrolet-Malibu/1574790,inventory,,,,,URL only; full vehicle galleries recorded to avoid huge download,url_only
,https://images.dealersync.com/3067/Photos/1574790/20260910232329805_1789082609.jpg,https://www.carfam.com/pre-owned-cars/detail/2024-Chevrolet-Malibu/1574790,inventory,,,,,URL only; full vehicle galleries recorded to avoid huge download,url_only
,https://images.dealersync.com/3067/Photos/1574790/20260910232355321_1789082635.jpg,https://www.carfam.com/pre-owned-cars/detail/2024-Chevrolet-Malibu/1574790,inventory,,,,,URL only; full vehicle galleries recorded to avoid huge download,url_only
,https://images.dealersync.com/3067/Photos/1574790/20260910232402835_1789082642.jpg,https://www.carfam.com/pre-owned-cars/detail/2024-Chevrolet-Malibu/1574790,inventory,,,,,URL only; full vehicle galleries recorded to avoid huge download,url_only
,https://images.dealersync.com/3067/Photos/1574790/20260910232418114_1789082657.jpg,https://www.carfam.com/pre-owned-cars/detail/2024-Chevrolet-Malibu/1574790,inventory,,,,,URL only; full vehicle galleries recorded to avoid huge download,url_only
,https://images.dealersync.com/3067/Photos/1574790/20260910232425858_1789082665.jpg,https://www.carfam.com/pre-owned-cars/detail/2024-Chevrolet-Malibu/1574790,inventory,,,,,URL only; full vehicle galleries recorded to avoid huge download,url_only
,https://images.dealersync.com/3067/Photos/1574790/20260910232451496_1789082691.jpg,https://www.carfam.com/pre-owned-cars/detail/2024-Chevrolet-Malibu/1574790,inventory,,,,,URL only; full vehicle galleries recorded to avoid huge download,url_only
,https://images.dealersync.com/3067/Photos/1574790/20260910232456997_1789082696.jpg,https://www.carfam.com/pre-owned-cars/detail/2024-Chevrolet-Malibu/1574790,inventory,,,,,URL only; full vehicle galleries recorded to avoid huge download,url_only
,https://images.dealersync.com/3067/Photos/1574790/20260910232513957_1789082713.jpg,https://www.carfam.com/pre-owned-cars/detail/2024-Chevrolet-Malibu/1574790,inventory,,,,,URL only; full vehicle galleries recorded to avoid huge download,url_only
,https://images.dealersync.com/3067/Photos/1574790/20260910232524280_1789082723.jpg,https://www.carfam.com/pre-owned-cars/detail/2024-Chevrolet-Malibu/1574790,inventory,,,,,URL only; full vehicle galleries recorded to avoid huge download,url_only
,https://images.dealersync.com/3067/Photos/1574790/20260910232535322_1789082729.jpg,https://www.carfam.com/pre-owned-cars/detail/2024-Chevrolet-Malibu/1574790,inventory,,,,,URL only; full vehicle galleries recorded to avoid huge download,url_only
,https://images.dealersync.com/3067/Photos/1574790/20260910232549530_1789082749.jpg,https://www.carfam.com/pre-owned-cars/detail/2024-Chevrolet-Malibu/1574790,inventory,,,,,URL only; full vehicle galleries recorded to avoid huge download,url_only
,https://images.dealersync.com/3067/Photos/1574790/20260910232558076_1789082757.jpg,https://www.carfam.com/pre-owned-cars/detail/2024-Chevrolet-Malibu/1574790,inventory,,,,,URL only; full vehicle galleries recorded to avoid huge download,url_only
,https://images.dealersync.com/3067/Photos/1574790/20260910232659866_1789082819.jpg,https://www.carfam.com/pre-owned-cars/detail/2024-Chevrolet-Malibu/1574790,inventory,,,,,URL only; full vehicle galleries recorded to avoid huge download,url_only
,https://images.dealersync.com/3067/Photos/1574790/20260910232708969_1789082828.jpg,https://www.carfam.com/pre-owned-cars/detail/2024-Chevrolet-Malibu/1574790,inventory,,,,,URL only; full vehicle galleries recorded to avoid huge download,url_only
,https://images.dealersync.com/3067/Photos/1574790/20260910232715434_1789082835.jpg,https://www.carfam.com/pre-owned-cars/detail/2024-Chevrolet-Malibu/1574790,inventory,,,,,URL only; full vehicle galleries recorded to avoid huge download,url_only
,https://images.dealersync.com/3067/Photos/1574790/20260910232804200_1789082883.jpg,https://www.carfam.com/pre-owned-cars/detail/2024-Chevrolet-Malibu/1574790,inventory,,,,,URL only; full vehicle galleries recorded to avoid huge download,url_only
,https://images.dealersync.com/3067/Photos/1574790/20260910232723781_1789082843.jpg,https://www.carfam.com/pre-owned-cars/detail/2024-Chevrolet-Malibu/1574790,inventory,,,,,URL only; full vehicle galleries recorded to avoid huge download,url_only
,https://images.dealersync.com/3067/Photos/1574790/20260910232729343_1789082848.jpg,https://www.carfam.com/pre-owned-cars/detail/2024-Chevrolet-Malibu/1574790,inventory,,,,,URL only; full vehicle galleries recorded to avoid huge download,url_only
,https://images.dealersync.com/3067/Photos/1574790/20260910232753127_1789082872.jpg,https://www.carfam.com/pre-owned-cars/detail/2024-Chevrolet-Malibu/1574790,inventory,,,,,URL only; full vehicle galleries recorded to avoid huge download,url_only
,https://images.dealersync.com/3067/Photos/1574790/20260910232740490_1789082860.jpg,https://www.carfam.com/pre-owned-cars/detail/2024-Chevrolet-Malibu/1574790,inventory,,,,,URL only; full vehicle galleries recorded to avoid huge download,url_only
,https://images.dealersync.com/3067/Photos/1575058/20260903235937102_1788479976.jpg,https://www.carfam.com/pre-owned-cars/detail/2021-Buick-Envision/1575058,inventory,,,,,URL only; full vehicle galleries recorded to avoid huge download,url_only
,https://images.dealersync.com/3067/Photos/1575058/20260903235952682_1788479992.jpg,https://www.carfam.com/pre-owned-cars/detail/2021-Buick-Envision/1575058,inventory,,,,,URL only; full vehicle galleries recorded to avoid huge download,url_only
,https://images.dealersync.com/3067/Photos/1575058/20260904000002865_1788480002.jpg,https://www.carfam.com/pre-owned-cars/detail/2021-Buick-Envision/1575058,inventory,,,,,URL only; full vehicle galleries recorded to avoid huge download,url_only
,https://images.dealersync.com/3067/Photos/1575058/20260904000010682_1788480010.jpg,https://www.carfam.com/pre-owned-cars/detail/2021-Buick-Envision/1575058,inventory,,,,,URL only; full vehicle galleries recorded to avoid huge download,url_only
,https://images.dealersync.com/3067/Photos/1575058/20260904000031056_1788480030.jpg,https://www.carfam.com/pre-owned-cars/detail/2021-Buick-Envision/1575058,inventory,,,,,URL only; full vehicle galleries recorded to avoid huge download,url_only
,https://images.dealersync.com/3067/Photos/1575058/20260904000044653_1788480044.jpg,https://www.carfam.com/pre-owned-cars/detail/2021-Buick-Envision/1575058,inventory,,,,,URL only; full vehicle galleries recorded to avoid huge download,url_only
,https://images.dealersync.com/3067/Photos/1575058/20260904000052540_1788480051.jpg,https://www.carfam.com/pre-owned-cars/detail/2021-Buick-Envision/1575058,inventory,,,,,URL only; full vehicle galleries recorded to avoid huge download,url_only
,https://images.dealersync.com/3067/Photos/1575058/20260904000120055_1788480079.jpg,https://www.carfam.com/pre-owned-cars/detail/2021-Buick-Envision/1575058,inventory,,,,,URL only; full vehicle galleries recorded to avoid huge download,url_only
,https://images.dealersync.com/3067/Photos/1575058/20260904000128414_1788480088.jpg,https://www.carfam.com/pre-owned-cars/detail/2021-Buick-Envision/1575058,inventory,,,,,URL only; full vehicle galleries recorded to avoid huge download,url_only
,https://images.dealersync.com/3067/Photos/1575058/20260904000141075_1788480100.jpg,https://www.carfam.com/pre-owned-cars/detail/2021-Buick-Envision/1575058,inventory,,,,,URL only; full vehicle galleries recorded to avoid huge download,url_only
,https://images.dealersync.com/3067/Photos/1575058/20260904000146606_1788480106.jpg,https://www.carfam.com/pre-owned-cars/detail/2021-Buick-Envision/1575058,inventory,,,,,URL only; full vehicle galleries recorded to avoid huge download,url_only
,https://images.dealersync.com/3067/Photos/1575058/20260904000203418_1788480122.jpg,https://www.carfam.com/pre-owned-cars/detail/2021-Buick-Envision/1575058,inventory,,,,,URL only; full vehicle galleries recorded to avoid huge download,url_only
,https://images.dealersync.com/3067/Photos/1575058/20260904000208862_1788480128.jpg,https://www.carfam.com/pre-owned-cars/detail/2021-Buick-Envision/1575058,inventory,,,,,URL only; full vehicle galleries recorded to avoid huge download,url_only
,https://images.dealersync.com/3067/Photos/1575058/20260904000229049_1788480148.jpg,https://www.carfam.com/pre-owned-cars/detail/2021-Buick-Envision/1575058,inventory,,,,,URL only; full vehicle galleries recorded to avoid huge download,url_only
,https://images.dealersync.com/3067/Photos/1575058/20260904000253746_1788480173.jpg,https://www.carfam.com/pre-owned-cars/detail/2021-Buick-Envision/1575058,inventory,,,,,URL only; full vehicle galleries recorded to avoid huge download,url_only
,https://images.dealersync.com/3067/Photos/1575058/20260904000258783_1788480178.jpg,https://www.carfam.com/pre-owned-cars/detail/2021-Buick-Envision/1575058,inventory,,,,,URL only; full vehicle galleries recorded to avoid huge download,url_only
,https://images.dealersync.com/3067/Photos/1575058/20260904000319528_1788480199.jpg,https://www.carfam.com/pre-owned-cars/detail/2021-Buick-Envision/1575058,inventory,,,,,URL only; full vehicle galleries recorded to avoid huge download,url_only
,https://images.dealersync.com/3067/Photos/1575058/20260904000327163_1788480206.jpg,https://www.carfam.com/pre-owned-cars/detail/2021-Buick-Envision/1575058,inventory,,,,,URL only; full vehicle galleries recorded to avoid huge download,url_only
,https://images.dealersync.com/3067/Photos/1575058/20260904000401584_1788480241.jpg,https://www.carfam.com/pre-owned-cars/detail/2021-Buick-Envision/1575058,inventory,,,,,URL only; full vehicle galleries recorded to avoid huge download,url_only
,https://images.dealersync.com/3067/Photos/1575058/20260904000502416_1788480301.jpg,https://www.carfam.com/pre-owned-cars/detail/2021-Buick-Envision/1575058,inventory,,,,,URL only; full vehicle galleries recorded to avoid huge download,url_only
,https://images.dealersync.com/3067/Photos/1575058/20260904000519201_1788480318.jpg,https://www.carfam.com/pre-owned-cars/detail/2021-Buick-Envision/1575058,inventory,,,,,URL only; full vehicle galleries recorded to avoid huge download,url_only
,https://images.dealersync.com/3067/Photos/1575058/20260904000529342_1788480329.jpg,https://www.carfam.com/pre-owned-cars/detail/2021-Buick-Envision/1575058,inventory,,,,,URL only; full vehicle galleries recorded to avoid huge download,url_only
,https://images.dealersync.com/3067/Photos/1575058/20260904000638415_1788480398.jpg,https://www.carfam.com/pre-owned-cars/detail/2021-Buick-Envision/1575058,inventory,,,,,URL only; full vehicle galleries recorded to avoid huge download,url_only
,https://images.dealersync.com/3067/Photos/1575058/20260904000543990_1788480343.jpg,https://www.carfam.com/pre-owned-cars/detail/2021-Buick-Envision/1575058,inventory,,,,,URL only; full vehicle galleries recorded to avoid huge download,url_only
,https://images.dealersync.com/3067/Photos/1575058/20260904000555239_1788480354.jpg,https://www.carfam.com/pre-owned-cars/detail/2021-Buick-Envision/1575058,inventory,,,,,URL only; full vehicle galleries recorded to avoid huge download,url_only
,https://images.dealersync.com/3067/Photos/1575058/20260904000602089_1788480361.jpg,https://www.carfam.com/pre-owned-cars/detail/2021-Buick-Envision/1575058,inventory,,,,,URL only; full vehicle galleries recorded to avoid huge download,url_only
,https://images.dealersync.com/3067/Photos/1575058/20260904000621057_1788480380.jpg,https://www.carfam.com/pre-owned-cars/detail/2021-Buick-Envision/1575058,inventory,,,,,URL only; full vehicle galleries recorded to avoid huge download,url_only
,https://images.dealersync.com/3067/Photos/1575058/20260904000609149_1788480368.jpg,https://www.carfam.com/pre-owned-cars/detail/2021-Buick-Envision/1575058,inventory,,,,,URL only; full vehicle galleries recorded to avoid huge download,url_only
,https://images.dealersync.com/3067/Photos/1575060/wm_fb271d451a5345528be9808783de2f8d_1575060.jpg,https://www.carfam.com/pre-owned-cars/detail/2022-GMC-Canyon/1575060,inventory,,,,,URL only; full vehicle galleries recorded to avoid huge download,url_only
,https://images.dealersync.com/3067/Photos/1575060/20260903183142655_1788460302.jpg,https://www.carfam.com/pre-owned-cars/detail/2022-GMC-Canyon/1575060,inventory,,,,,URL only; full vehicle galleries recorded to avoid huge download,url_only
,https://images.dealersync.com/3067/Photos/1575060/20260903183200690_1788460320.jpg,https://www.carfam.com/pre-owned-cars/detail/2022-GMC-Canyon/1575060,inventory,,,,,URL only; full vehicle galleries recorded to avoid huge download,url_only
,https://images.dealersync.com/3067/Photos/1575060/20260903183228366_1788460347.jpg,https://www.carfam.com/pre-owned-cars/detail/2022-GMC-Canyon/1575060,inventory,,,,,URL only; full vehicle galleries recorded to avoid huge download,url_only
,https://images.dealersync.com/3067/Photos/1575060/20260903183243745_1788460363.jpg,https://www.carfam.com/pre-owned-cars/detail/2022-GMC-Canyon/1575060,inventory,,,,,URL only; full vehicle galleries recorded to avoid huge download,url_only
,https://images.dealersync.com/3067/Photos/1575060/20260903183300917_1788460380.jpg,https://www.carfam.com/pre-owned-cars/detail/2022-GMC-Canyon/1575060,inventory,,,,,URL only; full vehicle galleries recorded to avoid huge download,url_only
,https://images.dealersync.com/3067/Photos/1575060/20260903183315151_1788460394.jpg,https://www.carfam.com/pre-owned-cars/detail/2022-GMC-Canyon/1575060,inventory,,,,,URL only; full vehicle galleries recorded to avoid huge download,url_only
,https://images.dealersync.com/3067/Photos/1575060/20260903183328967_1788460408.jpg,https://www.carfam.com/pre-owned-cars/detail/2022-GMC-Canyon/1575060,inventory,,,,,URL only; full vehicle galleries recorded to avoid huge download,url_only
,https://images.dealersync.com/3067/Photos/1575060/20260903183340589_1788460420.jpg,https://www.carfam.com/pre-owned-cars/detail/2022-GMC-Canyon/1575060,inventory,,,,,URL only; full vehicle galleries recorded to avoid huge download,url_only
,https://images.dealersync.com/3067/Photos/1575060/20260903183354827_1788460434.jpg,https://www.carfam.com/pre-owned-cars/detail/2022-GMC-Canyon/1575060,inventory,,,,,URL only; full vehicle galleries recorded to avoid huge download,url_only
,https://images.dealersync.com/3067/Photos/1575060/20260903183412512_1788460452.jpg,https://www.carfam.com/pre-owned-cars/detail/2022-GMC-Canyon/1575060,inventory,,,,,URL only; full vehicle galleries recorded to avoid huge download,url_only
,https://images.dealersync.com/3067/Photos/1575060/20260903183417847_1788460457.jpg,https://www.carfam.com/pre-owned-cars/detail/2022-GMC-Canyon/1575060,inventory,,,,,URL only; full vehicle galleries recorded to avoid huge download,url_only
,https://images.dealersync.com/3067/Photos/1575060/20260903183437713_1788460477.jpg,https://www.carfam.com/pre-owned-cars/detail/2022-GMC-Canyon/1575060,inventory,,,,,URL only; full vehicle galleries recorded to avoid huge download,url_only
,https://images.dealersync.com/3067/Photos/1575060/20260903183442910_1788460482.jpg,https://www.carfam.com/pre-owned-cars/detail/2022-GMC-Canyon/1575060,inventory,,,,,URL only; full vehicle galleries recorded to avoid huge download,url_only
,https://images.dealersync.com/3067/Photos/1575060/20260903183453505_1788460493.jpg,https://www.carfam.com/pre-owned-cars/detail/2022-GMC-Canyon/1575060,inventory,,,,,URL only; full vehicle galleries recorded to avoid huge download,url_only
,https://images.dealersync.com/3067/Photos/1575060/20260903183500648_1788460500.jpg,https://www.carfam.com/pre-owned-cars/detail/2022-GMC-Canyon/1575060,inventory,,,,,URL only; full vehicle galleries recorded to avoid huge download,url_only
,https://images.dealersync.com/3067/Photos/1575060/20260903183509388_1788460509.jpg,https://www.carfam.com/pre-owned-cars/detail/2022-GMC-Canyon/1575060,inventory,,,,,URL only; full vehicle galleries recorded to avoid huge download,url_only
,https://images.dealersync.com/3067/Photos/1575060/20260903183538556_1788460538.jpg,https://www.carfam.com/pre-owned-cars/detail/2022-GMC-Canyon/1575060,inventory,,,,,URL only; full vehicle galleries recorded to avoid huge download,url_only
,https://images.dealersync.com/3067/Photos/1575060/20260903183543630_1788460543.jpg,https://www.carfam.com/pre-owned-cars/detail/2022-GMC-Canyon/1575060,inventory,,,,,URL only; full vehicle galleries recorded to avoid huge download,url_only
,https://images.dealersync.com/3067/Photos/1575060/20260903183630249_1788460589.jpg,https://www.carfam.com/pre-owned-cars/detail/2022-GMC-Canyon/1575060,inventory,,,,,URL only; full vehicle galleries recorded to avoid huge download,url_only
,https://images.dealersync.com/3067/Photos/1575060/20260903183638502_1788460598.jpg,https://www.carfam.com/pre-owned-cars/detail/2022-GMC-Canyon/1575060,inventory,,,,,URL only; full vehicle galleries recorded to avoid huge download,url_only
,https://images.dealersync.com/3067/Photos/1575060/20260903183708880_1788460628.jpg,https://www.carfam.com/pre-owned-cars/detail/2022-GMC-Canyon/1575060,inventory,,,,,URL only; full vehicle galleries recorded to avoid huge download,url_only
,https://images.dealersync.com/3067/Photos/1575060/20260903183714538_1788460634.jpg,https://www.carfam.com/pre-owned-cars/detail/2022-GMC-Canyon/1575060,inventory,,,,,URL only; full vehicle galleries recorded to avoid huge download,url_only
,https://images.dealersync.com/3067/Photos/1575060/20260903183746748_1788460666.jpg,https://www.carfam.com/pre-owned-cars/detail/2022-GMC-Canyon/1575060,inventory,,,,,URL only; full vehicle galleries recorded to avoid huge download,url_only
,https://images.dealersync.com/3067/Photos/1575060/20260903183721178_1788460640.jpg,https://www.carfam.com/pre-owned-cars/detail/2022-GMC-Canyon/1575060,inventory,,,,,URL only; full vehicle galleries recorded to avoid huge download,url_only
,https://images.dealersync.com/3067/Photos/1575060/20260903183730254_1788460649.jpg,https://www.carfam.com/pre-owned-cars/detail/2022-GMC-Canyon/1575060,inventory,,,,,URL only; full vehicle galleries recorded to avoid huge download,url_only
,https://images.dealersync.com/3067/Photos/1575060/20260903183736074_1788460655.jpg,https://www.carfam.com/pre-owned-cars/detail/2022-GMC-Canyon/1575060,inventory,,,,,URL only; full vehicle galleries recorded to avoid huge download,url_only
,https://images.dealersync.com/3067/Photos/1575060/20260903183528058_1788460527.jpg,https://www.carfam.com/pre-owned-cars/detail/2022-GMC-Canyon/1575060,inventory,,,,,URL only; full vehicle galleries recorded to avoid huge download,url_only
,https://images.dealersync.com/3067/Photos/1575062/wm_86859fad48604227a12f220a06830270_1575062.jpg,https://www.carfam.com/pre-owned-cars/detail/2015-Lexus-CT-200h/1575062,inventory,,,,,URL only; full vehicle galleries recorded to avoid huge download,url_only
,https://images.dealersync.com/3067/Photos/1575062/20260903233131199_1788478290.jpg,https://www.carfam.com/pre-owned-cars/detail/2015-Lexus-CT-200h/1575062,inventory,,,,,URL only; full vehicle galleries recorded to avoid huge download,url_only
,https://images.dealersync.com/3067/Photos/1575062/20260903233147024_1788478306.jpg,https://www.carfam.com/pre-owned-cars/detail/2015-Lexus-CT-200h/1575062,inventory,,,,,URL only; full vehicle galleries recorded to avoid huge download,url_only
,https://images.dealersync.com/3067/Photos/1575062/20260903233158100_1788478317.jpg,https://www.carfam.com/pre-owned-cars/detail/2015-Lexus-CT-200h/1575062,inventory,,,,,URL only; full vehicle galleries recorded to avoid huge download,url_only
,https://images.dealersync.com/3067/Photos/1575062/20260903233208954_1788478328.jpg,https://www.carfam.com/pre-owned-cars/detail/2015-Lexus-CT-200h/1575062,inventory,,,,,URL only; full vehicle galleries recorded to avoid huge download,url_only
,https://images.dealersync.com/3067/Photos/1575062/20260903233227709_1788478347.jpg,https://www.carfam.com/pre-owned-cars/detail/2015-Lexus-CT-200h/1575062,inventory,,,,,URL only; full vehicle galleries recorded to avoid huge download,url_only
,https://images.dealersync.com/3067/Photos/1575062/20260903233241661_1788478361.jpg,https://www.carfam.com/pre-owned-cars/detail/2015-Lexus-CT-200h/1575062,inventory,,,,,URL only; full vehicle galleries recorded to avoid huge download,url_only
,https://images.dealersync.com/3067/Photos/1575062/20260903233252136_1788478371.jpg,https://www.carfam.com/pre-owned-cars/detail/2015-Lexus-CT-200h/1575062,inventory,,,,,URL only; full vehicle galleries recorded to avoid huge download,url_only
,https://images.dealersync.com/3067/Photos/1575062/20260903233308354_1788478387.jpg,https://www.carfam.com/pre-owned-cars/detail/2015-Lexus-CT-200h/1575062,inventory,,,,,URL only; full vehicle galleries recorded to avoid huge download,url_only
,https://images.dealersync.com/3067/Photos/1575062/20260903233333954_1788478413.jpg,https://www.carfam.com/pre-owned-cars/detail/2015-Lexus-CT-200h/1575062,inventory,,,,,URL only; full vehicle galleries recorded to avoid huge download,url_only
,https://images.dealersync.com/3067/Photos/1575062/20260903233344010_1788478423.jpg,https://www.carfam.com/pre-owned-cars/detail/2015-Lexus-CT-200h/1575062,inventory,,,,,URL only; full vehicle galleries recorded to avoid huge download,url_only
,https://images.dealersync.com/3067/Photos/1575062/20260903233349478_1788478429.jpg,https://www.carfam.com/pre-owned-cars/detail/2015-Lexus-CT-200h/1575062,inventory,,,,,URL only; full vehicle galleries recorded to avoid huge download,url_only
,https://images.dealersync.com/3067/Photos/1575062/20260903233407630_1788478447.jpg,https://www.carfam.com/pre-owned-cars/detail/2015-Lexus-CT-200h/1575062,inventory,,,,,URL only; full vehicle galleries recorded to avoid huge download,url_only
,https://images.dealersync.com/3067/Photos/1575062/20260903233413444_1788478453.jpg,https://www.carfam.com/pre-owned-cars/detail/2015-Lexus-CT-200h/1575062,inventory,,,,,URL only; full vehicle galleries recorded to avoid huge download,url_only
,https://images.dealersync.com/3067/Photos/1575062/20260903233425852_1788478465.jpg,https://www.carfam.com/pre-owned-cars/detail/2015-Lexus-CT-200h/1575062,inventory,,,,,URL only; full vehicle galleries recorded to avoid huge download,url_only
,https://images.dealersync.com/3067/Photos/1575062/20260903233434881_1788478474.jpg,https://www.carfam.com/pre-owned-cars/detail/2015-Lexus-CT-200h/1575062,inventory,,,,,URL only; full vehicle galleries recorded to avoid huge download,url_only
,https://images.dealersync.com/3067/Photos/1575062/20260903233442224_1788478481.jpg,https://www.carfam.com/pre-owned-cars/detail/2015-Lexus-CT-200h/1575062,inventory,,,,,URL only; full vehicle galleries recorded to avoid huge download,url_only
,https://images.dealersync.com/3067/Photos/1575062/20260903233506362_1788478505.jpg,https://www.carfam.com/pre-owned-cars/detail/2015-Lexus-CT-200h/1575062,inventory,,,,,URL only; full vehicle galleries recorded to avoid huge download,url_only
,https://images.dealersync.com/3067/Photos/1575062/20260903233513418_1788478513.jpg,https://www.carfam.com/pre-owned-cars/detail/2015-Lexus-CT-200h/1575062,inventory,,,,,URL only; full vehicle galleries recorded to avoid huge download,url_only
,https://images.dealersync.com/3067/Photos/1575062/20260903233527333_1788478526.jpg,https://www.carfam.com/pre-owned-cars/detail/2015-Lexus-CT-200h/1575062,inventory,,,,,URL only; full vehicle galleries recorded to avoid huge download,url_only
,https://images.dealersync.com/3067/Photos/1575062/20260903233536557_1788478535.jpg,https://www.carfam.com/pre-owned-cars/detail/2015-Lexus-CT-200h/1575062,inventory,,,,,URL only; full vehicle galleries recorded to avoid huge download,url_only
,https://images.dealersync.com/3067/Photos/1575062/20260903233544444_1788478544.jpg,https://www.carfam.com/pre-owned-cars/detail/2015-Lexus-CT-200h/1575062,inventory,,,,,URL only; full vehicle galleries recorded to avoid huge download,url_only
,https://images.dealersync.com/3067/Photos/1575062/20260903233601785_1788478561.jpg,https://www.carfam.com/pre-owned-cars/detail/2015-Lexus-CT-200h/1575062,inventory,,,,,URL only; full vehicle galleries recorded to avoid huge download,url_only
,https://images.dealersync.com/3067/Photos/1575062/20260903233614175_1788478573.jpg,https://www.carfam.com/pre-owned-cars/detail/2015-Lexus-CT-200h/1575062,inventory,,,,,URL only; full vehicle galleries recorded to avoid huge download,url_only
,https://images.dealersync.com/3067/Photos/1575062/20260903233815395_1788478695.jpg,https://www.carfam.com/pre-owned-cars/detail/2015-Lexus-CT-200h/1575062,inventory,,,,,URL only; full vehicle galleries recorded to avoid huge download,url_only
,https://images.dealersync.com/3067/Photos/1575062/20260903233709867_1788478629.jpg,https://www.carfam.com/pre-owned-cars/detail/2015-Lexus-CT-200h/1575062,inventory,,,,,URL only; full vehicle galleries recorded to avoid huge download,url_only
,https://images.dealersync.com/3067/Photos/1575062/20260903233744750_1788478664.jpg,https://www.carfam.com/pre-owned-cars/detail/2015-Lexus-CT-200h/1575062,inventory,,,,,URL only; full vehicle galleries recorded to avoid huge download,url_only
,https://images.dealersync.com/3067/Photos/1575062/20260903233801161_1788478677.jpg,https://www.carfam.com/pre-owned-cars/detail/2015-Lexus-CT-200h/1575062,inventory,,,,,URL only; full vehicle galleries recorded to avoid huge download,url_only
,https://images.dealersync.com/3067/Photos/1575062/20260903233730576_1788478650.jpg,https://www.carfam.com/pre-owned-cars/detail/2015-Lexus-CT-200h/1575062,inventory,,,,,URL only; full vehicle galleries recorded to avoid huge download,url_only
,https://images.dealersync.com/3067/Photos/1576422/wm_e838e64ec1f94635964c012dac7e3bfc_1576422.jpg,https://www.carfam.com/pre-owned-cars/detail/2012-INFINITI-G37-Sedan/1576422,inventory,,,,,URL only; full vehicle galleries recorded to avoid huge download,url_only
,https://images.dealersync.com/3067/Photos/1576422/20260910175510439_1789062909.jpg,https://www.carfam.com/pre-owned-cars/detail/2012-INFINITI-G37-Sedan/1576422,inventory,,,,,URL only; full vehicle galleries recorded to avoid huge download,url_only
,https://images.dealersync.com/3067/Photos/1576422/20260910175522985_1789062922.jpg,https://www.carfam.com/pre-owned-cars/detail/2012-INFINITI-G37-Sedan/1576422,inventory,,,,,URL only; full vehicle galleries recorded to avoid huge download,url_only
,https://images.dealersync.com/3067/Photos/1576422/20260910175530959_1789062930.jpg,https://www.carfam.com/pre-owned-cars/detail/2012-INFINITI-G37-Sedan/1576422,inventory,,,,,URL only; full vehicle galleries recorded to avoid huge download,url_only
,https://images.dealersync.com/3067/Photos/1576422/20260910175540654_1789062940.jpg,https://www.carfam.com/pre-owned-cars/detail/2012-INFINITI-G37-Sedan/1576422,inventory,,,,,URL only; full vehicle galleries recorded to avoid huge download,url_only
,https://images.dealersync.com/3067/Photos/1576422/20260910175553973_1789062953.jpg,https://www.carfam.com/pre-owned-cars/detail/2012-INFINITI-G37-Sedan/1576422,inventory,,,,,URL only; full vehicle galleries recorded to avoid huge download,url_only
,https://images.dealersync.com/3067/Photos/1576422/20260910175609201_1789062968.jpg,https://www.carfam.com/pre-owned-cars/detail/2012-INFINITI-G37-Sedan/1576422,inventory,,,,,URL only; full vehicle galleries recorded to avoid huge download,url_only
,https://images.dealersync.com/3067/Photos/1576422/20260910175617589_1789062977.jpg,https://www.carfam.com/pre-owned-cars/detail/2012-INFINITI-G37-Sedan/1576422,inventory,,,,,URL only; full vehicle galleries recorded to avoid huge download,url_only
,https://images.dealersync.com/3067/Photos/1576422/20260910175630670_1789062990.jpg,https://www.carfam.com/pre-owned-cars/detail/2012-INFINITI-G37-Sedan/1576422,inventory,,,,,URL only; full vehicle galleries recorded to avoid huge download,url_only
,https://images.dealersync.com/3067/Photos/1576422/20260910175715965_1789063035.jpg,https://www.carfam.com/pre-owned-cars/detail/2012-INFINITI-G37-Sedan/1576422,inventory,,,,,URL only; full vehicle galleries recorded to avoid huge download,url_only
,https://images.dealersync.com/3067/Photos/1576422/20260910175733270_1789063052.jpg,https://www.carfam.com/pre-owned-cars/detail/2012-INFINITI-G37-Sedan/1576422,inventory,,,,,URL only; full vehicle galleries recorded to avoid huge download,url_only
,https://images.dealersync.com/3067/Photos/1576422/20260910175738389_1789063058.jpg,https://www.carfam.com/pre-owned-cars/detail/2012-INFINITI-G37-Sedan/1576422,inventory,,,,,URL only; full vehicle galleries recorded to avoid huge download,url_only
,https://images.dealersync.com/3067/Photos/1576422/20260910175752263_1789063071.jpg,https://www.carfam.com/pre-owned-cars/detail/2012-INFINITI-G37-Sedan/1576422,inventory,,,,,URL only; full vehicle galleries recorded to avoid huge download,url_only
,https://images.dealersync.com/3067/Photos/1576422/20260910175757989_1789063077.jpg,https://www.carfam.com/pre-owned-cars/detail/2012-INFINITI-G37-Sedan/1576422,inventory,,,,,URL only; full vehicle galleries recorded to avoid huge download,url_only
,https://images.dealersync.com/3067/Photos/1576422/20260910175809705_1789063089.jpg,https://www.carfam.com/pre-owned-cars/detail/2012-INFINITI-G37-Sedan/1576422,inventory,,,,,URL only; full vehicle galleries recorded to avoid huge download,url_only
,https://images.dealersync.com/3067/Photos/1576422/20260910175819207_1789063098.jpg,https://www.carfam.com/pre-owned-cars/detail/2012-INFINITI-G37-Sedan/1576422,inventory,,,,,URL only; full vehicle galleries recorded to avoid huge download,url_only
,https://images.dealersync.com/3067/Photos/1576422/20260910175825975_1789063105.jpg,https://www.carfam.com/pre-owned-cars/detail/2012-INFINITI-G37-Sedan/1576422,inventory,,,,,URL only; full vehicle galleries recorded to avoid huge download,url_only
,https://images.dealersync.com/3067/Photos/1576422/20260910175853617_1789063133.jpg,https://www.carfam.com/pre-owned-cars/detail/2012-INFINITI-G37-Sedan/1576422,inventory,,,,,URL only; full vehicle galleries recorded to avoid huge download,url_only
,https://images.dealersync.com/3067/Photos/1576422/20260910175859960_1789063139.jpg,https://www.carfam.com/pre-owned-cars/detail/2012-INFINITI-G37-Sedan/1576422,inventory,,,,,URL only; full vehicle galleries recorded to avoid huge download,url_only
,https://images.dealersync.com/3067/Photos/1576422/20260910180001112_1789063200.jpg,https://www.carfam.com/pre-owned-cars/detail/2012-INFINITI-G37-Sedan/1576422,inventory,,,,,URL only; full vehicle galleries recorded to avoid huge download,url_only
,https://images.dealersync.com/3067/Photos/1576422/20260910180012931_1789063212.jpg,https://www.carfam.com/pre-owned-cars/detail/2012-INFINITI-G37-Sedan/1576422,inventory,,,,,URL only; full vehicle galleries recorded to avoid huge download,url_only
,https://images.dealersync.com/3067/Photos/1576422/20260910180020654_1789063220.jpg,https://www.carfam.com/pre-owned-cars/detail/2012-INFINITI-G37-Sedan/1576422,inventory,,,,,URL only; full vehicle galleries recorded to avoid huge download,url_only
,https://images.dealersync.com/3067/Photos/1576422/20260910180039759_1789063239.jpg,https://www.carfam.com/pre-owned-cars/detail/2012-INFINITI-G37-Sedan/1576422,inventory,,,,,URL only; full vehicle galleries recorded to avoid huge download,url_only
,https://images.dealersync.com/3067/Photos/1576422/20260910180333391_1789063413.jpg,https://www.carfam.com/pre-owned-cars/detail/2012-INFINITI-G37-Sedan/1576422,inventory,,,,,URL only; full vehicle galleries recorded to avoid huge download,url_only
,https://images.dealersync.com/3067/Photos/1576422/20260910180122663_1789063282.jpg,https://www.carfam.com/pre-owned-cars/detail/2012-INFINITI-G37-Sedan/1576422,inventory,,,,,URL only; full vehicle galleries recorded to avoid huge download,url_only
,https://images.dealersync.com/3067/Photos/1576422/20260910180131040_1789063290.jpg,https://www.carfam.com/pre-owned-cars/detail/2012-INFINITI-G37-Sedan/1576422,inventory,,,,,URL only; full vehicle galleries recorded to avoid huge download,url_only
,https://images.dealersync.com/3067/Photos/1576422/20260910180145621_1789063305.jpg,https://www.carfam.com/pre-owned-cars/detail/2012-INFINITI-G37-Sedan/1576422,inventory,,,,,URL only; full vehicle galleries recorded to avoid huge download,url_only
,https://images.dealersync.com/3067/Photos/1576422/20260910180155237_1789063314.jpg,https://www.carfam.com/pre-owned-cars/detail/2012-INFINITI-G37-Sedan/1576422,inventory,,,,,URL only; full vehicle galleries recorded to avoid huge download,url_only
,https://images.dealersync.com/3067/Photos/1576422/20260910180300726_1789063379.jpg,https://www.carfam.com/pre-owned-cars/detail/2012-INFINITI-G37-Sedan/1576422,inventory,,,,,URL only; full vehicle galleries recorded to avoid huge download,url_only
,https://images.dealersync.com/3067/Photos/1576423/wm_120da89f3bd746a7adc982743580bc6c_1576423.jpg,https://www.carfam.com/pre-owned-cars/detail/2021-Ram-1500/1576423,inventory,,,,,URL only; full vehicle galleries recorded to avoid huge download,url_only
,https://images.dealersync.com/3067/Photos/1576423/20260918000050839_1789689650.jpg,https://www.carfam.com/pre-owned-cars/detail/2021-Ram-1500/1576423,inventory,,,,,URL only; full vehicle galleries recorded to avoid huge download,url_only
,https://images.dealersync.com/3067/Photos/1576423/20260918000104880_1789689664.jpg,https://www.carfam.com/pre-owned-cars/detail/2021-Ram-1500/1576423,inventory,,,,,URL only; full vehicle galleries recorded to avoid huge download,url_only
,https://images.dealersync.com/3067/Photos/1576423/20260918000112453_1789689672.jpg,https://www.carfam.com/pre-owned-cars/detail/2021-Ram-1500/1576423,inventory,,,,,URL only; full vehicle galleries recorded to avoid huge download,url_only
,https://images.dealersync.com/3067/Photos/1576423/20260918000124102_1789689683.jpg,https://www.carfam.com/pre-owned-cars/detail/2021-Ram-1500/1576423,inventory,,,,,URL only; full vehicle galleries recorded to avoid huge download,url_only
,https://images.dealersync.com/3067/Photos/1576423/20260918000142680_1789689702.jpg,https://www.carfam.com/pre-owned-cars/detail/2021-Ram-1500/1576423,inventory,,,,,URL only; full vehicle galleries recorded to avoid huge download,url_only
,https://images.dealersync.com/3067/Photos/1576423/20260918000201541_1789689721.jpg,https://www.carfam.com/pre-owned-cars/detail/2021-Ram-1500/1576423,inventory,,,,,URL only; full vehicle galleries recorded to avoid huge download,url_only
,https://images.dealersync.com/3067/Photos/1576423/20260918000216548_1789689736.jpg,https://www.carfam.com/pre-owned-cars/detail/2021-Ram-1500/1576423,inventory,,,,,URL only; full vehicle galleries recorded to avoid huge download,url_only
,https://images.dealersync.com/3067/Photos/1576423/20260918000225612_1789689745.jpg,https://www.carfam.com/pre-owned-cars/detail/2021-Ram-1500/1576423,inventory,,,,,URL only; full vehicle galleries recorded to avoid huge download,url_only
,https://images.dealersync.com/3067/Photos/1576423/20260918000250061_1789689769.jpg,https://www.carfam.com/pre-owned-cars/detail/2021-Ram-1500/1576423,inventory,,,,,URL only; full vehicle galleries recorded to avoid huge download,url_only
,https://images.dealersync.com/3067/Photos/1576423/20260918000257464_1789689777.jpg,https://www.carfam.com/pre-owned-cars/detail/2021-Ram-1500/1576423,inventory,,,,,URL only; full vehicle galleries recorded to avoid huge download,url_only
,https://images.dealersync.com/3067/Photos/1576423/20260918000311410_1789689791.jpg,https://www.carfam.com/pre-owned-cars/detail/2021-Ram-1500/1576423,inventory,,,,,URL only; full vehicle galleries recorded to avoid huge download,url_only
,https://images.dealersync.com/3067/Photos/1576423/20260918000335454_1789689814.jpg,https://www.carfam.com/pre-owned-cars/detail/2021-Ram-1500/1576423,inventory,,,,,URL only; full vehicle galleries recorded to avoid huge download,url_only
,https://images.dealersync.com/3067/Photos/1576423/20260918000347696_1789689827.jpg,https://www.carfam.com/pre-owned-cars/detail/2021-Ram-1500/1576423,inventory,,,,,URL only; full vehicle galleries recorded to avoid huge download,url_only
,https://images.dealersync.com/3067/Photos/1576423/20260918000355857_1789689835.jpg,https://www.carfam.com/pre-owned-cars/detail/2021-Ram-1500/1576423,inventory,,,,,URL only; full vehicle galleries recorded to avoid huge download,url_only
,https://images.dealersync.com/3067/Photos/1576423/20260918000400939_1789689840.jpg,https://www.carfam.com/pre-owned-cars/detail/2021-Ram-1500/1576423,inventory,,,,,URL only; full vehicle galleries recorded to avoid huge download,url_only
,https://images.dealersync.com/3067/Photos/1576423/20260918000421629_1789689861.jpg,https://www.carfam.com/pre-owned-cars/detail/2021-Ram-1500/1576423,inventory,,,,,URL only; full vehicle galleries recorded to avoid huge download,url_only
,https://images.dealersync.com/3067/Photos/1576423/20260918000427510_1789689867.jpg,https://www.carfam.com/pre-owned-cars/detail/2021-Ram-1500/1576423,inventory,,,,,URL only; full vehicle galleries recorded to avoid huge download,url_only
,https://images.dealersync.com/3067/Photos/1576423/20260918000444652_1789689884.jpg,https://www.carfam.com/pre-owned-cars/detail/2021-Ram-1500/1576423,inventory,,,,,URL only; full vehicle galleries recorded to avoid huge download,url_only
,https://images.dealersync.com/3067/Photos/1576423/20260918000452404_1789689891.jpg,https://www.carfam.com/pre-owned-cars/detail/2021-Ram-1500/1576423,inventory,,,,,URL only; full vehicle galleries recorded to avoid huge download,url_only
,https://images.dealersync.com/3067/Photos/1576423/20260918000512622_1789689912.jpg,https://www.carfam.com/pre-owned-cars/detail/2021-Ram-1500/1576423,inventory,,,,,URL only; full vehicle galleries recorded to avoid huge download,url_only
,https://images.dealersync.com/3067/Photos/1576423/20260918000603538_1789689963.jpg,https://www.carfam.com/pre-owned-cars/detail/2021-Ram-1500/1576423,inventory,,,,,URL only; full vehicle galleries recorded to avoid huge download,url_only
,https://images.dealersync.com/3067/Photos/1576423/20260918000623273_1789689982.jpg,https://www.carfam.com/pre-owned-cars/detail/2021-Ram-1500/1576423,inventory,,,,,URL only; full vehicle galleries recorded to avoid huge download,url_only
,https://images.dealersync.com/3067/Photos/1576423/20260918000727017_1789690046.jpg,https://www.carfam.com/pre-owned-cars/detail/2021-Ram-1500/1576423,inventory,,,,,URL only; full vehicle galleries recorded to avoid huge download,url_only
,https://images.dealersync.com/3067/Photos/1576423/20260918000630702_1789689990.jpg,https://www.carfam.com/pre-owned-cars/detail/2021-Ram-1500/1576423,inventory,,,,,URL only; full vehicle galleries recorded to avoid huge download,url_only
,https://images.dealersync.com/3067/Photos/1576423/20260918000637569_1789689997.jpg,https://www.carfam.com/pre-owned-cars/detail/2021-Ram-1500/1576423,inventory,,,,,URL only; full vehicle galleries recorded to avoid huge download,url_only
,https://images.dealersync.com/3067/Photos/1576423/20260918000643712_1789690003.jpg,https://www.carfam.com/pre-owned-cars/detail/2021-Ram-1500/1576423,inventory,,,,,URL only; full vehicle galleries recorded to avoid huge download,url_only
,https://images.dealersync.com/3067/Photos/1576423/20260918000659569_1789690018.jpg,https://www.carfam.com/pre-owned-cars/detail/2021-Ram-1500/1576423,inventory,,,,,URL only; full vehicle galleries recorded to avoid huge download,url_only
,https://images.dealersync.com/3067/Photos/1576517/wm_6e5976bfccd548b68988d894d347507b_1576517.jpg,https://www.carfam.com/pre-owned-cars/detail/2018-Dodge-Durango/1576517,inventory,,,,,URL only; full vehicle galleries recorded to avoid huge download,url_only
,https://images.dealersync.com/3067/Photos/1576517/20260903185540021_1788461739.jpg,https://www.carfam.com/pre-owned-cars/detail/2018-Dodge-Durango/1576517,inventory,,,,,URL only; full vehicle galleries recorded to avoid huge download,url_only
,https://images.dealersync.com/3067/Photos/1576517/20260903185556804_1788461756.jpg,https://www.carfam.com/pre-owned-cars/detail/2018-Dodge-Durango/1576517,inventory,,,,,URL only; full vehicle galleries recorded to avoid huge download,url_only
,https://images.dealersync.com/3067/Photos/1576517/20260903185607321_1788461767.jpg,https://www.carfam.com/pre-owned-cars/detail/2018-Dodge-Durango/1576517,inventory,,,,,URL only; full vehicle galleries recorded to avoid huge download,url_only
,https://images.dealersync.com/3067/Photos/1576517/20260903185623663_1788461783.jpg,https://www.carfam.com/pre-owned-cars/detail/2018-Dodge-Durango/1576517,inventory,,,,,URL only; full vehicle galleries recorded to avoid huge download,url_only
,https://images.dealersync.com/3067/Photos/1576517/20260903185653362_1788461813.jpg,https://www.carfam.com/pre-owned-cars/detail/2018-Dodge-Durango/1576517,inventory,,,,,URL only; full vehicle galleries recorded to avoid huge download,url_only
,https://images.dealersync.com/3067/Photos/1576517/20260903185706682_1788461826.jpg,https://www.carfam.com/pre-owned-cars/detail/2018-Dodge-Durango/1576517,inventory,,,,,URL only; full vehicle galleries recorded to avoid huge download,url_only
,https://images.dealersync.com/3067/Photos/1576517/20260903185715079_1788461834.jpg,https://www.carfam.com/pre-owned-cars/detail/2018-Dodge-Durango/1576517,inventory,,,,,URL only; full vehicle galleries recorded to avoid huge download,url_only
,https://images.dealersync.com/3067/Photos/1576517/20260903185740538_1788461860.jpg,https://www.carfam.com/pre-owned-cars/detail/2018-Dodge-Durango/1576517,inventory,,,,,URL only; full vehicle galleries recorded to avoid huge download,url_only
,https://images.dealersync.com/3067/Photos/1576517/20260903185752349_1788461872.jpg,https://www.carfam.com/pre-owned-cars/detail/2018-Dodge-Durango/1576517,inventory,,,,,URL only; full vehicle galleries recorded to avoid huge download,url_only
,https://images.dealersync.com/3067/Photos/1576517/20260903185807018_1788461886.jpg,https://www.carfam.com/pre-owned-cars/detail/2018-Dodge-Durango/1576517,inventory,,,,,URL only; full vehicle galleries recorded to avoid huge download,url_only
,https://images.dealersync.com/3067/Photos/1576517/20260903185812377_1788461892.jpg,https://www.carfam.com/pre-owned-cars/detail/2018-Dodge-Durango/1576517,inventory,,,,,URL only; full vehicle galleries recorded to avoid huge download,url_only
,https://images.dealersync.com/3067/Photos/1576517/20260903185841685_1788461921.jpg,https://www.carfam.com/pre-owned-cars/detail/2018-Dodge-Durango/1576517,inventory,,,,,URL only; full vehicle galleries recorded to avoid huge download,url_only
,https://images.dealersync.com/3067/Photos/1576517/20260903185859946_1788461939.jpg,https://www.carfam.com/pre-owned-cars/detail/2018-Dodge-Durango/1576517,inventory,,,,,URL only; full vehicle galleries recorded to avoid huge download,url_only
,https://images.dealersync.com/3067/Photos/1576517/20260903185911866_1788461951.jpg,https://www.carfam.com/pre-owned-cars/detail/2018-Dodge-Durango/1576517,inventory,,,,,URL only; full vehicle galleries recorded to avoid huge download,url_only
,https://images.dealersync.com/3067/Photos/1576517/20260903185930077_1788461969.jpg,https://www.carfam.com/pre-owned-cars/detail/2018-Dodge-Durango/1576517,inventory,,,,,URL only; full vehicle galleries recorded to avoid huge download,url_only
,https://images.dealersync.com/3067/Photos/1576517/20260903185935950_1788461975.jpg,https://www.carfam.com/pre-owned-cars/detail/2018-Dodge-Durango/1576517,inventory,,,,,URL only; full vehicle galleries recorded to avoid huge download,url_only
,https://images.dealersync.com/3067/Photos/1576517/20260903185950449_1788461989.jpg,https://www.carfam.com/pre-owned-cars/detail/2018-Dodge-Durango/1576517,inventory,,,,,URL only; full vehicle galleries recorded to avoid huge download,url_only
,https://images.dealersync.com/3067/Photos/1576517/20260903185955670_1788461995.jpg,https://www.carfam.com/pre-owned-cars/detail/2018-Dodge-Durango/1576517,inventory,,,,,URL only; full vehicle galleries recorded to avoid huge download,url_only
,https://images.dealersync.com/3067/Photos/1576517/20260903190001412_1788462000.jpg,https://www.carfam.com/pre-owned-cars/detail/2018-Dodge-Durango/1576517,inventory,,,,,URL only; full vehicle galleries recorded to avoid huge download,url_only
,https://images.dealersync.com/3067/Photos/1576517/20260903190022754_1788462022.jpg,https://www.carfam.com/pre-owned-cars/detail/2018-Dodge-Durango/1576517,inventory,,,,,URL only; full vehicle galleries recorded to avoid huge download,url_only
,https://images.dealersync.com/3067/Photos/1576517/20260903190027708_1788462027.jpg,https://www.carfam.com/pre-owned-cars/detail/2018-Dodge-Durango/1576517,inventory,,,,,URL only; full vehicle galleries recorded to avoid huge download,url_only
,https://images.dealersync.com/3067/Photos/1576517/20260903190036720_1788462036.jpg,https://www.carfam.com/pre-owned-cars/detail/2018-Dodge-Durango/1576517,inventory,,,,,URL only; full vehicle galleries recorded to avoid huge download,url_only
,https://images.dealersync.com/3067/Photos/1576517/20260903190043634_1788462043.jpg,https://www.carfam.com/pre-owned-cars/detail/2018-Dodge-Durango/1576517,inventory,,,,,URL only; full vehicle galleries recorded to avoid huge download,url_only
,https://images.dealersync.com/3067/Photos/1576517/20260903190050986_1788462050.jpg,https://www.carfam.com/pre-owned-cars/detail/2018-Dodge-Durango/1576517,inventory,,,,,URL only; full vehicle galleries recorded to avoid huge download,url_only
,https://images.dealersync.com/3067/Photos/1576517/20260903190057262_1788462056.jpg,https://www.carfam.com/pre-owned-cars/detail/2018-Dodge-Durango/1576517,inventory,,,,,URL only; full vehicle galleries recorded to avoid huge download,url_only
,https://images.dealersync.com/3067/Photos/1576517/20260903190106396_1788462066.jpg,https://www.carfam.com/pre-owned-cars/detail/2018-Dodge-Durango/1576517,inventory,,,,,URL only; full vehicle galleries recorded to avoid huge download,url_only
,https://images.dealersync.com/3067/Photos/1576517/20260903190116899_1788462075.jpg,https://www.carfam.com/pre-owned-cars/detail/2018-Dodge-Durango/1576517,inventory,,,,,URL only; full vehicle galleries recorded to avoid huge download,url_only
,https://images.dealersync.com/3067/Photos/1576517/20260903190124107_1788462083.jpg,https://www.carfam.com/pre-owned-cars/detail/2018-Dodge-Durango/1576517,inventory,,,,,URL only; full vehicle galleries recorded to avoid huge download,url_only
,https://images.dealersync.com/3067/Photos/1576517/20260903190132931_1788462092.jpg,https://www.carfam.com/pre-owned-cars/detail/2018-Dodge-Durango/1576517,inventory,,,,,URL only; full vehicle galleries recorded to avoid huge download,url_only
,https://images.dealersync.com/3067/Photos/1576517/20260903190143623_1788462103.jpg,https://www.carfam.com/pre-owned-cars/detail/2018-Dodge-Durango/1576517,inventory,,,,,URL only; full vehicle galleries recorded to avoid huge download,url_only
,https://images.dealersync.com/3067/Photos/1576517/20260903190304596_1788462183.jpg,https://www.carfam.com/pre-owned-cars/detail/2018-Dodge-Durango/1576517,inventory,,,,,URL only; full vehicle galleries recorded to avoid huge download,url_only
,https://images.dealersync.com/3067/Photos/1576517/20260903190318192_1788462197.jpg,https://www.carfam.com/pre-owned-cars/detail/2018-Dodge-Durango/1576517,inventory,,,,,URL only; full vehicle galleries recorded to avoid huge download,url_only
,https://images.dealersync.com/3067/Photos/1576566/wm_dd1162a445614519a0c991d10dde6256_1576566.jpg,https://www.carfam.com/pre-owned-cars/detail/2020-GMC-Sierra-1500/1576566,inventory,,,,,URL only; full vehicle galleries recorded to avoid huge download,url_only
,https://images.dealersync.com/3067/Photos/1576566/20260904234752424_1788565672.jpg,https://www.carfam.com/pre-owned-cars/detail/2020-GMC-Sierra-1500/1576566,inventory,,,,,URL only; full vehicle galleries recorded to avoid huge download,url_only
,https://images.dealersync.com/3067/Photos/1576566/20260904234809625_1788565689.jpg,https://www.carfam.com/pre-owned-cars/detail/2020-GMC-Sierra-1500/1576566,inventory,,,,,URL only; full vehicle galleries recorded to avoid huge download,url_only
,https://images.dealersync.com/3067/Photos/1576566/20260904234822462_1788565702.jpg,https://www.carfam.com/pre-owned-cars/detail/2020-GMC-Sierra-1500/1576566,inventory,,,,,URL only; full vehicle galleries recorded to avoid huge download,url_only
,https://images.dealersync.com/3067/Photos/1576566/20260904234836521_1788565716.jpg,https://www.carfam.com/pre-owned-cars/detail/2020-GMC-Sierra-1500/1576566,inventory,,,,,URL only; full vehicle galleries recorded to avoid huge download,url_only
,https://images.dealersync.com/3067/Photos/1576566/20260904234852465_1788565732.jpg,https://www.carfam.com/pre-owned-cars/detail/2020-GMC-Sierra-1500/1576566,inventory,,,,,URL only; full vehicle galleries recorded to avoid huge download,url_only
,https://images.dealersync.com/3067/Photos/1576566/20260904234914292_1788565753.jpg,https://www.carfam.com/pre-owned-cars/detail/2020-GMC-Sierra-1500/1576566,inventory,,,,,URL only; full vehicle galleries recorded to avoid huge download,url_only
,https://images.dealersync.com/3067/Photos/1576566/20260904234921201_1788565760.jpg,https://www.carfam.com/pre-owned-cars/detail/2020-GMC-Sierra-1500/1576566,inventory,,,,,URL only; full vehicle galleries recorded to avoid huge download,url_only
,https://images.dealersync.com/3067/Photos/1576566/20260904234942179_1788565781.jpg,https://www.carfam.com/pre-owned-cars/detail/2020-GMC-Sierra-1500/1576566,inventory,,,,,URL only; full vehicle galleries recorded to avoid huge download,url_only
,https://images.dealersync.com/3067/Photos/1576566/20260904235002764_1788565802.jpg,https://www.carfam.com/pre-owned-cars/detail/2020-GMC-Sierra-1500/1576566,inventory,,,,,URL only; full vehicle galleries recorded to avoid huge download,url_only
,https://images.dealersync.com/3067/Photos/1576566/20260904235023328_1788565822.jpg,https://www.carfam.com/pre-owned-cars/detail/2020-GMC-Sierra-1500/1576566,inventory,,,,,URL only; full vehicle galleries recorded to avoid huge download,url_only
,https://images.dealersync.com/3067/Photos/1576566/20260904235028639_1788565828.jpg,https://www.carfam.com/pre-owned-cars/detail/2020-GMC-Sierra-1500/1576566,inventory,,,,,URL only; full vehicle galleries recorded to avoid huge download,url_only
,https://images.dealersync.com/3067/Photos/1576566/20260904235055287_1788565854.jpg,https://www.carfam.com/pre-owned-cars/detail/2020-GMC-Sierra-1500/1576566,inventory,,,,,URL only; full vehicle galleries recorded to avoid huge download,url_only
,https://images.dealersync.com/3067/Photos/1576566/20260904235104228_1788565864.jpg,https://www.carfam.com/pre-owned-cars/detail/2020-GMC-Sierra-1500/1576566,inventory,,,,,URL only; full vehicle galleries recorded to avoid huge download,url_only
,https://images.dealersync.com/3067/Photos/1576566/20260904235115221_1788565874.jpg,https://www.carfam.com/pre-owned-cars/detail/2020-GMC-Sierra-1500/1576566,inventory,,,,,URL only; full vehicle galleries recorded to avoid huge download,url_only
,https://images.dealersync.com/3067/Photos/1576566/20260904235130041_1788565889.jpg,https://www.carfam.com/pre-owned-cars/detail/2020-GMC-Sierra-1500/1576566,inventory,,,,,URL only; full vehicle galleries recorded to avoid huge download,url_only
,https://images.dealersync.com/3067/Photos/1576566/20260904235140962_1788565900.jpg,https://www.carfam.com/pre-owned-cars/detail/2020-GMC-Sierra-1500/1576566,inventory,,,,,URL only; full vehicle galleries recorded to avoid huge download,url_only
,https://images.dealersync.com/3067/Photos/1576566/20260904235148510_1788565908.jpg,https://www.carfam.com/pre-owned-cars/detail/2020-GMC-Sierra-1500/1576566,inventory,,,,,URL only; full vehicle galleries recorded to avoid huge download,url_only
,https://images.dealersync.com/3067/Photos/1576566/20260904235211663_1788565931.jpg,https://www.carfam.com/pre-owned-cars/detail/2020-GMC-Sierra-1500/1576566,inventory,,,,,URL only; full vehicle galleries recorded to avoid huge download,url_only
,https://images.dealersync.com/3067/Photos/1576566/20260904235217456_1788565937.jpg,https://www.carfam.com/pre-owned-cars/detail/2020-GMC-Sierra-1500/1576566,inventory,,,,,URL only; full vehicle galleries recorded to avoid huge download,url_only
,https://images.dealersync.com/3067/Photos/1576566/20260904235237252_1788565956.jpg,https://www.carfam.com/pre-owned-cars/detail/2020-GMC-Sierra-1500/1576566,inventory,,,,,URL only; full vehicle galleries recorded to avoid huge download,url_only
,https://images.dealersync.com/3067/Photos/1576566/20260904235249943_1788565969.jpg,https://www.carfam.com/pre-owned-cars/detail/2020-GMC-Sierra-1500/1576566,inventory,,,,,URL only; full vehicle galleries recorded to avoid huge download,url_only
,https://images.dealersync.com/3067/Photos/1576566/20260904235255952_1788565975.jpg,https://www.carfam.com/pre-owned-cars/detail/2020-GMC-Sierra-1500/1576566,inventory,,,,,URL only; full vehicle galleries recorded to avoid huge download,url_only
,https://images.dealersync.com/3067/Photos/1576566/20260904235302643_1788565982.jpg,https://www.carfam.com/pre-owned-cars/detail/2020-GMC-Sierra-1500/1576566,inventory,,,,,URL only; full vehicle galleries recorded to avoid huge download,url_only
,https://images.dealersync.com/3067/Photos/1576566/20260904235432989_1788566072.jpg,https://www.carfam.com/pre-owned-cars/detail/2020-GMC-Sierra-1500/1576566,inventory,,,,,URL only; full vehicle galleries recorded to avoid huge download,url_only
,https://images.dealersync.com/3067/Photos/1576566/20260904235309094_1788565988.jpg,https://www.carfam.com/pre-owned-cars/detail/2020-GMC-Sierra-1500/1576566,inventory,,,,,URL only; full vehicle galleries recorded to avoid huge download,url_only
,https://images.dealersync.com/3067/Photos/1576566/20260904235314444_1788565994.jpg,https://www.carfam.com/pre-owned-cars/detail/2020-GMC-Sierra-1500/1576566,inventory,,,,,URL only; full vehicle galleries recorded to avoid huge download,url_only
,https://images.dealersync.com/3067/Photos/1576566/20260904235334678_1788566014.jpg,https://www.carfam.com/pre-owned-cars/detail/2020-GMC-Sierra-1500/1576566,inventory,,,,,URL only; full vehicle galleries recorded to avoid huge download,url_only
,https://images.dealersync.com/3067/Photos/1576566/20260904235325718_1788566005.jpg,https://www.carfam.com/pre-owned-cars/detail/2020-GMC-Sierra-1500/1576566,inventory,,,,,URL only; full vehicle galleries recorded to avoid huge download,url_only
,https://images.dealersync.com/3067/Photos/1576566/20260904235405559_1788566045.jpg,https://www.carfam.com/pre-owned-cars/detail/2020-GMC-Sierra-1500/1576566,inventory,,,,,URL only; full vehicle galleries recorded to avoid huge download,url_only
,https://images.dealersync.com/3067/Photos/1576566/20260904235350311_1788566030.jpg,https://www.carfam.com/pre-owned-cars/detail/2020-GMC-Sierra-1500/1576566,inventory,,,,,URL only; full vehicle galleries recorded to avoid huge download,url_only
,https://images.dealersync.com/3067/Photos/1576609/wm_f0dd8b024d814a5cbbe51ac2502062fe_1576609.jpg,https://www.carfam.com/pre-owned-cars/detail/2022-Chevrolet-Malibu/1576609,inventory,,,,,URL only; full vehicle galleries recorded to avoid huge download,url_only
,https://images.dealersync.com/3067/Photos/1576609/20260904185036890_1788547836.jpg,https://www.carfam.com/pre-owned-cars/detail/2022-Chevrolet-Malibu/1576609,inventory,,,,,URL only; full vehicle galleries recorded to avoid huge download,url_only
,https://images.dealersync.com/3067/Photos/1576609/20260904185050934_1788547850.jpg,https://www.carfam.com/pre-owned-cars/detail/2022-Chevrolet-Malibu/1576609,inventory,,,,,URL only; full vehicle galleries recorded to avoid huge download,url_only
,https://images.dealersync.com/3067/Photos/1576609/20260904185100735_1788547860.jpg,https://www.carfam.com/pre-owned-cars/detail/2022-Chevrolet-Malibu/1576609,inventory,,,,,URL only; full vehicle galleries recorded to avoid huge download,url_only
,https://images.dealersync.com/3067/Photos/1576609/20260904185111497_1788547871.jpg,https://www.carfam.com/pre-owned-cars/detail/2022-Chevrolet-Malibu/1576609,inventory,,,,,URL only; full vehicle galleries recorded to avoid huge download,url_only
,https://images.dealersync.com/3067/Photos/1576609/20260904185126320_1788547885.jpg,https://www.carfam.com/pre-owned-cars/detail/2022-Chevrolet-Malibu/1576609,inventory,,,,,URL only; full vehicle galleries recorded to avoid huge download,url_only
,https://images.dealersync.com/3067/Photos/1576609/20260904185140460_1788547900.jpg,https://www.carfam.com/pre-owned-cars/detail/2022-Chevrolet-Malibu/1576609,inventory,,,,,URL only; full vehicle galleries recorded to avoid huge download,url_only
,https://images.dealersync.com/3067/Photos/1576609/20260904185150458_1788547910.jpg,https://www.carfam.com/pre-owned-cars/detail/2022-Chevrolet-Malibu/1576609,inventory,,,,,URL only; full vehicle galleries recorded to avoid huge download,url_only
,https://images.dealersync.com/3067/Photos/1576609/20260904185200997_1788547920.jpg,https://www.carfam.com/pre-owned-cars/detail/2022-Chevrolet-Malibu/1576609,inventory,,,,,URL only; full vehicle galleries recorded to avoid huge download,url_only
,https://images.dealersync.com/3067/Photos/1576609/20260904185216857_1788547936.jpg,https://www.carfam.com/pre-owned-cars/detail/2022-Chevrolet-Malibu/1576609,inventory,,,,,URL only; full vehicle galleries recorded to avoid huge download,url_only
,https://images.dealersync.com/3067/Photos/1576609/20260904185229790_1788547949.jpg,https://www.carfam.com/pre-owned-cars/detail/2022-Chevrolet-Malibu/1576609,inventory,,,,,URL only; full vehicle galleries recorded to avoid huge download,url_only
,https://images.dealersync.com/3067/Photos/1576609/20260904185236407_1788547956.jpg,https://www.carfam.com/pre-owned-cars/detail/2022-Chevrolet-Malibu/1576609,inventory,,,,,URL only; full vehicle galleries recorded to avoid huge download,url_only
,https://images.dealersync.com/3067/Photos/1576609/20260904185259465_1788547978.jpg,https://www.carfam.com/pre-owned-cars/detail/2022-Chevrolet-Malibu/1576609,inventory,,,,,URL only; full vehicle galleries recorded to avoid huge download,url_only
,https://images.dealersync.com/3067/Photos/1576609/20260904185306731_1788547986.jpg,https://www.carfam.com/pre-owned-cars/detail/2022-Chevrolet-Malibu/1576609,inventory,,,,,URL only; full vehicle galleries recorded to avoid huge download,url_only
,https://images.dealersync.com/3067/Photos/1576609/20260904185322104_1788548001.jpg,https://www.carfam.com/pre-owned-cars/detail/2022-Chevrolet-Malibu/1576609,inventory,,,,,URL only; full vehicle galleries recorded to avoid huge download,url_only
,https://images.dealersync.com/3067/Photos/1576609/20260904185330404_1788548010.jpg,https://www.carfam.com/pre-owned-cars/detail/2022-Chevrolet-Malibu/1576609,inventory,,,,,URL only; full vehicle galleries recorded to avoid huge download,url_only
,https://images.dealersync.com/3067/Photos/1576609/20260904185336181_1788548015.jpg,https://www.carfam.com/pre-owned-cars/detail/2022-Chevrolet-Malibu/1576609,inventory,,,,,URL only; full vehicle galleries recorded to avoid huge download,url_only
,https://images.dealersync.com/3067/Photos/1576609/20260904185359637_1788548039.jpg,https://www.carfam.com/pre-owned-cars/detail/2022-Chevrolet-Malibu/1576609,inventory,,,,,URL only; full vehicle galleries recorded to avoid huge download,url_only
,https://images.dealersync.com/3067/Photos/1576609/20260904185405511_1788548045.jpg,https://www.carfam.com/pre-owned-cars/detail/2022-Chevrolet-Malibu/1576609,inventory,,,,,URL only; full vehicle galleries recorded to avoid huge download,url_only
,https://images.dealersync.com/3067/Photos/1576609/20260904185414584_1788548052.jpg,https://www.carfam.com/pre-owned-cars/detail/2022-Chevrolet-Malibu/1576609,inventory,,,,,URL only; full vehicle galleries recorded to avoid huge download,url_only
,https://images.dealersync.com/3067/Photos/1576609/20260904185436387_1788548075.jpg,https://www.carfam.com/pre-owned-cars/detail/2022-Chevrolet-Malibu/1576609,inventory,,,,,URL only; full vehicle galleries recorded to avoid huge download,url_only
,https://images.dealersync.com/3067/Photos/1576609/20260904185442112_1788548081.jpg,https://www.carfam.com/pre-owned-cars/detail/2022-Chevrolet-Malibu/1576609,inventory,,,,,URL only; full vehicle galleries recorded to avoid huge download,url_only
,https://images.dealersync.com/3067/Photos/1576609/20260904185453575_1788548093.jpg,https://www.carfam.com/pre-owned-cars/detail/2022-Chevrolet-Malibu/1576609,inventory,,,,,URL only; full vehicle galleries recorded to avoid huge download,url_only
,https://images.dealersync.com/3067/Photos/1576609/20260904185850547_1788548330.jpg,https://www.carfam.com/pre-owned-cars/detail/2022-Chevrolet-Malibu/1576609,inventory,,,,,URL only; full vehicle galleries recorded to avoid huge download,url_only
,https://images.dealersync.com/3067/Photos/1576609/20260904185752784_1788548272.jpg,https://www.carfam.com/pre-owned-cars/detail/2022-Chevrolet-Malibu/1576609,inventory,,,,,URL only; full vehicle galleries recorded to avoid huge download,url_only
,https://images.dealersync.com/3067/Photos/1576609/20260904185758532_1788548278.jpg,https://www.carfam.com/pre-owned-cars/detail/2022-Chevrolet-Malibu/1576609,inventory,,,,,URL only; full vehicle galleries recorded to avoid huge download,url_only
,https://images.dealersync.com/3067/Photos/1576609/20260904185807207_1788548286.jpg,https://www.carfam.com/pre-owned-cars/detail/2022-Chevrolet-Malibu/1576609,inventory,,,,,URL only; full vehicle galleries recorded to avoid huge download,url_only
,https://images.dealersync.com/3067/Photos/1576609/20260904185824515_1788548303.jpg,https://www.carfam.com/pre-owned-cars/detail/2022-Chevrolet-Malibu/1576609,inventory,,,,,URL only; full vehicle galleries recorded to avoid huge download,url_only
,https://images.dealersync.com/3067/Photos/1576941/wm_6ee2155f830c44cd817d4255cd01281b_1576941.jpg,https://www.carfam.com/pre-owned-cars/detail/2020-Chevrolet-Equinox/1576941,inventory,,,,,URL only; full vehicle galleries recorded to avoid huge download,url_only
,https://images.dealersync.com/3067/Photos/1576941/20260916211752475_1789593471.jpg,https://www.carfam.com/pre-owned-cars/detail/2020-Chevrolet-Equinox/1576941,inventory,,,,,URL only; full vehicle galleries recorded to avoid huge download,url_only
,https://images.dealersync.com/3067/Photos/1576941/20260916211805962_1789593485.jpg,https://www.carfam.com/pre-owned-cars/detail/2020-Chevrolet-Equinox/1576941,inventory,,,,,URL only; full vehicle galleries recorded to avoid huge download,url_only
,https://images.dealersync.com/3067/Photos/1576941/20260916211814547_1789593494.jpg,https://www.carfam.com/pre-owned-cars/detail/2020-Chevrolet-Equinox/1576941,inventory,,,,,URL only; full vehicle galleries recorded to avoid huge download,url_only
,https://images.dealersync.com/3067/Photos/1576941/20260916211831989_1789593508.jpg,https://www.carfam.com/pre-owned-cars/detail/2020-Chevrolet-Equinox/1576941,inventory,,,,,URL only; full vehicle galleries recorded to avoid huge download,url_only
,https://images.dealersync.com/3067/Photos/1576941/20260916211851712_1789593531.jpg,https://www.carfam.com/pre-owned-cars/detail/2020-Chevrolet-Equinox/1576941,inventory,,,,,URL only; full vehicle galleries recorded to avoid huge download,url_only
,https://images.dealersync.com/3067/Photos/1576941/20260916211929809_1789593569.jpg,https://www.carfam.com/pre-owned-cars/detail/2020-Chevrolet-Equinox/1576941,inventory,,,,,URL only; full vehicle galleries recorded to avoid huge download,url_only
,https://images.dealersync.com/3067/Photos/1576941/20260916211940503_1789593580.jpg,https://www.carfam.com/pre-owned-cars/detail/2020-Chevrolet-Equinox/1576941,inventory,,,,,URL only; full vehicle galleries recorded to avoid huge download,url_only
,https://images.dealersync.com/3067/Photos/1576941/20260916211950085_1789593589.jpg,https://www.carfam.com/pre-owned-cars/detail/2020-Chevrolet-Equinox/1576941,inventory,,,,,URL only; full vehicle galleries recorded to avoid huge download,url_only
,https://images.dealersync.com/3067/Photos/1576941/20260916212002066_1789593601.jpg,https://www.carfam.com/pre-owned-cars/detail/2020-Chevrolet-Equinox/1576941,inventory,,,,,URL only; full vehicle galleries recorded to avoid huge download,url_only
,https://images.dealersync.com/3067/Photos/1576941/20260916212016588_1789593616.jpg,https://www.carfam.com/pre-owned-cars/detail/2020-Chevrolet-Equinox/1576941,inventory,,,,,URL only; full vehicle galleries recorded to avoid huge download,url_only
,https://images.dealersync.com/3067/Photos/1576941/20260916212024750_1789593624.jpg,https://www.carfam.com/pre-owned-cars/detail/2020-Chevrolet-Equinox/1576941,inventory,,,,,URL only; full vehicle galleries recorded to avoid huge download,url_only
,https://images.dealersync.com/3067/Photos/1576941/20260916212037438_1789593637.jpg,https://www.carfam.com/pre-owned-cars/detail/2020-Chevrolet-Equinox/1576941,inventory,,,,,URL only; full vehicle galleries recorded to avoid huge download,url_only
,https://images.dealersync.com/3067/Photos/1576941/20260916212042734_1789593642.jpg,https://www.carfam.com/pre-owned-cars/detail/2020-Chevrolet-Equinox/1576941,inventory,,,,,URL only; full vehicle galleries recorded to avoid huge download,url_only
,https://images.dealersync.com/3067/Photos/1576941/20260916212051116_1789593650.jpg,https://www.carfam.com/pre-owned-cars/detail/2020-Chevrolet-Equinox/1576941,inventory,,,,,URL only; full vehicle galleries recorded to avoid huge download,url_only
,https://images.dealersync.com/3067/Photos/1576941/20260916212105611_1789593665.jpg,https://www.carfam.com/pre-owned-cars/detail/2020-Chevrolet-Equinox/1576941,inventory,,,,,URL only; full vehicle galleries recorded to avoid huge download,url_only
,https://images.dealersync.com/3067/Photos/1576941/20260916212113994_1789593673.jpg,https://www.carfam.com/pre-owned-cars/detail/2020-Chevrolet-Equinox/1576941,inventory,,,,,URL only; full vehicle galleries recorded to avoid huge download,url_only
,https://images.dealersync.com/3067/Photos/1576941/20260916212119569_1789593679.jpg,https://www.carfam.com/pre-owned-cars/detail/2020-Chevrolet-Equinox/1576941,inventory,,,,,URL only; full vehicle galleries recorded to avoid huge download,url_only
,https://images.dealersync.com/3067/Photos/1576941/20260916212139046_1789593698.jpg,https://www.carfam.com/pre-owned-cars/detail/2020-Chevrolet-Equinox/1576941,inventory,,,,,URL only; full vehicle galleries recorded to avoid huge download,url_only
,https://images.dealersync.com/3067/Photos/1576941/20260916212145738_1789593705.jpg,https://www.carfam.com/pre-owned-cars/detail/2020-Chevrolet-Equinox/1576941,inventory,,,,,URL only; full vehicle galleries recorded to avoid huge download,url_only
,https://images.dealersync.com/3067/Photos/1576941/20260916212222528_1789593741.jpg,https://www.carfam.com/pre-owned-cars/detail/2020-Chevrolet-Equinox/1576941,inventory,,,,,URL only; full vehicle galleries recorded to avoid huge download,url_only
,https://images.dealersync.com/3067/Photos/1576941/20260916212331282_1789593810.jpg,https://www.carfam.com/pre-owned-cars/detail/2020-Chevrolet-Equinox/1576941,inventory,,,,,URL only; full vehicle galleries recorded to avoid huge download,url_only
,https://images.dealersync.com/3067/Photos/1576941/20260916212338057_1789593817.jpg,https://www.carfam.com/pre-owned-cars/detail/2020-Chevrolet-Equinox/1576941,inventory,,,,,URL only; full vehicle galleries recorded to avoid huge download,url_only
,https://images.dealersync.com/3067/Photos/1576941/20260916212344859_1789593824.jpg,https://www.carfam.com/pre-owned-cars/detail/2020-Chevrolet-Equinox/1576941,inventory,,,,,URL only; full vehicle galleries recorded to avoid huge download,url_only
,https://images.dealersync.com/3067/Photos/1576941/20260916212425500_1789593864.jpg,https://www.carfam.com/pre-owned-cars/detail/2020-Chevrolet-Equinox/1576941,inventory,,,,,URL only; full vehicle galleries recorded to avoid huge download,url_only
,https://images.dealersync.com/3067/Photos/1576941/20260916212430778_1789593870.jpg,https://www.carfam.com/pre-owned-cars/detail/2020-Chevrolet-Equinox/1576941,inventory,,,,,URL only; full vehicle galleries recorded to avoid huge download,url_only
,https://images.dealersync.com/3067/Photos/1576941/20260916212437389_1789593876.jpg,https://www.carfam.com/pre-owned-cars/detail/2020-Chevrolet-Equinox/1576941,inventory,,,,,URL only; full vehicle galleries recorded to avoid huge download,url_only
,https://images.dealersync.com/3067/Photos/1576941/20260916212445303_1789593884.jpg,https://www.carfam.com/pre-owned-cars/detail/2020-Chevrolet-Equinox/1576941,inventory,,,,,URL only; full vehicle galleries recorded to avoid huge download,url_only
,https://images.dealersync.com/3067/Photos/1576973/20260903211853414_1788470332.jpg,https://www.carfam.com/pre-owned-cars/detail/2022-Audi-Q3/1576973,inventory,,,,,URL only; full vehicle galleries recorded to avoid huge download,url_only
,https://images.dealersync.com/3067/Photos/1576973/20260903211905036_1788470344.jpg,https://www.carfam.com/pre-owned-cars/detail/2022-Audi-Q3/1576973,inventory,,,,,URL only; full vehicle galleries recorded to avoid huge download,url_only
,https://images.dealersync.com/3067/Photos/1576973/20260903211913265_1788470352.jpg,https://www.carfam.com/pre-owned-cars/detail/2022-Audi-Q3/1576973,inventory,,,,,URL only; full vehicle galleries recorded to avoid huge download,url_only
,https://images.dealersync.com/3067/Photos/1576973/20260903211926719_1788470366.jpg,https://www.carfam.com/pre-owned-cars/detail/2022-Audi-Q3/1576973,inventory,,,,,URL only; full vehicle galleries recorded to avoid huge download,url_only
,https://images.dealersync.com/3067/Photos/1576973/20260903211940080_1788470379.jpg,https://www.carfam.com/pre-owned-cars/detail/2022-Audi-Q3/1576973,inventory,,,,,URL only; full vehicle galleries recorded to avoid huge download,url_only
,https://images.dealersync.com/3067/Photos/1576973/20260903211952371_1788470391.jpg,https://www.carfam.com/pre-owned-cars/detail/2022-Audi-Q3/1576973,inventory,,,,,URL only; full vehicle galleries recorded to avoid huge download,url_only
,https://images.dealersync.com/3067/Photos/1576973/20260903211958898_1788470398.jpg,https://www.carfam.com/pre-owned-cars/detail/2022-Audi-Q3/1576973,inventory,,,,,URL only; full vehicle galleries recorded to avoid huge download,url_only
,https://images.dealersync.com/3067/Photos/1576973/20260903212015000_1788470414.jpg,https://www.carfam.com/pre-owned-cars/detail/2022-Audi-Q3/1576973,inventory,,,,,URL only; full vehicle galleries recorded to avoid huge download,url_only
,https://images.dealersync.com/3067/Photos/1576973/20260903212028395_1788470427.jpg,https://www.carfam.com/pre-owned-cars/detail/2022-Audi-Q3/1576973,inventory,,,,,URL only; full vehicle galleries recorded to avoid huge download,url_only
,https://images.dealersync.com/3067/Photos/1576973/20260903212047550_1788470447.jpg,https://www.carfam.com/pre-owned-cars/detail/2022-Audi-Q3/1576973,inventory,,,,,URL only; full vehicle galleries recorded to avoid huge download,url_only
,https://images.dealersync.com/3067/Photos/1576973/20260903212056310_1788470455.jpg,https://www.carfam.com/pre-owned-cars/detail/2022-Audi-Q3/1576973,inventory,,,,,URL only; full vehicle galleries recorded to avoid huge download,url_only
,https://images.dealersync.com/3067/Photos/1576973/20260903212112953_1788470472.jpg,https://www.carfam.com/pre-owned-cars/detail/2022-Audi-Q3/1576973,inventory,,,,,URL only; full vehicle galleries recorded to avoid huge download,url_only
,https://images.dealersync.com/3067/Photos/1576973/20260903212120454_1788470480.jpg,https://www.carfam.com/pre-owned-cars/detail/2022-Audi-Q3/1576973,inventory,,,,,URL only; full vehicle galleries recorded to avoid huge download,url_only
,https://images.dealersync.com/3067/Photos/1576973/20260903212127913_1788470486.jpg,https://www.carfam.com/pre-owned-cars/detail/2022-Audi-Q3/1576973,inventory,,,,,URL only; full vehicle galleries recorded to avoid huge download,url_only
,https://images.dealersync.com/3067/Photos/1576973/20260903212150264_1788470509.jpg,https://www.carfam.com/pre-owned-cars/detail/2022-Audi-Q3/1576973,inventory,,,,,URL only; full vehicle galleries recorded to avoid huge download,url_only
,https://images.dealersync.com/3067/Photos/1576973/20260903212157227_1788470516.jpg,https://www.carfam.com/pre-owned-cars/detail/2022-Audi-Q3/1576973,inventory,,,,,URL only; full vehicle galleries recorded to avoid huge download,url_only
,https://images.dealersync.com/3067/Photos/1576973/20260903212205226_1788470524.jpg,https://www.carfam.com/pre-owned-cars/detail/2022-Audi-Q3/1576973,inventory,,,,,URL only; full vehicle galleries recorded to avoid huge download,url_only
,https://images.dealersync.com/3067/Photos/1576973/20260903212232977_1788470552.jpg,https://www.carfam.com/pre-owned-cars/detail/2022-Audi-Q3/1576973,inventory,,,,,URL only; full vehicle galleries recorded to avoid huge download,url_only
,https://images.dealersync.com/3067/Photos/1576973/20260903212240210_1788470559.jpg,https://www.carfam.com/pre-owned-cars/detail/2022-Audi-Q3/1576973,inventory,,,,,URL only; full vehicle galleries recorded to avoid huge download,url_only
,https://images.dealersync.com/3067/Photos/1576973/20260903212256389_1788470575.jpg,https://www.carfam.com/pre-owned-cars/detail/2022-Audi-Q3/1576973,inventory,,,,,URL only; full vehicle galleries recorded to avoid huge download,url_only
,https://images.dealersync.com/3067/Photos/1576973/20260903212312033_1788470591.jpg,https://www.carfam.com/pre-owned-cars/detail/2022-Audi-Q3/1576973,inventory,,,,,URL only; full vehicle galleries recorded to avoid huge download,url_only
,https://images.dealersync.com/3067/Photos/1576973/20260903212320060_1788470599.jpg,https://www.carfam.com/pre-owned-cars/detail/2022-Audi-Q3/1576973,inventory,,,,,URL only; full vehicle galleries recorded to avoid huge download,url_only
,https://images.dealersync.com/3067/Photos/1576973/20260903212327182_1788470606.jpg,https://www.carfam.com/pre-owned-cars/detail/2022-Audi-Q3/1576973,inventory,,,,,URL only; full vehicle galleries recorded to avoid huge download,url_only
,https://images.dealersync.com/3067/Photos/1576973/20260903212454064_1788470693.jpg,https://www.carfam.com/pre-owned-cars/detail/2022-Audi-Q3/1576973,inventory,,,,,URL only; full vehicle galleries recorded to avoid huge download,url_only
,https://images.dealersync.com/3067/Photos/1576973/20260903212349066_1788470628.jpg,https://www.carfam.com/pre-owned-cars/detail/2022-Audi-Q3/1576973,inventory,,,,,URL only; full vehicle galleries recorded to avoid huge download,url_only
,https://images.dealersync.com/3067/Photos/1576973/20260903212356442_1788470636.jpg,https://www.carfam.com/pre-owned-cars/detail/2022-Audi-Q3/1576973,inventory,,,,,URL only; full vehicle galleries recorded to avoid huge download,url_only
,https://images.dealersync.com/3067/Photos/1576973/20260903212405807_1788470645.jpg,https://www.carfam.com/pre-owned-cars/detail/2022-Audi-Q3/1576973,inventory,,,,,URL only; full vehicle galleries recorded to avoid huge download,url_only
,https://images.dealersync.com/3067/Photos/1576973/20260903212415491_1788470655.jpg,https://www.carfam.com/pre-owned-cars/detail/2022-Audi-Q3/1576973,inventory,,,,,URL only; full vehicle galleries recorded to avoid huge download,url_only
,https://images.dealersync.com/3067/Photos/1576973/20260903212425309_1788470664.jpg,https://www.carfam.com/pre-owned-cars/detail/2022-Audi-Q3/1576973,inventory,,,,,URL only; full vehicle galleries recorded to avoid huge download,url_only
,https://images.dealersync.com/3067/Photos/1576973/20260903212440912_1788470680.jpg,https://www.carfam.com/pre-owned-cars/detail/2022-Audi-Q3/1576973,inventory,,,,,URL only; full vehicle galleries recorded to avoid huge download,url_only
,https://images.dealersync.com/3067/Photos/1577666/wm_15dce3bff6e14086a2a7ac024698b870_1577666.jpg,https://www.carfam.com/pre-owned-cars/detail/2019-Ford-Super-Duty-F-250-SRW/1577666,inventory,,,,,URL only; full vehicle galleries recorded to avoid huge download,url_only
,https://images.dealersync.com/3067/Photos/1577666/20260903194348027_1788464627.jpg,https://www.carfam.com/pre-owned-cars/detail/2019-Ford-Super-Duty-F-250-SRW/1577666,inventory,,,,,URL only; full vehicle galleries recorded to avoid huge download,url_only
,https://images.dealersync.com/3067/Photos/1577666/20260903194421513_1788464660.jpg,https://www.carfam.com/pre-owned-cars/detail/2019-Ford-Super-Duty-F-250-SRW/1577666,inventory,,,,,URL only; full vehicle galleries recorded to avoid huge download,url_only
,https://images.dealersync.com/3067/Photos/1577666/20260903194428585_1788464668.jpg,https://www.carfam.com/pre-owned-cars/detail/2019-Ford-Super-Duty-F-250-SRW/1577666,inventory,,,,,URL only; full vehicle galleries recorded to avoid huge download,url_only
,https://images.dealersync.com/3067/Photos/1577666/20260903194439622_1788464679.jpg,https://www.carfam.com/pre-owned-cars/detail/2019-Ford-Super-Duty-F-250-SRW/1577666,inventory,,,,,URL only; full vehicle galleries recorded to avoid huge download,url_only
,https://images.dealersync.com/3067/Photos/1577666/20260903194452955_1788464692.jpg,https://www.carfam.com/pre-owned-cars/detail/2019-Ford-Super-Duty-F-250-SRW/1577666,inventory,,,,,URL only; full vehicle galleries recorded to avoid huge download,url_only
,https://images.dealersync.com/3067/Photos/1577666/20260903194508486_1788464708.jpg,https://www.carfam.com/pre-owned-cars/detail/2019-Ford-Super-Duty-F-250-SRW/1577666,inventory,,,,,URL only; full vehicle galleries recorded to avoid huge download,url_only
,https://images.dealersync.com/3067/Photos/1577666/20260903194519634_1788464719.jpg,https://www.carfam.com/pre-owned-cars/detail/2019-Ford-Super-Duty-F-250-SRW/1577666,inventory,,,,,URL only; full vehicle galleries recorded to avoid huge download,url_only
,https://images.dealersync.com/3067/Photos/1577666/20260903194530485_1788464730.jpg,https://www.carfam.com/pre-owned-cars/detail/2019-Ford-Super-Duty-F-250-SRW/1577666,inventory,,,,,URL only; full vehicle galleries recorded to avoid huge download,url_only
,https://images.dealersync.com/3067/Photos/1577666/20260903194538322_1788464738.jpg,https://www.carfam.com/pre-owned-cars/detail/2019-Ford-Super-Duty-F-250-SRW/1577666,inventory,,,,,URL only; full vehicle galleries recorded to avoid huge download,url_only
,https://images.dealersync.com/3067/Photos/1577666/20260903194610332_1788464769.jpg,https://www.carfam.com/pre-owned-cars/detail/2019-Ford-Super-Duty-F-250-SRW/1577666,inventory,,,,,URL only; full vehicle galleries recorded to avoid huge download,url_only
,https://images.dealersync.com/3067/Photos/1577666/20260903194632579_1788464792.jpg,https://www.carfam.com/pre-owned-cars/detail/2019-Ford-Super-Duty-F-250-SRW/1577666,inventory,,,,,URL only; full vehicle galleries recorded to avoid huge download,url_only
,https://images.dealersync.com/3067/Photos/1577666/20260903194638916_1788464798.jpg,https://www.carfam.com/pre-owned-cars/detail/2019-Ford-Super-Duty-F-250-SRW/1577666,inventory,,,,,URL only; full vehicle galleries recorded to avoid huge download,url_only
,https://images.dealersync.com/3067/Photos/1577666/20260903194648406_1788464807.jpg,https://www.carfam.com/pre-owned-cars/detail/2019-Ford-Super-Duty-F-250-SRW/1577666,inventory,,,,,URL only; full vehicle galleries recorded to avoid huge download,url_only
,https://images.dealersync.com/3067/Photos/1577666/20260903194709971_1788464829.jpg,https://www.carfam.com/pre-owned-cars/detail/2019-Ford-Super-Duty-F-250-SRW/1577666,inventory,,,,,URL only; full vehicle galleries recorded to avoid huge download,url_only
,https://images.dealersync.com/3067/Photos/1577666/20260903194715325_1788464835.jpg,https://www.carfam.com/pre-owned-cars/detail/2019-Ford-Super-Duty-F-250-SRW/1577666,inventory,,,,,URL only; full vehicle galleries recorded to avoid huge download,url_only
,https://images.dealersync.com/3067/Photos/1577666/20260903194727718_1788464847.jpg,https://www.carfam.com/pre-owned-cars/detail/2019-Ford-Super-Duty-F-250-SRW/1577666,inventory,,,,,URL only; full vehicle galleries recorded to avoid huge download,url_only
,https://images.dealersync.com/3067/Photos/1577666/20260903194733145_1788464852.jpg,https://www.carfam.com/pre-owned-cars/detail/2019-Ford-Super-Duty-F-250-SRW/1577666,inventory,,,,,URL only; full vehicle galleries recorded to avoid huge download,url_only
,https://images.dealersync.com/3067/Photos/1577666/20260903194740281_1788464859.jpg,https://www.carfam.com/pre-owned-cars/detail/2019-Ford-Super-Duty-F-250-SRW/1577666,inventory,,,,,URL only; full vehicle galleries recorded to avoid huge download,url_only
,https://images.dealersync.com/3067/Photos/1577666/20260903194759549_1788464879.jpg,https://www.carfam.com/pre-owned-cars/detail/2019-Ford-Super-Duty-F-250-SRW/1577666,inventory,,,,,URL only; full vehicle galleries recorded to avoid huge download,url_only
,https://images.dealersync.com/3067/Photos/1577666/20260903194805395_1788464885.jpg,https://www.carfam.com/pre-owned-cars/detail/2019-Ford-Super-Duty-F-250-SRW/1577666,inventory,,,,,URL only; full vehicle galleries recorded to avoid huge download,url_only
,https://images.dealersync.com/3067/Photos/1577666/20260903194817911_1788464897.jpg,https://www.carfam.com/pre-owned-cars/detail/2019-Ford-Super-Duty-F-250-SRW/1577666,inventory,,,,,URL only; full vehicle galleries recorded to avoid huge download,url_only
,https://images.dealersync.com/3067/Photos/1577666/20260903194823186_1788464902.jpg,https://www.carfam.com/pre-owned-cars/detail/2019-Ford-Super-Duty-F-250-SRW/1577666,inventory,,,,,URL only; full vehicle galleries recorded to avoid huge download,url_only
,https://images.dealersync.com/3067/Photos/1577666/20260903194830771_1788464910.jpg,https://www.carfam.com/pre-owned-cars/detail/2019-Ford-Super-Duty-F-250-SRW/1577666,inventory,,,,,URL only; full vehicle galleries recorded to avoid huge download,url_only
,https://images.dealersync.com/3067/Photos/1577666/20260903194848162_1788464927.jpg,https://www.carfam.com/pre-owned-cars/detail/2019-Ford-Super-Duty-F-250-SRW/1577666,inventory,,,,,URL only; full vehicle galleries recorded to avoid huge download,url_only
,https://images.dealersync.com/3067/Photos/1577666/20260903195007184_1788465006.jpg,https://www.carfam.com/pre-owned-cars/detail/2019-Ford-Super-Duty-F-250-SRW/1577666,inventory,,,,,URL only; full vehicle galleries recorded to avoid huge download,url_only
,https://images.dealersync.com/3067/Photos/1577666/20260903194856262_1788464935.jpg,https://www.carfam.com/pre-owned-cars/detail/2019-Ford-Super-Duty-F-250-SRW/1577666,inventory,,,,,URL only; full vehicle galleries recorded to avoid huge download,url_only
,https://images.dealersync.com/3067/Photos/1577666/20260903194926572_1788464966.jpg,https://www.carfam.com/pre-owned-cars/detail/2019-Ford-Super-Duty-F-250-SRW/1577666,inventory,,,,,URL only; full vehicle galleries recorded to avoid huge download,url_only
,https://images.dealersync.com/3067/Photos/1577666/20260903194933326_1788464972.jpg,https://www.carfam.com/pre-owned-cars/detail/2019-Ford-Super-Duty-F-250-SRW/1577666,inventory,,,,,URL only; full vehicle galleries recorded to avoid huge download,url_only
,https://images.dealersync.com/3067/Photos/1577666/20260903194939347_1788464978.jpg,https://www.carfam.com/pre-owned-cars/detail/2019-Ford-Super-Duty-F-250-SRW/1577666,inventory,,,,,URL only; full vehicle galleries recorded to avoid huge download,url_only
,https://images.dealersync.com/3067/Photos/1577666/20260903194945876_1788464985.jpg,https://www.carfam.com/pre-owned-cars/detail/2019-Ford-Super-Duty-F-250-SRW/1577666,inventory,,,,,URL only; full vehicle galleries recorded to avoid huge download,url_only
,https://images.dealersync.com/3067/Photos/1577686/wm_daefe4c3b28b4a91b9a85c963877655c_1577686.jpg,https://www.carfam.com/pre-owned-cars/detail/2017-Chevrolet-Silverado-1500/1577686,inventory,,,,,URL only; full vehicle galleries recorded to avoid huge download,url_only
,https://images.dealersync.com/3067/Photos/1577686/20260905000724883_1788566844.jpg,https://www.carfam.com/pre-owned-cars/detail/2017-Chevrolet-Silverado-1500/1577686,inventory,,,,,URL only; full vehicle galleries recorded to avoid huge download,url_only
,https://images.dealersync.com/3067/Photos/1577686/20260905000738308_1788566858.jpg,https://www.carfam.com/pre-owned-cars/detail/2017-Chevrolet-Silverado-1500/1577686,inventory,,,,,URL only; full vehicle galleries recorded to avoid huge download,url_only
,https://images.dealersync.com/3067/Photos/1577686/20260905000747273_1788566867.jpg,https://www.carfam.com/pre-owned-cars/detail/2017-Chevrolet-Silverado-1500/1577686,inventory,,,,,URL only; full vehicle galleries recorded to avoid huge download,url_only
,https://images.dealersync.com/3067/Photos/1577686/20260905000758165_1788566877.jpg,https://www.carfam.com/pre-owned-cars/detail/2017-Chevrolet-Silverado-1500/1577686,inventory,,,,,URL only; full vehicle galleries recorded to avoid huge download,url_only
,https://images.dealersync.com/3067/Photos/1577686/20260905000817170_1788566896.jpg,https://www.carfam.com/pre-owned-cars/detail/2017-Chevrolet-Silverado-1500/1577686,inventory,,,,,URL only; full vehicle galleries recorded to avoid huge download,url_only
,https://images.dealersync.com/3067/Photos/1577686/20260905000832769_1788566912.jpg,https://www.carfam.com/pre-owned-cars/detail/2017-Chevrolet-Silverado-1500/1577686,inventory,,,,,URL only; full vehicle galleries recorded to avoid huge download,url_only
,https://images.dealersync.com/3067/Photos/1577686/20260905000839592_1788566919.jpg,https://www.carfam.com/pre-owned-cars/detail/2017-Chevrolet-Silverado-1500/1577686,inventory,,,,,URL only; full vehicle galleries recorded to avoid huge download,url_only
,https://images.dealersync.com/3067/Photos/1577686/20260905000854207_1788566933.jpg,https://www.carfam.com/pre-owned-cars/detail/2017-Chevrolet-Silverado-1500/1577686,inventory,,,,,URL only; full vehicle galleries recorded to avoid huge download,url_only
,https://images.dealersync.com/3067/Photos/1577686/20260905000912467_1788566952.jpg,https://www.carfam.com/pre-owned-cars/detail/2017-Chevrolet-Silverado-1500/1577686,inventory,,,,,URL only; full vehicle galleries recorded to avoid huge download,url_only
,https://images.dealersync.com/3067/Photos/1577686/20260905001015239_1788567014.jpg,https://www.carfam.com/pre-owned-cars/detail/2017-Chevrolet-Silverado-1500/1577686,inventory,,,,,URL only; full vehicle galleries recorded to avoid huge download,url_only
,https://images.dealersync.com/3067/Photos/1577686/20260905001020670_1788567020.jpg,https://www.carfam.com/pre-owned-cars/detail/2017-Chevrolet-Silverado-1500/1577686,inventory,,,,,URL only; full vehicle galleries recorded to avoid huge download,url_only
,https://images.dealersync.com/3067/Photos/1577686/20260905001046162_1788567045.jpg,https://www.carfam.com/pre-owned-cars/detail/2017-Chevrolet-Silverado-1500/1577686,inventory,,,,,URL only; full vehicle galleries recorded to avoid huge download,url_only
,https://images.dealersync.com/3067/Photos/1577686/20260905001051846_1788567051.jpg,https://www.carfam.com/pre-owned-cars/detail/2017-Chevrolet-Silverado-1500/1577686,inventory,,,,,URL only; full vehicle galleries recorded to avoid huge download,url_only
,https://images.dealersync.com/3067/Photos/1577686/20260905001104636_1788567064.jpg,https://www.carfam.com/pre-owned-cars/detail/2017-Chevrolet-Silverado-1500/1577686,inventory,,,,,URL only; full vehicle galleries recorded to avoid huge download,url_only
,https://images.dealersync.com/3067/Photos/1577686/20260905001114249_1788567074.jpg,https://www.carfam.com/pre-owned-cars/detail/2017-Chevrolet-Silverado-1500/1577686,inventory,,,,,URL only; full vehicle galleries recorded to avoid huge download,url_only
,https://images.dealersync.com/3067/Photos/1577686/20260905001120076_1788567079.jpg,https://www.carfam.com/pre-owned-cars/detail/2017-Chevrolet-Silverado-1500/1577686,inventory,,,,,URL only; full vehicle galleries recorded to avoid huge download,url_only
,https://images.dealersync.com/3067/Photos/1577686/20260905001138916_1788567098.jpg,https://www.carfam.com/pre-owned-cars/detail/2017-Chevrolet-Silverado-1500/1577686,inventory,,,,,URL only; full vehicle galleries recorded to avoid huge download,url_only
,https://images.dealersync.com/3067/Photos/1577686/20260905001143971_1788567103.jpg,https://www.carfam.com/pre-owned-cars/detail/2017-Chevrolet-Silverado-1500/1577686,inventory,,,,,URL only; full vehicle galleries recorded to avoid huge download,url_only
,https://images.dealersync.com/3067/Photos/1577686/20260905001156742_1788567116.jpg,https://www.carfam.com/pre-owned-cars/detail/2017-Chevrolet-Silverado-1500/1577686,inventory,,,,,URL only; full vehicle galleries recorded to avoid huge download,url_only
,https://images.dealersync.com/3067/Photos/1577686/20260905001205441_1788567124.jpg,https://www.carfam.com/pre-owned-cars/detail/2017-Chevrolet-Silverado-1500/1577686,inventory,,,,,URL only; full vehicle galleries recorded to avoid huge download,url_only
,https://images.dealersync.com/3067/Photos/1577686/20260905001209898_1788567129.jpg,https://www.carfam.com/pre-owned-cars/detail/2017-Chevrolet-Silverado-1500/1577686,inventory,,,,,URL only; full vehicle galleries recorded to avoid huge download,url_only
,https://images.dealersync.com/3067/Photos/1577686/20260905001220887_1788567140.jpg,https://www.carfam.com/pre-owned-cars/detail/2017-Chevrolet-Silverado-1500/1577686,inventory,,,,,URL only; full vehicle galleries recorded to avoid huge download,url_only
,https://images.dealersync.com/3067/Photos/1577686/20260905001339998_1788567219.jpg,https://www.carfam.com/pre-owned-cars/detail/2017-Chevrolet-Silverado-1500/1577686,inventory,,,,,URL only; full vehicle galleries recorded to avoid huge download,url_only
,https://images.dealersync.com/3067/Photos/1577686/20260905001226509_1788567146.jpg,https://www.carfam.com/pre-owned-cars/detail/2017-Chevrolet-Silverado-1500/1577686,inventory,,,,,URL only; full vehicle galleries recorded to avoid huge download,url_only
,https://images.dealersync.com/3067/Photos/1577686/20260905001252566_1788567172.jpg,https://www.carfam.com/pre-owned-cars/detail/2017-Chevrolet-Silverado-1500/1577686,inventory,,,,,URL only; full vehicle galleries recorded to avoid huge download,url_only
,https://images.dealersync.com/3067/Photos/1577686/20260905001301096_1788567180.jpg,https://www.carfam.com/pre-owned-cars/detail/2017-Chevrolet-Silverado-1500/1577686,inventory,,,,,URL only; full vehicle galleries recorded to avoid huge download,url_only
,https://images.dealersync.com/3067/Photos/1577686/20260905001310248_1788567189.jpg,https://www.carfam.com/pre-owned-cars/detail/2017-Chevrolet-Silverado-1500/1577686,inventory,,,,,URL only; full vehicle galleries recorded to avoid huge download,url_only
,https://images.dealersync.com/3067/Photos/1579073/wm_d8c5c04555534214b72b7972d4808213_1579073.jpg,https://www.carfam.com/pre-owned-cars/detail/2020-Lexus-UX-250h/1579073,inventory,,,,,URL only; full vehicle galleries recorded to avoid huge download,url_only
,https://images.dealersync.com/3067/Photos/1579073/20260918234853396_1789775333.jpg,https://www.carfam.com/pre-owned-cars/detail/2020-Lexus-UX-250h/1579073,inventory,,,,,URL only; full vehicle galleries recorded to avoid huge download,url_only
,https://images.dealersync.com/3067/Photos/1579073/20260918234912233_1789775351.jpg,https://www.carfam.com/pre-owned-cars/detail/2020-Lexus-UX-250h/1579073,inventory,,,,,URL only; full vehicle galleries recorded to avoid huge download,url_only
,https://images.dealersync.com/3067/Photos/1579073/20260918234923181_1789775362.jpg,https://www.carfam.com/pre-owned-cars/detail/2020-Lexus-UX-250h/1579073,inventory,,,,,URL only; full vehicle galleries recorded to avoid huge download,url_only
,https://images.dealersync.com/3067/Photos/1579073/20260918234931790_1789775371.jpg,https://www.carfam.com/pre-owned-cars/detail/2020-Lexus-UX-250h/1579073,inventory,,,,,URL only; full vehicle galleries recorded to avoid huge download,url_only
,https://images.dealersync.com/3067/Photos/1579073/20260918234954273_1789775393.jpg,https://www.carfam.com/pre-owned-cars/detail/2020-Lexus-UX-250h/1579073,inventory,,,,,URL only; full vehicle galleries recorded to avoid huge download,url_only
,https://images.dealersync.com/3067/Photos/1579073/20260918235017934_1789775417.jpg,https://www.carfam.com/pre-owned-cars/detail/2020-Lexus-UX-250h/1579073,inventory,,,,,URL only; full vehicle galleries recorded to avoid huge download,url_only
,https://images.dealersync.com/3067/Photos/1579073/20260918235029911_1789775429.jpg,https://www.carfam.com/pre-owned-cars/detail/2020-Lexus-UX-250h/1579073,inventory,,,,,URL only; full vehicle galleries recorded to avoid huge download,url_only
,https://images.dealersync.com/3067/Photos/1579073/20260918235105121_1789775464.jpg,https://www.carfam.com/pre-owned-cars/detail/2020-Lexus-UX-250h/1579073,inventory,,,,,URL only; full vehicle galleries recorded to avoid huge download,url_only
,https://images.dealersync.com/3067/Photos/1579073/20260918235120378_1789775479.jpg,https://www.carfam.com/pre-owned-cars/detail/2020-Lexus-UX-250h/1579073,inventory,,,,,URL only; full vehicle galleries recorded to avoid huge download,url_only
,https://images.dealersync.com/3067/Photos/1579073/20260918235133402_1789775493.jpg,https://www.carfam.com/pre-owned-cars/detail/2020-Lexus-UX-250h/1579073,inventory,,,,,URL only; full vehicle galleries recorded to avoid huge download,url_only
,https://images.dealersync.com/3067/Photos/1579073/20260918235139580_1789775499.jpg,https://www.carfam.com/pre-owned-cars/detail/2020-Lexus-UX-250h/1579073,inventory,,,,,URL only; full vehicle galleries recorded to avoid huge download,url_only
,https://images.dealersync.com/3067/Photos/1579073/20260918235204678_1789775524.jpg,https://www.carfam.com/pre-owned-cars/detail/2020-Lexus-UX-250h/1579073,inventory,,,,,URL only; full vehicle galleries recorded to avoid huge download,url_only
,https://images.dealersync.com/3067/Photos/1579073/20260918235212866_1789775532.jpg,https://www.carfam.com/pre-owned-cars/detail/2020-Lexus-UX-250h/1579073,inventory,,,,,URL only; full vehicle galleries recorded to avoid huge download,url_only
,https://images.dealersync.com/3067/Photos/1579073/20260918235225987_1789775545.jpg,https://www.carfam.com/pre-owned-cars/detail/2020-Lexus-UX-250h/1579073,inventory,,,,,URL only; full vehicle galleries recorded to avoid huge download,url_only
,https://images.dealersync.com/3067/Photos/1579073/20260918235234726_1789775554.jpg,https://www.carfam.com/pre-owned-cars/detail/2020-Lexus-UX-250h/1579073,inventory,,,,,URL only; full vehicle galleries recorded to avoid huge download,url_only
,https://images.dealersync.com/3067/Photos/1579073/20260918235244549_1789775564.jpg,https://www.carfam.com/pre-owned-cars/detail/2020-Lexus-UX-250h/1579073,inventory,,,,,URL only; full vehicle galleries recorded to avoid huge download,url_only
,https://images.dealersync.com/3067/Photos/1579073/20260918235305178_1789775584.jpg,https://www.carfam.com/pre-owned-cars/detail/2020-Lexus-UX-250h/1579073,inventory,,,,,URL only; full vehicle galleries recorded to avoid huge download,url_only
,https://images.dealersync.com/3067/Photos/1579073/20260918235315929_1789775595.jpg,https://www.carfam.com/pre-owned-cars/detail/2020-Lexus-UX-250h/1579073,inventory,,,,,URL only; full vehicle galleries recorded to avoid huge download,url_only
,https://images.dealersync.com/3067/Photos/1579073/20260918235339196_1789775618.jpg,https://www.carfam.com/pre-owned-cars/detail/2020-Lexus-UX-250h/1579073,inventory,,,,,URL only; full vehicle galleries recorded to avoid huge download,url_only
,https://images.dealersync.com/3067/Photos/1579073/20260918235344959_1789775624.jpg,https://www.carfam.com/pre-owned-cars/detail/2020-Lexus-UX-250h/1579073,inventory,,,,,URL only; full vehicle galleries recorded to avoid huge download,url_only
,https://images.dealersync.com/3067/Photos/1579073/20260918235359368_1789775638.jpg,https://www.carfam.com/pre-owned-cars/detail/2020-Lexus-UX-250h/1579073,inventory,,,,,URL only; full vehicle galleries recorded to avoid huge download,url_only
,https://images.dealersync.com/3067/Photos/1579073/20260918235411240_1789775650.jpg,https://www.carfam.com/pre-owned-cars/detail/2020-Lexus-UX-250h/1579073,inventory,,,,,URL only; full vehicle galleries recorded to avoid huge download,url_only
,https://images.dealersync.com/3067/Photos/1579073/20260918235627956_1789775787.jpg,https://www.carfam.com/pre-owned-cars/detail/2020-Lexus-UX-250h/1579073,inventory,,,,,URL only; full vehicle galleries recorded to avoid huge download,url_only
,https://images.dealersync.com/3067/Photos/1579073/20260918235421354_1789775660.jpg,https://www.carfam.com/pre-owned-cars/detail/2020-Lexus-UX-250h/1579073,inventory,,,,,URL only; full vehicle galleries recorded to avoid huge download,url_only
,https://images.dealersync.com/3067/Photos/1579073/20260918235444665_1789775684.jpg,https://www.carfam.com/pre-owned-cars/detail/2020-Lexus-UX-250h/1579073,inventory,,,,,URL only; full vehicle galleries recorded to avoid huge download,url_only
,https://images.dealersync.com/3067/Photos/1579073/20260918235451704_1789775691.jpg,https://www.carfam.com/pre-owned-cars/detail/2020-Lexus-UX-250h/1579073,inventory,,,,,URL only; full vehicle galleries recorded to avoid huge download,url_only
,https://images.dealersync.com/3067/Photos/1579073/20260918235457499_1789775697.jpg,https://www.carfam.com/pre-owned-cars/detail/2020-Lexus-UX-250h/1579073,inventory,,,,,URL only; full vehicle galleries recorded to avoid huge download,url_only
,https://images.dealersync.com/3067/Photos/1579073/20260918235510406_1789775710.jpg,https://www.carfam.com/pre-owned-cars/detail/2020-Lexus-UX-250h/1579073,inventory,,,,,URL only; full vehicle galleries recorded to avoid huge download,url_only
,https://images.dealersync.com/3067/Photos/1580530/wm_2822b382996a4b03a32c3cb0851ca67b_1580530.jpg,https://www.carfam.com/pre-owned-cars/detail/2021-Kia-K5/1580530,inventory,,,,,URL only; full vehicle galleries recorded to avoid huge download,url_only
,https://images.dealersync.com/3067/Photos/1580530/20260915002626505_1789431986.jpg,https://www.carfam.com/pre-owned-cars/detail/2021-Kia-K5/1580530,inventory,,,,,URL only; full vehicle galleries recorded to avoid huge download,url_only
,https://images.dealersync.com/3067/Photos/1580530/20260915002640724_1789432000.jpg,https://www.carfam.com/pre-owned-cars/detail/2021-Kia-K5/1580530,inventory,,,,,URL only; full vehicle galleries recorded to avoid huge download,url_only
,https://images.dealersync.com/3067/Photos/1580530/20260915002653386_1789432013.jpg,https://www.carfam.com/pre-owned-cars/detail/2021-Kia-K5/1580530,inventory,,,,,URL only; full vehicle galleries recorded to avoid huge download,url_only
,https://images.dealersync.com/3067/Photos/1580530/20260915002704887_1789432024.jpg,https://www.carfam.com/pre-owned-cars/detail/2021-Kia-K5/1580530,inventory,,,,,URL only; full vehicle galleries recorded to avoid huge download,url_only
,https://images.dealersync.com/3067/Photos/1580530/20260915002722065_1789432041.jpg,https://www.carfam.com/pre-owned-cars/detail/2021-Kia-K5/1580530,inventory,,,,,URL only; full vehicle galleries recorded to avoid huge download,url_only
,https://images.dealersync.com/3067/Photos/1580530/20260915002738214_1789432057.jpg,https://www.carfam.com/pre-owned-cars/detail/2021-Kia-K5/1580530,inventory,,,,,URL only; full vehicle galleries recorded to avoid huge download,url_only
,https://images.dealersync.com/3067/Photos/1580530/20260915002746141_1789432065.jpg,https://www.carfam.com/pre-owned-cars/detail/2021-Kia-K5/1580530,inventory,,,,,URL only; full vehicle galleries recorded to avoid huge download,url_only
,https://images.dealersync.com/3067/Photos/1580530/20260915002758447_1789432078.jpg,https://www.carfam.com/pre-owned-cars/detail/2021-Kia-K5/1580530,inventory,,,,,URL only; full vehicle galleries recorded to avoid huge download,url_only
,https://images.dealersync.com/3067/Photos/1580530/20260915002821068_1789432100.jpg,https://www.carfam.com/pre-owned-cars/detail/2021-Kia-K5/1580530,inventory,,,,,URL only; full vehicle galleries recorded to avoid huge download,url_only
,https://images.dealersync.com/3067/Photos/1580530/20260915002831957_1789432111.jpg,https://www.carfam.com/pre-owned-cars/detail/2021-Kia-K5/1580530,inventory,,,,,URL only; full vehicle galleries recorded to avoid huge download,url_only
,https://images.dealersync.com/3067/Photos/1580530/20260915002839310_1789432118.jpg,https://www.carfam.com/pre-owned-cars/detail/2021-Kia-K5/1580530,inventory,,,,,URL only; full vehicle galleries recorded to avoid huge download,url_only
,https://images.dealersync.com/3067/Photos/1580530/20260915002855795_1789432135.jpg,https://www.carfam.com/pre-owned-cars/detail/2021-Kia-K5/1580530,inventory,,,,,URL only; full vehicle galleries recorded to avoid huge download,url_only
,https://images.dealersync.com/3067/Photos/1580530/20260915002902248_1789432142.jpg,https://www.carfam.com/pre-owned-cars/detail/2021-Kia-K5/1580530,inventory,,,,,URL only; full vehicle galleries recorded to avoid huge download,url_only
,https://images.dealersync.com/3067/Photos/1580530/20260915002930351_1789432170.jpg,https://www.carfam.com/pre-owned-cars/detail/2021-Kia-K5/1580530,inventory,,,,,URL only; full vehicle galleries recorded to avoid huge download,url_only
,https://images.dealersync.com/3067/Photos/1580530/20260915002937538_1789432176.jpg,https://www.carfam.com/pre-owned-cars/detail/2021-Kia-K5/1580530,inventory,,,,,URL only; full vehicle galleries recorded to avoid huge download,url_only
,https://images.dealersync.com/3067/Photos/1580530/20260915002959098_1789432198.jpg,https://www.carfam.com/pre-owned-cars/detail/2021-Kia-K5/1580530,inventory,,,,,URL only; full vehicle galleries recorded to avoid huge download,url_only
,https://images.dealersync.com/3067/Photos/1580530/20260915003014163_1789432213.jpg,https://www.carfam.com/pre-owned-cars/detail/2021-Kia-K5/1580530,inventory,,,,,URL only; full vehicle galleries recorded to avoid huge download,url_only
,https://images.dealersync.com/3067/Photos/1580530/20260915003019760_1789432219.jpg,https://www.carfam.com/pre-owned-cars/detail/2021-Kia-K5/1580530,inventory,,,,,URL only; full vehicle galleries recorded to avoid huge download,url_only
,https://images.dealersync.com/3067/Photos/1580530/20260915003311712_1789432390.jpg,https://www.carfam.com/pre-owned-cars/detail/2021-Kia-K5/1580530,inventory,,,,,URL only; full vehicle galleries recorded to avoid huge download,url_only
,https://images.dealersync.com/3067/Photos/1580530/20260915003321058_1789432400.jpg,https://www.carfam.com/pre-owned-cars/detail/2021-Kia-K5/1580530,inventory,,,,,URL only; full vehicle galleries recorded to avoid huge download,url_only
,https://images.dealersync.com/3067/Photos/1580530/20260915003327472_1789432407.jpg,https://www.carfam.com/pre-owned-cars/detail/2021-Kia-K5/1580530,inventory,,,,,URL only; full vehicle galleries recorded to avoid huge download,url_only
,https://images.dealersync.com/3067/Photos/1580530/20260915003338043_1789432417.jpg,https://www.carfam.com/pre-owned-cars/detail/2021-Kia-K5/1580530,inventory,,,,,URL only; full vehicle galleries recorded to avoid huge download,url_only
,https://images.dealersync.com/3067/Photos/1580530/20260915003531988_1789432531.jpg,https://www.carfam.com/pre-owned-cars/detail/2021-Kia-K5/1580530,inventory,,,,,URL only; full vehicle galleries recorded to avoid huge download,url_only
,https://images.dealersync.com/3067/Photos/1580530/20260915003351336_1789432431.jpg,https://www.carfam.com/pre-owned-cars/detail/2021-Kia-K5/1580530,inventory,,,,,URL only; full vehicle galleries recorded to avoid huge download,url_only
,https://images.dealersync.com/3067/Photos/1580530/20260915003402754_1789432442.jpg,https://www.carfam.com/pre-owned-cars/detail/2021-Kia-K5/1580530,inventory,,,,,URL only; full vehicle galleries recorded to avoid huge download,url_only
,https://images.dealersync.com/3067/Photos/1580530/20260915003454672_1789432493.jpg,https://www.carfam.com/pre-owned-cars/detail/2021-Kia-K5/1580530,inventory,,,,,URL only; full vehicle galleries recorded to avoid huge download,url_only
,https://images.dealersync.com/3067/Photos/1580530/20260915003500854_1789432500.jpg,https://www.carfam.com/pre-owned-cars/detail/2021-Kia-K5/1580530,inventory,,,,,URL only; full vehicle galleries recorded to avoid huge download,url_only
,https://images.dealersync.com/3067/Photos/1580530/20260915003515930_1789432515.jpg,https://www.carfam.com/pre-owned-cars/detail/2021-Kia-K5/1580530,inventory,,,,,URL only; full vehicle galleries recorded to avoid huge download,url_only
,https://images.dealersync.com/3067/Photos/1580644/wm_718b76306f384b93856ade34eb5e0685_1580644.jpg,https://www.carfam.com/pre-owned-cars/detail/2022-Toyota-Tacoma-2WD/1580644,inventory,,,,,URL only; full vehicle galleries recorded to avoid huge download,url_only
,https://images.dealersync.com/3067/Photos/1580644/20260911232830117_1789169309.jpg,https://www.carfam.com/pre-owned-cars/detail/2022-Toyota-Tacoma-2WD/1580644,inventory,,,,,URL only; full vehicle galleries recorded to avoid huge download,url_only
,https://images.dealersync.com/3067/Photos/1580644/20260911232853532_1789169333.jpg,https://www.carfam.com/pre-owned-cars/detail/2022-Toyota-Tacoma-2WD/1580644,inventory,,,,,URL only; full vehicle galleries recorded to avoid huge download,url_only
,https://images.dealersync.com/3067/Photos/1580644/20260911232905546_1789169345.jpg,https://www.carfam.com/pre-owned-cars/detail/2022-Toyota-Tacoma-2WD/1580644,inventory,,,,,URL only; full vehicle galleries recorded to avoid huge download,url_only
,https://images.dealersync.com/3067/Photos/1580644/20260911232920263_1789169359.jpg,https://www.carfam.com/pre-owned-cars/detail/2022-Toyota-Tacoma-2WD/1580644,inventory,,,,,URL only; full vehicle galleries recorded to avoid huge download,url_only
,https://images.dealersync.com/3067/Photos/1580644/20260911232934927_1789169374.jpg,https://www.carfam.com/pre-owned-cars/detail/2022-Toyota-Tacoma-2WD/1580644,inventory,,,,,URL only; full vehicle galleries recorded to avoid huge download,url_only
,https://images.dealersync.com/3067/Photos/1580644/20260911232956684_1789169395.jpg,https://www.carfam.com/pre-owned-cars/detail/2022-Toyota-Tacoma-2WD/1580644,inventory,,,,,URL only; full vehicle galleries recorded to avoid huge download,url_only
,https://images.dealersync.com/3067/Photos/1580644/20260911233002485_1789169402.jpg,https://www.carfam.com/pre-owned-cars/detail/2022-Toyota-Tacoma-2WD/1580644,inventory,,,,,URL only; full vehicle galleries recorded to avoid huge download,url_only
,https://images.dealersync.com/3067/Photos/1580644/20260911233024567_1789169424.jpg,https://www.carfam.com/pre-owned-cars/detail/2022-Toyota-Tacoma-2WD/1580644,inventory,,,,,URL only; full vehicle galleries recorded to avoid huge download,url_only
,https://images.dealersync.com/3067/Photos/1580644/20260911233031264_1789169430.jpg,https://www.carfam.com/pre-owned-cars/detail/2022-Toyota-Tacoma-2WD/1580644,inventory,,,,,URL only; full vehicle galleries recorded to avoid huge download,url_only
,https://images.dealersync.com/3067/Photos/1580644/20260911233046612_1789169446.jpg,https://www.carfam.com/pre-owned-cars/detail/2022-Toyota-Tacoma-2WD/1580644,inventory,,,,,URL only; full vehicle galleries recorded to avoid huge download,url_only
,https://images.dealersync.com/3067/Photos/1580644/20260911233052802_1789169452.jpg,https://www.carfam.com/pre-owned-cars/detail/2022-Toyota-Tacoma-2WD/1580644,inventory,,,,,URL only; full vehicle galleries recorded to avoid huge download,url_only
,https://images.dealersync.com/3067/Photos/1580644/20260911233107607_1789169467.jpg,https://www.carfam.com/pre-owned-cars/detail/2022-Toyota-Tacoma-2WD/1580644,inventory,,,,,URL only; full vehicle galleries recorded to avoid huge download,url_only
,https://images.dealersync.com/3067/Photos/1580644/20260911233112463_1789169472.jpg,https://www.carfam.com/pre-owned-cars/detail/2022-Toyota-Tacoma-2WD/1580644,inventory,,,,,URL only; full vehicle galleries recorded to avoid huge download,url_only
,https://images.dealersync.com/3067/Photos/1580644/20260911233146413_1789169505.jpg,https://www.carfam.com/pre-owned-cars/detail/2022-Toyota-Tacoma-2WD/1580644,inventory,,,,,URL only; full vehicle galleries recorded to avoid huge download,url_only
,https://images.dealersync.com/3067/Photos/1580644/20260911233200379_1789169519.jpg,https://www.carfam.com/pre-owned-cars/detail/2022-Toyota-Tacoma-2WD/1580644,inventory,,,,,URL only; full vehicle galleries recorded to avoid huge download,url_only
,https://images.dealersync.com/3067/Photos/1580644/20260911233206592_1789169526.jpg,https://www.carfam.com/pre-owned-cars/detail/2022-Toyota-Tacoma-2WD/1580644,inventory,,,,,URL only; full vehicle galleries recorded to avoid huge download,url_only
,https://images.dealersync.com/3067/Photos/1580644/20260911233234233_1789169553.jpg,https://www.carfam.com/pre-owned-cars/detail/2022-Toyota-Tacoma-2WD/1580644,inventory,,,,,URL only; full vehicle galleries recorded to avoid huge download,url_only
,https://images.dealersync.com/3067/Photos/1580644/20260911233241429_1789169561.jpg,https://www.carfam.com/pre-owned-cars/detail/2022-Toyota-Tacoma-2WD/1580644,inventory,,,,,URL only; full vehicle galleries recorded to avoid huge download,url_only
,https://images.dealersync.com/3067/Photos/1580644/20260911233250075_1789169569.jpg,https://www.carfam.com/pre-owned-cars/detail/2022-Toyota-Tacoma-2WD/1580644,inventory,,,,,URL only; full vehicle galleries recorded to avoid huge download,url_only
,https://images.dealersync.com/3067/Photos/1580644/20260911233301928_1789169581.jpg,https://www.carfam.com/pre-owned-cars/detail/2022-Toyota-Tacoma-2WD/1580644,inventory,,,,,URL only; full vehicle galleries recorded to avoid huge download,url_only
,https://images.dealersync.com/3067/Photos/1580644/20260911233310668_1789169590.jpg,https://www.carfam.com/pre-owned-cars/detail/2022-Toyota-Tacoma-2WD/1580644,inventory,,,,,URL only; full vehicle galleries recorded to avoid huge download,url_only
,https://images.dealersync.com/3067/Photos/1580644/20260911233322665_1789169602.jpg,https://www.carfam.com/pre-owned-cars/detail/2022-Toyota-Tacoma-2WD/1580644,inventory,,,,,URL only; full vehicle galleries recorded to avoid huge download,url_only
,https://images.dealersync.com/3067/Photos/1580644/20260911233445886_1789169685.jpg,https://www.carfam.com/pre-owned-cars/detail/2022-Toyota-Tacoma-2WD/1580644,inventory,,,,,URL only; full vehicle galleries recorded to avoid huge download,url_only
,https://images.dealersync.com/3067/Photos/1580644/20260911233333522_1789169613.jpg,https://www.carfam.com/pre-owned-cars/detail/2022-Toyota-Tacoma-2WD/1580644,inventory,,,,,URL only; full vehicle galleries recorded to avoid huge download,url_only
,https://images.dealersync.com/3067/Photos/1580644/20260911233345985_1789169625.jpg,https://www.carfam.com/pre-owned-cars/detail/2022-Toyota-Tacoma-2WD/1580644,inventory,,,,,URL only; full vehicle galleries recorded to avoid huge download,url_only
,https://images.dealersync.com/3067/Photos/1580644/20260911233356817_1789169636.jpg,https://www.carfam.com/pre-owned-cars/detail/2022-Toyota-Tacoma-2WD/1580644,inventory,,,,,URL only; full vehicle galleries recorded to avoid huge download,url_only
,https://images.dealersync.com/3067/Photos/1580644/20260911233403712_1789169643.jpg,https://www.carfam.com/pre-owned-cars/detail/2022-Toyota-Tacoma-2WD/1580644,inventory,,,,,URL only; full vehicle galleries recorded to avoid huge download,url_only
,https://images.dealersync.com/3067/Photos/1580644/20260911233412073_1789169651.jpg,https://www.carfam.com/pre-owned-cars/detail/2022-Toyota-Tacoma-2WD/1580644,inventory,,,,,URL only; full vehicle galleries recorded to avoid huge download,url_only
,https://images.dealersync.com/3067/Photos/1580644/20260911233421345_1789169661.jpg,https://www.carfam.com/pre-owned-cars/detail/2022-Toyota-Tacoma-2WD/1580644,inventory,,,,,URL only; full vehicle galleries recorded to avoid huge download,url_only
,https://images.dealersync.com/3067/Photos/1581410/20260911170852325_1789146531.jpg,https://www.carfam.com/pre-owned-cars/detail/2019-BMW-7-Series/1581410,inventory,,,,,URL only; full vehicle galleries recorded to avoid huge download,url_only
,https://images.dealersync.com/3067/Photos/1581410/20260911170907351_1789146546.jpg,https://www.carfam.com/pre-owned-cars/detail/2019-BMW-7-Series/1581410,inventory,,,,,URL only; full vehicle galleries recorded to avoid huge download,url_only
,https://images.dealersync.com/3067/Photos/1581410/20260911170916267_1789146556.jpg,https://www.carfam.com/pre-owned-cars/detail/2019-BMW-7-Series/1581410,inventory,,,,,URL only; full vehicle galleries recorded to avoid huge download,url_only
,https://images.dealersync.com/3067/Photos/1581410/20260911170923771_1789146563.jpg,https://www.carfam.com/pre-owned-cars/detail/2019-BMW-7-Series/1581410,inventory,,,,,URL only; full vehicle galleries recorded to avoid huge download,url_only
,https://images.dealersync.com/3067/Photos/1581410/20260911170938734_1789146578.jpg,https://www.carfam.com/pre-owned-cars/detail/2019-BMW-7-Series/1581410,inventory,,,,,URL only; full vehicle galleries recorded to avoid huge download,url_only
,https://images.dealersync.com/3067/Photos/1581410/20260911170951917_1789146591.jpg,https://www.carfam.com/pre-owned-cars/detail/2019-BMW-7-Series/1581410,inventory,,,,,URL only; full vehicle galleries recorded to avoid huge download,url_only
,https://images.dealersync.com/3067/Photos/1581410/20260911171008332_1789146608.jpg,https://www.carfam.com/pre-owned-cars/detail/2019-BMW-7-Series/1581410,inventory,,,,,URL only; full vehicle galleries recorded to avoid huge download,url_only
,https://images.dealersync.com/3067/Photos/1581410/20260911171116131_1789146675.jpg,https://www.carfam.com/pre-owned-cars/detail/2019-BMW-7-Series/1581410,inventory,,,,,URL only; full vehicle galleries recorded to avoid huge download,url_only
,https://images.dealersync.com/3067/Photos/1581410/20260911171129363_1789146689.jpg,https://www.carfam.com/pre-owned-cars/detail/2019-BMW-7-Series/1581410,inventory,,,,,URL only; full vehicle galleries recorded to avoid huge download,url_only
,https://images.dealersync.com/3067/Photos/1581410/20260911171144715_1789146704.jpg,https://www.carfam.com/pre-owned-cars/detail/2019-BMW-7-Series/1581410,inventory,,,,,URL only; full vehicle galleries recorded to avoid huge download,url_only
,https://images.dealersync.com/3067/Photos/1581410/20260911171152774_1789146712.jpg,https://www.carfam.com/pre-owned-cars/detail/2019-BMW-7-Series/1581410,inventory,,,,,URL only; full vehicle galleries recorded to avoid huge download,url_only
,https://images.dealersync.com/3067/Photos/1581410/20260911171219678_1789146739.jpg,https://www.carfam.com/pre-owned-cars/detail/2019-BMW-7-Series/1581410,inventory,,,,,URL only; full vehicle galleries recorded to avoid huge download,url_only
,https://images.dealersync.com/3067/Photos/1581410/20260911171244580_1789146763.jpg,https://www.carfam.com/pre-owned-cars/detail/2019-BMW-7-Series/1581410,inventory,,,,,URL only; full vehicle galleries recorded to avoid huge download,url_only
,https://images.dealersync.com/3067/Photos/1581410/20260911171322609_1789146802.jpg,https://www.carfam.com/pre-owned-cars/detail/2019-BMW-7-Series/1581410,inventory,,,,,URL only; full vehicle galleries recorded to avoid huge download,url_only
,https://images.dealersync.com/3067/Photos/1581410/20260911171348850_1789146828.jpg,https://www.carfam.com/pre-owned-cars/detail/2019-BMW-7-Series/1581410,inventory,,,,,URL only; full vehicle galleries recorded to avoid huge download,url_only
,https://images.dealersync.com/3067/Photos/1581410/20260911171407478_1789146847.jpg,https://www.carfam.com/pre-owned-cars/detail/2019-BMW-7-Series/1581410,inventory,,,,,URL only; full vehicle galleries recorded to avoid huge download,url_only
,https://images.dealersync.com/3067/Photos/1581410/20260911171414657_1789146854.jpg,https://www.carfam.com/pre-owned-cars/detail/2019-BMW-7-Series/1581410,inventory,,,,,URL only; full vehicle galleries recorded to avoid huge download,url_only
,https://images.dealersync.com/3067/Photos/1581410/20260911171423897_1789146863.jpg,https://www.carfam.com/pre-owned-cars/detail/2019-BMW-7-Series/1581410,inventory,,,,,URL only; full vehicle galleries recorded to avoid huge download,url_only
,https://images.dealersync.com/3067/Photos/1581410/20260911171436790_1789146876.jpg,https://www.carfam.com/pre-owned-cars/detail/2019-BMW-7-Series/1581410,inventory,,,,,URL only; full vehicle galleries recorded to avoid huge download,url_only
,https://images.dealersync.com/3067/Photos/1581410/20260911171520167_1789146919.jpg,https://www.carfam.com/pre-owned-cars/detail/2019-BMW-7-Series/1581410,inventory,,,,,URL only; full vehicle galleries recorded to avoid huge download,url_only
,https://images.dealersync.com/3067/Photos/1581410/20260911171525638_1789146925.jpg,https://www.carfam.com/pre-owned-cars/detail/2019-BMW-7-Series/1581410,inventory,,,,,URL only; full vehicle galleries recorded to avoid huge download,url_only
,https://images.dealersync.com/3067/Photos/1581410/20260911171534129_1789146933.jpg,https://www.carfam.com/pre-owned-cars/detail/2019-BMW-7-Series/1581410,inventory,,,,,URL only; full vehicle galleries recorded to avoid huge download,url_only
,https://images.dealersync.com/3067/Photos/1581410/20260911171543922_1789146943.jpg,https://www.carfam.com/pre-owned-cars/detail/2019-BMW-7-Series/1581410,inventory,,,,,URL only; full vehicle galleries recorded to avoid huge download,url_only
,https://images.dealersync.com/3067/Photos/1581410/20260911171633542_1789146993.jpg,https://www.carfam.com/pre-owned-cars/detail/2019-BMW-7-Series/1581410,inventory,,,,,URL only; full vehicle galleries recorded to avoid huge download,url_only
,https://images.dealersync.com/3067/Photos/1581410/20260911171710562_1789147030.jpg,https://www.carfam.com/pre-owned-cars/detail/2019-BMW-7-Series/1581410,inventory,,,,,URL only; full vehicle galleries recorded to avoid huge download,url_only
,https://images.dealersync.com/3067/Photos/1581410/20260911171723282_1789147042.jpg,https://www.carfam.com/pre-owned-cars/detail/2019-BMW-7-Series/1581410,inventory,,,,,URL only; full vehicle galleries recorded to avoid huge download,url_only
,https://images.dealersync.com/3067/Photos/1581410/20260911171859348_1789147138.jpg,https://www.carfam.com/pre-owned-cars/detail/2019-BMW-7-Series/1581410,inventory,,,,,URL only; full vehicle galleries recorded to avoid huge download,url_only
,https://images.dealersync.com/3067/Photos/1581410/20260911171739394_1789147058.jpg,https://www.carfam.com/pre-owned-cars/detail/2019-BMW-7-Series/1581410,inventory,,,,,URL only; full vehicle galleries recorded to avoid huge download,url_only
,https://images.dealersync.com/3067/Photos/1581410/20260911171751599_1789147071.jpg,https://www.carfam.com/pre-owned-cars/detail/2019-BMW-7-Series/1581410,inventory,,,,,URL only; full vehicle galleries recorded to avoid huge download,url_only
,https://images.dealersync.com/3067/Photos/1581410/20260911171803154_1789147082.jpg,https://www.carfam.com/pre-owned-cars/detail/2019-BMW-7-Series/1581410,inventory,,,,,URL only; full vehicle galleries recorded to avoid huge download,url_only
,https://images.dealersync.com/3067/Photos/1581410/20260911171815307_1789147094.jpg,https://www.carfam.com/pre-owned-cars/detail/2019-BMW-7-Series/1581410,inventory,,,,,URL only; full vehicle galleries recorded to avoid huge download,url_only
,https://images.dealersync.com/3067/Photos/1581410/20260911171824598_1789147104.jpg,https://www.carfam.com/pre-owned-cars/detail/2019-BMW-7-Series/1581410,inventory,,,,,URL only; full vehicle galleries recorded to avoid huge download,url_only
,https://images.dealersync.com/3067/Photos/1581410/20260911171839450_1789147118.jpg,https://www.carfam.com/pre-owned-cars/detail/2019-BMW-7-Series/1581410,inventory,,,,,URL only; full vehicle galleries recorded to avoid huge download,url_only
,https://images.dealersync.com/3067/Photos/1581603/wm_7c9e980a6e494c3c96c4023c4c27db6a_1581603.jpg,https://www.carfam.com/pre-owned-cars/detail/2022-Chevrolet-Silverado-1500-LTD/1581603,inventory,,,,,URL only; full vehicle galleries recorded to avoid huge download,url_only
,https://images.dealersync.com/3067/Photos/1581603/20260910233734654_1789083454.jpg,https://www.carfam.com/pre-owned-cars/detail/2022-Chevrolet-Silverado-1500-LTD/1581603,inventory,,,,,URL only; full vehicle galleries recorded to avoid huge download,url_only
,https://images.dealersync.com/3067/Photos/1581603/20260910233754096_1789083473.jpg,https://www.carfam.com/pre-owned-cars/detail/2022-Chevrolet-Silverado-1500-LTD/1581603,inventory,,,,,URL only; full vehicle galleries recorded to avoid huge download,url_only
,https://images.dealersync.com/3067/Photos/1581603/20260910233803524_1789083483.jpg,https://www.carfam.com/pre-owned-cars/detail/2022-Chevrolet-Silverado-1500-LTD/1581603,inventory,,,,,URL only; full vehicle galleries recorded to avoid huge download,url_only
,https://images.dealersync.com/3067/Photos/1581603/20260910233816925_1789083496.jpg,https://www.carfam.com/pre-owned-cars/detail/2022-Chevrolet-Silverado-1500-LTD/1581603,inventory,,,,,URL only; full vehicle galleries recorded to avoid huge download,url_only
,https://images.dealersync.com/3067/Photos/1581603/20260910233838289_1789083517.jpg,https://www.carfam.com/pre-owned-cars/detail/2022-Chevrolet-Silverado-1500-LTD/1581603,inventory,,,,,URL only; full vehicle galleries recorded to avoid huge download,url_only
,https://images.dealersync.com/3067/Photos/1581603/20260910233855564_1789083535.jpg,https://www.carfam.com/pre-owned-cars/detail/2022-Chevrolet-Silverado-1500-LTD/1581603,inventory,,,,,URL only; full vehicle galleries recorded to avoid huge download,url_only
,https://images.dealersync.com/3067/Photos/1581603/20260910233904613_1789083544.jpg,https://www.carfam.com/pre-owned-cars/detail/2022-Chevrolet-Silverado-1500-LTD/1581603,inventory,,,,,URL only; full vehicle galleries recorded to avoid huge download,url_only
,https://images.dealersync.com/3067/Photos/1581603/20260910233918330_1789083557.jpg,https://www.carfam.com/pre-owned-cars/detail/2022-Chevrolet-Silverado-1500-LTD/1581603,inventory,,,,,URL only; full vehicle galleries recorded to avoid huge download,url_only
,https://images.dealersync.com/3067/Photos/1581603/20260910233934637_1789083574.jpg,https://www.carfam.com/pre-owned-cars/detail/2022-Chevrolet-Silverado-1500-LTD/1581603,inventory,,,,,URL only; full vehicle galleries recorded to avoid huge download,url_only
,https://images.dealersync.com/3067/Photos/1581603/20260910233949727_1789083589.jpg,https://www.carfam.com/pre-owned-cars/detail/2022-Chevrolet-Silverado-1500-LTD/1581603,inventory,,,,,URL only; full vehicle galleries recorded to avoid huge download,url_only
,https://images.dealersync.com/3067/Photos/1581603/20260910234007126_1789083606.jpg,https://www.carfam.com/pre-owned-cars/detail/2022-Chevrolet-Silverado-1500-LTD/1581603,inventory,,,,,URL only; full vehicle galleries recorded to avoid huge download,url_only
,https://images.dealersync.com/3067/Photos/1581603/20260910234021824_1789083621.jpg,https://www.carfam.com/pre-owned-cars/detail/2022-Chevrolet-Silverado-1500-LTD/1581603,inventory,,,,,URL only; full vehicle galleries recorded to avoid huge download,url_only
,https://images.dealersync.com/3067/Photos/1581603/20260910234148884_1789083708.jpg,https://www.carfam.com/pre-owned-cars/detail/2022-Chevrolet-Silverado-1500-LTD/1581603,inventory,,,,,URL only; full vehicle galleries recorded to avoid huge download,url_only
,https://images.dealersync.com/3067/Photos/1581603/20260910234155716_1789083715.jpg,https://www.carfam.com/pre-owned-cars/detail/2022-Chevrolet-Silverado-1500-LTD/1581603,inventory,,,,,URL only; full vehicle galleries recorded to avoid huge download,url_only
,https://images.dealersync.com/3067/Photos/1581603/20260910234214829_1789083734.jpg,https://www.carfam.com/pre-owned-cars/detail/2022-Chevrolet-Silverado-1500-LTD/1581603,inventory,,,,,URL only; full vehicle galleries recorded to avoid huge download,url_only
,https://images.dealersync.com/3067/Photos/1581603/20260910234231953_1789083751.jpg,https://www.carfam.com/pre-owned-cars/detail/2022-Chevrolet-Silverado-1500-LTD/1581603,inventory,,,,,URL only; full vehicle galleries recorded to avoid huge download,url_only
,https://images.dealersync.com/3067/Photos/1581603/20260910234239508_1789083759.jpg,https://www.carfam.com/pre-owned-cars/detail/2022-Chevrolet-Silverado-1500-LTD/1581603,inventory,,,,,URL only; full vehicle galleries recorded to avoid huge download,url_only
,https://images.dealersync.com/3067/Photos/1581603/20260910234302200_1789083781.jpg,https://www.carfam.com/pre-owned-cars/detail/2022-Chevrolet-Silverado-1500-LTD/1581603,inventory,,,,,URL only; full vehicle galleries recorded to avoid huge download,url_only
,https://images.dealersync.com/3067/Photos/1581603/20260910234308181_1789083787.jpg,https://www.carfam.com/pre-owned-cars/detail/2022-Chevrolet-Silverado-1500-LTD/1581603,inventory,,,,,URL only; full vehicle galleries recorded to avoid huge download,url_only
,https://images.dealersync.com/3067/Photos/1581603/20260910234320482_1789083799.jpg,https://www.carfam.com/pre-owned-cars/detail/2022-Chevrolet-Silverado-1500-LTD/1581603,inventory,,,,,URL only; full vehicle galleries recorded to avoid huge download,url_only
,https://images.dealersync.com/3067/Photos/1581603/20260910234328515_1789083808.jpg,https://www.carfam.com/pre-owned-cars/detail/2022-Chevrolet-Silverado-1500-LTD/1581603,inventory,,,,,URL only; full vehicle galleries recorded to avoid huge download,url_only
,https://images.dealersync.com/3067/Photos/1581603/20260910234335098_1789083814.jpg,https://www.carfam.com/pre-owned-cars/detail/2022-Chevrolet-Silverado-1500-LTD/1581603,inventory,,,,,URL only; full vehicle galleries recorded to avoid huge download,url_only
,https://images.dealersync.com/3067/Photos/1581603/20260910234342912_1789083822.jpg,https://www.carfam.com/pre-owned-cars/detail/2022-Chevrolet-Silverado-1500-LTD/1581603,inventory,,,,,URL only; full vehicle galleries recorded to avoid huge download,url_only
,https://images.dealersync.com/3067/Photos/1581603/20260910234427603_1789083867.jpg,https://www.carfam.com/pre-owned-cars/detail/2022-Chevrolet-Silverado-1500-LTD/1581603,inventory,,,,,URL only; full vehicle galleries recorded to avoid huge download,url_only
,https://images.dealersync.com/3067/Photos/1581603/20260910234348619_1789083828.jpg,https://www.carfam.com/pre-owned-cars/detail/2022-Chevrolet-Silverado-1500-LTD/1581603,inventory,,,,,URL only; full vehicle galleries recorded to avoid huge download,url_only
,https://images.dealersync.com/3067/Photos/1581603/20260910234354129_1789083833.jpg,https://www.carfam.com/pre-owned-cars/detail/2022-Chevrolet-Silverado-1500-LTD/1581603,inventory,,,,,URL only; full vehicle galleries recorded to avoid huge download,url_only
,https://images.dealersync.com/3067/Photos/1581603/20260910234419350_1789083858.jpg,https://www.carfam.com/pre-owned-cars/detail/2022-Chevrolet-Silverado-1500-LTD/1581603,inventory,,,,,URL only; full vehicle galleries recorded to avoid huge download,url_only
,https://images.dealersync.com/3067/Photos/1581604/wm_7bef4e0f73974de49d5adeba6f459877_1581604.jpg,https://www.carfam.com/pre-owned-cars/detail/2020-Kia-Telluride/1581604,inventory,,,,,URL only; full vehicle galleries recorded to avoid huge download,url_only
,https://images.dealersync.com/3067/Photos/1581604/20260925223338093_1790375617.jpg,https://www.carfam.com/pre-owned-cars/detail/2020-Kia-Telluride/1581604,inventory,,,,,URL only; full vehicle galleries recorded to avoid huge download,url_only
,https://images.dealersync.com/3067/Photos/1581604/20260925223355960_1790375635.jpg,https://www.carfam.com/pre-owned-cars/detail/2020-Kia-Telluride/1581604,inventory,,,,,URL only; full vehicle galleries recorded to avoid huge download,url_only
,https://images.dealersync.com/3067/Photos/1581604/20260925223405437_1790375645.jpg,https://www.carfam.com/pre-owned-cars/detail/2020-Kia-Telluride/1581604,inventory,,,,,URL only; full vehicle galleries recorded to avoid huge download,url_only
,https://images.dealersync.com/3067/Photos/1581604/20260925223415028_1790375654.jpg,https://www.carfam.com/pre-owned-cars/detail/2020-Kia-Telluride/1581604,inventory,,,,,URL only; full vehicle galleries recorded to avoid huge download,url_only
,https://images.dealersync.com/3067/Photos/1581604/20260925223430050_1790375669.jpg,https://www.carfam.com/pre-owned-cars/detail/2020-Kia-Telluride/1581604,inventory,,,,,URL only; full vehicle galleries recorded to avoid huge download,url_only
,https://images.dealersync.com/3067/Photos/1581604/20260925223444702_1790375683.jpg,https://www.carfam.com/pre-owned-cars/detail/2020-Kia-Telluride/1581604,inventory,,,,,URL only; full vehicle galleries recorded to avoid huge download,url_only
,https://images.dealersync.com/3067/Photos/1581604/20260925223457039_1790375696.jpg,https://www.carfam.com/pre-owned-cars/detail/2020-Kia-Telluride/1581604,inventory,,,,,URL only; full vehicle galleries recorded to avoid huge download,url_only
,https://images.dealersync.com/3067/Photos/1581604/20260925223508952_1790375708.jpg,https://www.carfam.com/pre-owned-cars/detail/2020-Kia-Telluride/1581604,inventory,,,,,URL only; full vehicle galleries recorded to avoid huge download,url_only
,https://images.dealersync.com/3067/Photos/1581604/20260925223522089_1790375721.jpg,https://www.carfam.com/pre-owned-cars/detail/2020-Kia-Telluride/1581604,inventory,,,,,URL only; full vehicle galleries recorded to avoid huge download,url_only
,https://images.dealersync.com/3067/Photos/1581604/20260925223538737_1790375738.jpg,https://www.carfam.com/pre-owned-cars/detail/2020-Kia-Telluride/1581604,inventory,,,,,URL only; full vehicle galleries recorded to avoid huge download,url_only
,https://images.dealersync.com/3067/Photos/1581604/20260925223549251_1790375748.jpg,https://www.carfam.com/pre-owned-cars/detail/2020-Kia-Telluride/1581604,inventory,,,,,URL only; full vehicle galleries recorded to avoid huge download,url_only
,https://images.dealersync.com/3067/Photos/1581604/20260925223556903_1790375756.jpg,https://www.carfam.com/pre-owned-cars/detail/2020-Kia-Telluride/1581604,inventory,,,,,URL only; full vehicle galleries recorded to avoid huge download,url_only
,https://images.dealersync.com/3067/Photos/1581604/20260925223603006_1790375762.jpg,https://www.carfam.com/pre-owned-cars/detail/2020-Kia-Telluride/1581604,inventory,,,,,URL only; full vehicle galleries recorded to avoid huge download,url_only
,https://images.dealersync.com/3067/Photos/1581604/20260925223610217_1790375769.jpg,https://www.carfam.com/pre-owned-cars/detail/2020-Kia-Telluride/1581604,inventory,,,,,URL only; full vehicle galleries recorded to avoid huge download,url_only
,https://images.dealersync.com/3067/Photos/1581604/20260925223635210_1790375794.jpg,https://www.carfam.com/pre-owned-cars/detail/2020-Kia-Telluride/1581604,inventory,,,,,URL only; full vehicle galleries recorded to avoid huge download,url_only
,https://images.dealersync.com/3067/Photos/1581604/20260925223720348_1790375839.jpg,https://www.carfam.com/pre-owned-cars/detail/2020-Kia-Telluride/1581604,inventory,,,,,URL only; full vehicle galleries recorded to avoid huge download,url_only
,https://images.dealersync.com/3067/Photos/1581604/20260925223736091_1790375855.jpg,https://www.carfam.com/pre-owned-cars/detail/2020-Kia-Telluride/1581604,inventory,,,,,URL only; full vehicle galleries recorded to avoid huge download,url_only
,https://images.dealersync.com/3067/Photos/1581604/20260925223743595_1790375863.jpg,https://www.carfam.com/pre-owned-cars/detail/2020-Kia-Telluride/1581604,inventory,,,,,URL only; full vehicle galleries recorded to avoid huge download,url_only
,https://images.dealersync.com/3067/Photos/1581604/20260925223750218_1790375869.jpg,https://www.carfam.com/pre-owned-cars/detail/2020-Kia-Telluride/1581604,inventory,,,,,URL only; full vehicle galleries recorded to avoid huge download,url_only
,https://images.dealersync.com/3067/Photos/1581604/20260925223805122_1790375884.jpg,https://www.carfam.com/pre-owned-cars/detail/2020-Kia-Telluride/1581604,inventory,,,,,URL only; full vehicle galleries recorded to avoid huge download,url_only
,https://images.dealersync.com/3067/Photos/1581604/20260925223829031_1790375908.jpg,https://www.carfam.com/pre-owned-cars/detail/2020-Kia-Telluride/1581604,inventory,,,,,URL only; full vehicle galleries recorded to avoid huge download,url_only
,https://images.dealersync.com/3067/Photos/1581604/20260925223839258_1790375919.jpg,https://www.carfam.com/pre-owned-cars/detail/2020-Kia-Telluride/1581604,inventory,,,,,URL only; full vehicle galleries recorded to avoid huge download,url_only
,https://images.dealersync.com/3067/Photos/1581604/20260925223844728_1790375924.jpg,https://www.carfam.com/pre-owned-cars/detail/2020-Kia-Telluride/1581604,inventory,,,,,URL only; full vehicle galleries recorded to avoid huge download,url_only
,https://images.dealersync.com/3067/Photos/1581604/20260925223907861_1790375947.jpg,https://www.carfam.com/pre-owned-cars/detail/2020-Kia-Telluride/1581604,inventory,,,,,URL only; full vehicle galleries recorded to avoid huge download,url_only
,https://images.dealersync.com/3067/Photos/1581604/20260925223918430_1790375958.jpg,https://www.carfam.com/pre-owned-cars/detail/2020-Kia-Telluride/1581604,inventory,,,,,URL only; full vehicle galleries recorded to avoid huge download,url_only
,https://images.dealersync.com/3067/Photos/1581604/20260925223935837_1790375975.jpg,https://www.carfam.com/pre-owned-cars/detail/2020-Kia-Telluride/1581604,inventory,,,,,URL only; full vehicle galleries recorded to avoid huge download,url_only
,https://images.dealersync.com/3067/Photos/1581604/20260925223948672_1790375988.jpg,https://www.carfam.com/pre-owned-cars/detail/2020-Kia-Telluride/1581604,inventory,,,,,URL only; full vehicle galleries recorded to avoid huge download,url_only
,https://images.dealersync.com/3067/Photos/1581604/20260925223954838_1790375994.jpg,https://www.carfam.com/pre-owned-cars/detail/2020-Kia-Telluride/1581604,inventory,,,,,URL only; full vehicle galleries recorded to avoid huge download,url_only
,https://images.dealersync.com/3067/Photos/1581604/20260925224210238_1790376129.jpg,https://www.carfam.com/pre-owned-cars/detail/2020-Kia-Telluride/1581604,inventory,,,,,URL only; full vehicle galleries recorded to avoid huge download,url_only
,https://images.dealersync.com/3067/Photos/1581604/20260925224024121_1790376023.jpg,https://www.carfam.com/pre-owned-cars/detail/2020-Kia-Telluride/1581604,inventory,,,,,URL only; full vehicle galleries recorded to avoid huge download,url_only
,https://images.dealersync.com/3067/Photos/1581604/20260925224034426_1790376034.jpg,https://www.carfam.com/pre-owned-cars/detail/2020-Kia-Telluride/1581604,inventory,,,,,URL only; full vehicle galleries recorded to avoid huge download,url_only
,https://images.dealersync.com/3067/Photos/1581604/20260925224050524_1790376050.jpg,https://www.carfam.com/pre-owned-cars/detail/2020-Kia-Telluride/1581604,inventory,,,,,URL only; full vehicle galleries recorded to avoid huge download,url_only
,https://images.dealersync.com/3067/Photos/1581604/20260925224058697_1790376058.jpg,https://www.carfam.com/pre-owned-cars/detail/2020-Kia-Telluride/1581604,inventory,,,,,URL only; full vehicle galleries recorded to avoid huge download,url_only
,https://images.dealersync.com/3067/Photos/1581604/20260925224109242_1790376068.jpg,https://www.carfam.com/pre-owned-cars/detail/2020-Kia-Telluride/1581604,inventory,,,,,URL only; full vehicle galleries recorded to avoid huge download,url_only
,https://images.dealersync.com/3067/Photos/1581604/20260925224120349_1790376079.jpg,https://www.carfam.com/pre-owned-cars/detail/2020-Kia-Telluride/1581604,inventory,,,,,URL only; full vehicle galleries recorded to avoid huge download,url_only
,https://images.dealersync.com/3067/Photos/1582931/wm_9369ac6ea2174f2b8eb2ee47ab982de1_1582931.jpg,https://www.carfam.com/pre-owned-cars/detail/2018-INFINITI-Q60/1582931,inventory,,,,,URL only; full vehicle galleries recorded to avoid huge download,url_only
,https://images.dealersync.com/3067/Photos/1582931/20260912002013289_1789172412.jpg,https://www.carfam.com/pre-owned-cars/detail/2018-INFINITI-Q60/1582931,inventory,,,,,URL only; full vehicle galleries recorded to avoid huge download,url_only
,https://images.dealersync.com/3067/Photos/1582931/20260912002027105_1789172426.jpg,https://www.carfam.com/pre-owned-cars/detail/2018-INFINITI-Q60/1582931,inventory,,,,,URL only; full vehicle galleries recorded to avoid huge download,url_only
,https://images.dealersync.com/3067/Photos/1582931/20260912002037453_1789172437.jpg,https://www.carfam.com/pre-owned-cars/detail/2018-INFINITI-Q60/1582931,inventory,,,,,URL only; full vehicle galleries recorded to avoid huge download,url_only
,https://images.dealersync.com/3067/Photos/1582931/20260912002045477_1789172445.jpg,https://www.carfam.com/pre-owned-cars/detail/2018-INFINITI-Q60/1582931,inventory,,,,,URL only; full vehicle galleries recorded to avoid huge download,url_only
,https://images.dealersync.com/3067/Photos/1582931/20260912002059295_1789172458.jpg,https://www.carfam.com/pre-owned-cars/detail/2018-INFINITI-Q60/1582931,inventory,,,,,URL only; full vehicle galleries recorded to avoid huge download,url_only
,https://images.dealersync.com/3067/Photos/1582931/20260912002111629_1789172471.jpg,https://www.carfam.com/pre-owned-cars/detail/2018-INFINITI-Q60/1582931,inventory,,,,,URL only; full vehicle galleries recorded to avoid huge download,url_only
,https://images.dealersync.com/3067/Photos/1582931/20260912002119925_1789172479.jpg,https://www.carfam.com/pre-owned-cars/detail/2018-INFINITI-Q60/1582931,inventory,,,,,URL only; full vehicle galleries recorded to avoid huge download,url_only
,https://images.dealersync.com/3067/Photos/1582931/20260912002127668_1789172487.jpg,https://www.carfam.com/pre-owned-cars/detail/2018-INFINITI-Q60/1582931,inventory,,,,,URL only; full vehicle galleries recorded to avoid huge download,url_only
,https://images.dealersync.com/3067/Photos/1582931/20260912002157835_1789172517.jpg,https://www.carfam.com/pre-owned-cars/detail/2018-INFINITI-Q60/1582931,inventory,,,,,URL only; full vehicle galleries recorded to avoid huge download,url_only
,https://images.dealersync.com/3067/Photos/1582931/20260912002151215_1789172510.jpg,https://www.carfam.com/pre-owned-cars/detail/2018-INFINITI-Q60/1582931,inventory,,,,,URL only; full vehicle galleries recorded to avoid huge download,url_only
,https://images.dealersync.com/3067/Photos/1582931/20260912002217285_1789172536.jpg,https://www.carfam.com/pre-owned-cars/detail/2018-INFINITI-Q60/1582931,inventory,,,,,URL only; full vehicle galleries recorded to avoid huge download,url_only
,https://images.dealersync.com/3067/Photos/1582931/20260912002228622_1789172548.jpg,https://www.carfam.com/pre-owned-cars/detail/2018-INFINITI-Q60/1582931,inventory,,,,,URL only; full vehicle galleries recorded to avoid huge download,url_only
,https://images.dealersync.com/3067/Photos/1582931/20260912002237839_1789172557.jpg,https://www.carfam.com/pre-owned-cars/detail/2018-INFINITI-Q60/1582931,inventory,,,,,URL only; full vehicle galleries recorded to avoid huge download,url_only
,https://images.dealersync.com/3067/Photos/1582931/20260912002246055_1789172565.jpg,https://www.carfam.com/pre-owned-cars/detail/2018-INFINITI-Q60/1582931,inventory,,,,,URL only; full vehicle galleries recorded to avoid huge download,url_only
,https://images.dealersync.com/3067/Photos/1582931/20260912002254043_1789172573.jpg,https://www.carfam.com/pre-owned-cars/detail/2018-INFINITI-Q60/1582931,inventory,,,,,URL only; full vehicle galleries recorded to avoid huge download,url_only
,https://images.dealersync.com/3067/Photos/1582931/20260912002314939_1789172594.jpg,https://www.carfam.com/pre-owned-cars/detail/2018-INFINITI-Q60/1582931,inventory,,,,,URL only; full vehicle galleries recorded to avoid huge download,url_only
,https://images.dealersync.com/3067/Photos/1582931/20260912002328573_1789172608.jpg,https://www.carfam.com/pre-owned-cars/detail/2018-INFINITI-Q60/1582931,inventory,,,,,URL only; full vehicle galleries recorded to avoid huge download,url_only
,https://images.dealersync.com/3067/Photos/1582931/20260912002335843_1789172615.jpg,https://www.carfam.com/pre-owned-cars/detail/2018-INFINITI-Q60/1582931,inventory,,,,,URL only; full vehicle galleries recorded to avoid huge download,url_only
,https://images.dealersync.com/3067/Photos/1582931/20260912002343014_1789172622.jpg,https://www.carfam.com/pre-owned-cars/detail/2018-INFINITI-Q60/1582931,inventory,,,,,URL only; full vehicle galleries recorded to avoid huge download,url_only
,https://images.dealersync.com/3067/Photos/1582931/20260912002349458_1789172629.jpg,https://www.carfam.com/pre-owned-cars/detail/2018-INFINITI-Q60/1582931,inventory,,,,,URL only; full vehicle galleries recorded to avoid huge download,url_only
,https://images.dealersync.com/3067/Photos/1582931/20260912002357254_1789172636.jpg,https://www.carfam.com/pre-owned-cars/detail/2018-INFINITI-Q60/1582931,inventory,,,,,URL only; full vehicle galleries recorded to avoid huge download,url_only
,https://images.dealersync.com/3067/Photos/1582931/20260912002422246_1789172661.jpg,https://www.carfam.com/pre-owned-cars/detail/2018-INFINITI-Q60/1582931,inventory,,,,,URL only; full vehicle galleries recorded to avoid huge download,url_only
,https://images.dealersync.com/3067/Photos/1582931/20260912002433242_1789172672.jpg,https://www.carfam.com/pre-owned-cars/detail/2018-INFINITI-Q60/1582931,inventory,,,,,URL only; full vehicle galleries recorded to avoid huge download,url_only
,https://images.dealersync.com/3067/Photos/1582931/20260912002603452_1789172762.jpg,https://www.carfam.com/pre-owned-cars/detail/2018-INFINITI-Q60/1582931,inventory,,,,,URL only; full vehicle galleries recorded to avoid huge download,url_only
,https://images.dealersync.com/3067/Photos/1582931/20260912002459494_1789172698.jpg,https://www.carfam.com/pre-owned-cars/detail/2018-INFINITI-Q60/1582931,inventory,,,,,URL only; full vehicle galleries recorded to avoid huge download,url_only
,https://images.dealersync.com/3067/Photos/1582931/20260912002509652_1789172709.jpg,https://www.carfam.com/pre-owned-cars/detail/2018-INFINITI-Q60/1582931,inventory,,,,,URL only; full vehicle galleries recorded to avoid huge download,url_only
,https://images.dealersync.com/3067/Photos/1582931/20260912002520321_1789172719.jpg,https://www.carfam.com/pre-owned-cars/detail/2018-INFINITI-Q60/1582931,inventory,,,,,URL only; full vehicle galleries recorded to avoid huge download,url_only
,https://images.dealersync.com/3067/Photos/1582931/20260912002527588_1789172727.jpg,https://www.carfam.com/pre-owned-cars/detail/2018-INFINITI-Q60/1582931,inventory,,,,,URL only; full vehicle galleries recorded to avoid huge download,url_only
,https://images.dealersync.com/3067/Photos/1582931/20260912002533836_1789172733.jpg,https://www.carfam.com/pre-owned-cars/detail/2018-INFINITI-Q60/1582931,inventory,,,,,URL only; full vehicle galleries recorded to avoid huge download,url_only
,https://images.dealersync.com/3067/Photos/1582931/20260912002542397_1789172742.jpg,https://www.carfam.com/pre-owned-cars/detail/2018-INFINITI-Q60/1582931,inventory,,,,,URL only; full vehicle galleries recorded to avoid huge download,url_only
,https://images.dealersync.com/3067/Photos/1584874/wm_c56fa3d1b00547f8b435fa79a5dfced0_1584874.jpg,https://www.carfam.com/pre-owned-cars/detail/2019-Ram-1500/1584874,inventory,,,,,URL only; full vehicle galleries recorded to avoid huge download,url_only
,https://images.dealersync.com/3067/Photos/1584874/20260917000954222_1789603793.jpg,https://www.carfam.com/pre-owned-cars/detail/2019-Ram-1500/1584874,inventory,,,,,URL only; full vehicle galleries recorded to avoid huge download,url_only
,https://images.dealersync.com/3067/Photos/1584874/20260917001012637_1789603812.jpg,https://www.carfam.com/pre-owned-cars/detail/2019-Ram-1500/1584874,inventory,,,,,URL only; full vehicle galleries recorded to avoid huge download,url_only
,https://images.dealersync.com/3067/Photos/1584874/20260917001027870_1789603827.jpg,https://www.carfam.com/pre-owned-cars/detail/2019-Ram-1500/1584874,inventory,,,,,URL only; full vehicle galleries recorded to avoid huge download,url_only
,https://images.dealersync.com/3067/Photos/1584874/20260917001040169_1789603839.jpg,https://www.carfam.com/pre-owned-cars/detail/2019-Ram-1500/1584874,inventory,,,,,URL only; full vehicle galleries recorded to avoid huge download,url_only
,https://images.dealersync.com/3067/Photos/1584874/20260917001104351_1789603864.jpg,https://www.carfam.com/pre-owned-cars/detail/2019-Ram-1500/1584874,inventory,,,,,URL only; full vehicle galleries recorded to avoid huge download,url_only
,https://images.dealersync.com/3067/Photos/1584874/20260917001125315_1789603884.jpg,https://www.carfam.com/pre-owned-cars/detail/2019-Ram-1500/1584874,inventory,,,,,URL only; full vehicle galleries recorded to avoid huge download,url_only
,https://images.dealersync.com/3067/Photos/1584874/20260917001139047_1789603898.jpg,https://www.carfam.com/pre-owned-cars/detail/2019-Ram-1500/1584874,inventory,,,,,URL only; full vehicle galleries recorded to avoid huge download,url_only
,https://images.dealersync.com/3067/Photos/1584874/20260917001200549_1789603916.jpg,https://www.carfam.com/pre-owned-cars/detail/2019-Ram-1500/1584874,inventory,,,,,URL only; full vehicle galleries recorded to avoid huge download,url_only
,https://images.dealersync.com/3067/Photos/1584874/20260917001214884_1789603934.jpg,https://www.carfam.com/pre-owned-cars/detail/2019-Ram-1500/1584874,inventory,,,,,URL only; full vehicle galleries recorded to avoid huge download,url_only
,https://images.dealersync.com/3067/Photos/1584874/20260917001238052_1789603957.jpg,https://www.carfam.com/pre-owned-cars/detail/2019-Ram-1500/1584874,inventory,,,,,URL only; full vehicle galleries recorded to avoid huge download,url_only
,https://images.dealersync.com/3067/Photos/1584874/20260917001246331_1789603965.jpg,https://www.carfam.com/pre-owned-cars/detail/2019-Ram-1500/1584874,inventory,,,,,URL only; full vehicle galleries recorded to avoid huge download,url_only
,https://images.dealersync.com/3067/Photos/1584874/20260917001311480_1789603991.jpg,https://www.carfam.com/pre-owned-cars/detail/2019-Ram-1500/1584874,inventory,,,,,URL only; full vehicle galleries recorded to avoid huge download,url_only
,https://images.dealersync.com/3067/Photos/1584874/20260917001320742_1789604000.jpg,https://www.carfam.com/pre-owned-cars/detail/2019-Ram-1500/1584874,inventory,,,,,URL only; full vehicle galleries recorded to avoid huge download,url_only
,https://images.dealersync.com/3067/Photos/1584874/20260917001329900_1789604009.jpg,https://www.carfam.com/pre-owned-cars/detail/2019-Ram-1500/1584874,inventory,,,,,URL only; full vehicle galleries recorded to avoid huge download,url_only
,https://images.dealersync.com/3067/Photos/1584874/20260917001349281_1789604028.jpg,https://www.carfam.com/pre-owned-cars/detail/2019-Ram-1500/1584874,inventory,,,,,URL only; full vehicle galleries recorded to avoid huge download,url_only
,https://images.dealersync.com/3067/Photos/1584874/20260917001358609_1789604038.jpg,https://www.carfam.com/pre-owned-cars/detail/2019-Ram-1500/1584874,inventory,,,,,URL only; full vehicle galleries recorded to avoid huge download,url_only
,https://images.dealersync.com/3067/Photos/1584874/20260917001405476_1789604045.jpg,https://www.carfam.com/pre-owned-cars/detail/2019-Ram-1500/1584874,inventory,,,,,URL only; full vehicle galleries recorded to avoid huge download,url_only
,https://images.dealersync.com/3067/Photos/1584874/20260917001431589_1789604071.jpg,https://www.carfam.com/pre-owned-cars/detail/2019-Ram-1500/1584874,inventory,,,,,URL only; full vehicle galleries recorded to avoid huge download,url_only
,https://images.dealersync.com/3067/Photos/1584874/20260917001439777_1789604079.jpg,https://www.carfam.com/pre-owned-cars/detail/2019-Ram-1500/1584874,inventory,,,,,URL only; full vehicle galleries recorded to avoid huge download,url_only
,https://images.dealersync.com/3067/Photos/1584874/20260917001449753_1789604089.jpg,https://www.carfam.com/pre-owned-cars/detail/2019-Ram-1500/1584874,inventory,,,,,URL only; full vehicle galleries recorded to avoid huge download,url_only
,https://images.dealersync.com/3067/Photos/1584874/20260917001458920_1789604098.jpg,https://www.carfam.com/pre-owned-cars/detail/2019-Ram-1500/1584874,inventory,,,,,URL only; full vehicle galleries recorded to avoid huge download,url_only
,https://images.dealersync.com/3067/Photos/1584874/20260917001514744_1789604114.jpg,https://www.carfam.com/pre-owned-cars/detail/2019-Ram-1500/1584874,inventory,,,,,URL only; full vehicle galleries recorded to avoid huge download,url_only
,https://images.dealersync.com/3067/Photos/1584874/20260917001521301_1789604120.jpg,https://www.carfam.com/pre-owned-cars/detail/2019-Ram-1500/1584874,inventory,,,,,URL only; full vehicle galleries recorded to avoid huge download,url_only
,https://images.dealersync.com/3067/Photos/1584874/20260917001527614_1789604127.jpg,https://www.carfam.com/pre-owned-cars/detail/2019-Ram-1500/1584874,inventory,,,,,URL only; full vehicle galleries recorded to avoid huge download,url_only
,https://images.dealersync.com/3067/Photos/1584874/20260917001534645_1789604134.jpg,https://www.carfam.com/pre-owned-cars/detail/2019-Ram-1500/1584874,inventory,,,,,URL only; full vehicle galleries recorded to avoid huge download,url_only
,https://images.dealersync.com/3067/Photos/1584874/20260917001550689_1789604150.jpg,https://www.carfam.com/pre-owned-cars/detail/2019-Ram-1500/1584874,inventory,,,,,URL only; full vehicle galleries recorded to avoid huge download,url_only
,https://images.dealersync.com/3067/Photos/1584874/20260917001555862_1789604155.jpg,https://www.carfam.com/pre-owned-cars/detail/2019-Ram-1500/1584874,inventory,,,,,URL only; full vehicle galleries recorded to avoid huge download,url_only
,https://images.dealersync.com/3067/Photos/1584874/20260917001601677_1789604161.jpg,https://www.carfam.com/pre-owned-cars/detail/2019-Ram-1500/1584874,inventory,,,,,URL only; full vehicle galleries recorded to avoid huge download,url_only
,https://images.dealersync.com/3067/Photos/1584874/20260917001625534_1789604185.jpg,https://www.carfam.com/pre-owned-cars/detail/2019-Ram-1500/1584874,inventory,,,,,URL only; full vehicle galleries recorded to avoid huge download,url_only
,https://images.dealersync.com/3067/Photos/1584874/20260917001725969_1789604245.jpg,https://www.carfam.com/pre-owned-cars/detail/2019-Ram-1500/1584874,inventory,,,,,URL only; full vehicle galleries recorded to avoid huge download,url_only
,https://images.dealersync.com/3067/Photos/1586793/wm_0dbe392420ff467dae4926cc1b731551_1586793.jpg,https://www.carfam.com/pre-owned-cars/detail/2019-Jeep-Wrangler/1586793,inventory,,,,,URL only; full vehicle galleries recorded to avoid huge download,url_only
,https://images.dealersync.com/3067/Photos/1586793/20260918221526764_1789769725.jpg,https://www.carfam.com/pre-owned-cars/detail/2019-Jeep-Wrangler/1586793,inventory,,,,,URL only; full vehicle galleries recorded to avoid huge download,url_only
,https://images.dealersync.com/3067/Photos/1586793/20260918221551186_1789769749.jpg,https://www.carfam.com/pre-owned-cars/detail/2019-Jeep-Wrangler/1586793,inventory,,,,,URL only; full vehicle galleries recorded to avoid huge download,url_only
,https://images.dealersync.com/3067/Photos/1586793/20260918221700700_1789769819.jpg,https://www.carfam.com/pre-owned-cars/detail/2019-Jeep-Wrangler/1586793,inventory,,,,,URL only; full vehicle galleries recorded to avoid huge download,url_only
,https://images.dealersync.com/3067/Photos/1586793/20260918221718699_1789769836.jpg,https://www.carfam.com/pre-owned-cars/detail/2019-Jeep-Wrangler/1586793,inventory,,,,,URL only; full vehicle galleries recorded to avoid huge download,url_only
,https://images.dealersync.com/3067/Photos/1586793/20260918221842639_1789769922.jpg,https://www.carfam.com/pre-owned-cars/detail/2019-Jeep-Wrangler/1586793,inventory,,,,,URL only; full vehicle galleries recorded to avoid huge download,url_only
,https://images.dealersync.com/3067/Photos/1586793/20260918221855180_1789769934.jpg,https://www.carfam.com/pre-owned-cars/detail/2019-Jeep-Wrangler/1586793,inventory,,,,,URL only; full vehicle galleries recorded to avoid huge download,url_only
,https://images.dealersync.com/3067/Photos/1586793/20260918221906052_1789769945.jpg,https://www.carfam.com/pre-owned-cars/detail/2019-Jeep-Wrangler/1586793,inventory,,,,,URL only; full vehicle galleries recorded to avoid huge download,url_only
,https://images.dealersync.com/3067/Photos/1586793/20260918221923180_1789769962.jpg,https://www.carfam.com/pre-owned-cars/detail/2019-Jeep-Wrangler/1586793,inventory,,,,,URL only; full vehicle galleries recorded to avoid huge download,url_only
,https://images.dealersync.com/3067/Photos/1586793/20260918221932033_1789769971.jpg,https://www.carfam.com/pre-owned-cars/detail/2019-Jeep-Wrangler/1586793,inventory,,,,,URL only; full vehicle galleries recorded to avoid huge download,url_only
,https://images.dealersync.com/3067/Photos/1586793/20260918221944153_1789769983.jpg,https://www.carfam.com/pre-owned-cars/detail/2019-Jeep-Wrangler/1586793,inventory,,,,,URL only; full vehicle galleries recorded to avoid huge download,url_only
,https://images.dealersync.com/3067/Photos/1586793/20260918221954713_1789769994.jpg,https://www.carfam.com/pre-owned-cars/detail/2019-Jeep-Wrangler/1586793,inventory,,,,,URL only; full vehicle galleries recorded to avoid huge download,url_only
,https://images.dealersync.com/3067/Photos/1586793/20260918222023220_1789770022.jpg,https://www.carfam.com/pre-owned-cars/detail/2019-Jeep-Wrangler/1586793,inventory,,,,,URL only; full vehicle galleries recorded to avoid huge download,url_only
,https://images.dealersync.com/3067/Photos/1586793/20260918222030146_1789770029.jpg,https://www.carfam.com/pre-owned-cars/detail/2019-Jeep-Wrangler/1586793,inventory,,,,,URL only; full vehicle galleries recorded to avoid huge download,url_only
,https://images.dealersync.com/3067/Photos/1586793/20260918222054237_1789770053.jpg,https://www.carfam.com/pre-owned-cars/detail/2019-Jeep-Wrangler/1586793,inventory,,,,,URL only; full vehicle galleries recorded to avoid huge download,url_only
,https://images.dealersync.com/3067/Photos/1586793/20260918222112471_1789770071.jpg,https://www.carfam.com/pre-owned-cars/detail/2019-Jeep-Wrangler/1586793,inventory,,,,,URL only; full vehicle galleries recorded to avoid huge download,url_only
,https://images.dealersync.com/3067/Photos/1586793/20260918222123179_1789770082.jpg,https://www.carfam.com/pre-owned-cars/detail/2019-Jeep-Wrangler/1586793,inventory,,,,,URL only; full vehicle galleries recorded to avoid huge download,url_only
,https://images.dealersync.com/3067/Photos/1586793/20260918222153831_1789770113.jpg,https://www.carfam.com/pre-owned-cars/detail/2019-Jeep-Wrangler/1586793,inventory,,,,,URL only; full vehicle galleries recorded to avoid huge download,url_only
,https://images.dealersync.com/3067/Photos/1586793/20260918222208788_1789770128.jpg,https://www.carfam.com/pre-owned-cars/detail/2019-Jeep-Wrangler/1586793,inventory,,,,,URL only; full vehicle galleries recorded to avoid huge download,url_only
,https://images.dealersync.com/3067/Photos/1586793/20260918222215144_1789770134.jpg,https://www.carfam.com/pre-owned-cars/detail/2019-Jeep-Wrangler/1586793,inventory,,,,,URL only; full vehicle galleries recorded to avoid huge download,url_only
,https://images.dealersync.com/3067/Photos/1586793/20260918222221650_1789770141.jpg,https://www.carfam.com/pre-owned-cars/detail/2019-Jeep-Wrangler/1586793,inventory,,,,,URL only; full vehicle galleries recorded to avoid huge download,url_only
,https://images.dealersync.com/3067/Photos/1586793/20260918222330664_1789770210.jpg,https://www.carfam.com/pre-owned-cars/detail/2019-Jeep-Wrangler/1586793,inventory,,,,,URL only; full vehicle galleries recorded to avoid huge download,url_only
,https://images.dealersync.com/3067/Photos/1586793/20260918222230132_1789770149.jpg,https://www.carfam.com/pre-owned-cars/detail/2019-Jeep-Wrangler/1586793,inventory,,,,,URL only; full vehicle galleries recorded to avoid huge download,url_only
,https://images.dealersync.com/3067/Photos/1586793/20260918222253576_1789770173.jpg,https://www.carfam.com/pre-owned-cars/detail/2019-Jeep-Wrangler/1586793,inventory,,,,,URL only; full vehicle galleries recorded to avoid huge download,url_only
,https://images.dealersync.com/3067/Photos/1586793/20260918222309987_1789770189.jpg,https://www.carfam.com/pre-owned-cars/detail/2019-Jeep-Wrangler/1586793,inventory,,,,,URL only; full vehicle galleries recorded to avoid huge download,url_only
,https://images.dealersync.com/3067/Photos/1587040/wm_3030c55045d04e74841ab6d289aacb9e_1587040.jpg,https://www.carfam.com/pre-owned-cars/detail/2019-Chevrolet-Suburban/1587040,inventory,,,,,URL only; full vehicle galleries recorded to avoid huge download,url_only
,https://images.dealersync.com/3067/Photos/1587040/20260921220030459_1790028029.jpg,https://www.carfam.com/pre-owned-cars/detail/2019-Chevrolet-Suburban/1587040,inventory,,,,,URL only; full vehicle galleries recorded to avoid huge download,url_only
,https://images.dealersync.com/3067/Photos/1587040/20260921220053597_1790028053.jpg,https://www.carfam.com/pre-owned-cars/detail/2019-Chevrolet-Suburban/1587040,inventory,,,,,URL only; full vehicle galleries recorded to avoid huge download,url_only
,https://images.dealersync.com/3067/Photos/1587040/20260921220110382_1790028070.jpg,https://www.carfam.com/pre-owned-cars/detail/2019-Chevrolet-Suburban/1587040,inventory,,,,,URL only; full vehicle galleries recorded to avoid huge download,url_only
,https://images.dealersync.com/3067/Photos/1587040/20260921220123382_1790028083.jpg,https://www.carfam.com/pre-owned-cars/detail/2019-Chevrolet-Suburban/1587040,inventory,,,,,URL only; full vehicle galleries recorded to avoid huge download,url_only
,https://images.dealersync.com/3067/Photos/1587040/20260921220143984_1790028103.jpg,https://www.carfam.com/pre-owned-cars/detail/2019-Chevrolet-Suburban/1587040,inventory,,,,,URL only; full vehicle galleries recorded to avoid huge download,url_only
,https://images.dealersync.com/3067/Photos/1587040/20260921220203263_1790028122.jpg,https://www.carfam.com/pre-owned-cars/detail/2019-Chevrolet-Suburban/1587040,inventory,,,,,URL only; full vehicle galleries recorded to avoid huge download,url_only
,https://images.dealersync.com/3067/Photos/1587040/20260921220211488_1790028131.jpg,https://www.carfam.com/pre-owned-cars/detail/2019-Chevrolet-Suburban/1587040,inventory,,,,,URL only; full vehicle galleries recorded to avoid huge download,url_only
,https://images.dealersync.com/3067/Photos/1587040/20260921220225812_1790028145.jpg,https://www.carfam.com/pre-owned-cars/detail/2019-Chevrolet-Suburban/1587040,inventory,,,,,URL only; full vehicle galleries recorded to avoid huge download,url_only
,https://images.dealersync.com/3067/Photos/1587040/20260921220237664_1790028157.jpg,https://www.carfam.com/pre-owned-cars/detail/2019-Chevrolet-Suburban/1587040,inventory,,,,,URL only; full vehicle galleries recorded to avoid huge download,url_only
,https://images.dealersync.com/3067/Photos/1587040/20260921220253548_1790028172.jpg,https://www.carfam.com/pre-owned-cars/detail/2019-Chevrolet-Suburban/1587040,inventory,,,,,URL only; full vehicle galleries recorded to avoid huge download,url_only
,https://images.dealersync.com/3067/Photos/1587040/20260921220304888_1790028184.jpg,https://www.carfam.com/pre-owned-cars/detail/2019-Chevrolet-Suburban/1587040,inventory,,,,,URL only; full vehicle galleries recorded to avoid huge download,url_only
,https://images.dealersync.com/3067/Photos/1587040/20260921220327176_1790028206.jpg,https://www.carfam.com/pre-owned-cars/detail/2019-Chevrolet-Suburban/1587040,inventory,,,,,URL only; full vehicle galleries recorded to avoid huge download,url_only
,https://images.dealersync.com/3067/Photos/1587040/20260921220502463_1790028301.jpg,https://www.carfam.com/pre-owned-cars/detail/2019-Chevrolet-Suburban/1587040,inventory,,,,,URL only; full vehicle galleries recorded to avoid huge download,url_only
,https://images.dealersync.com/3067/Photos/1587040/20260921220518734_1790028318.jpg,https://www.carfam.com/pre-owned-cars/detail/2019-Chevrolet-Suburban/1587040,inventory,,,,,URL only; full vehicle galleries recorded to avoid huge download,url_only
,https://images.dealersync.com/3067/Photos/1587040/20260921220534789_1790028334.jpg,https://www.carfam.com/pre-owned-cars/detail/2019-Chevrolet-Suburban/1587040,inventory,,,,,URL only; full vehicle galleries recorded to avoid huge download,url_only
,https://images.dealersync.com/3067/Photos/1587040/20260921220541217_1790028340.jpg,https://www.carfam.com/pre-owned-cars/detail/2019-Chevrolet-Suburban/1587040,inventory,,,,,URL only; full vehicle galleries recorded to avoid huge download,url_only
,https://images.dealersync.com/3067/Photos/1587040/20260921220554161_1790028353.jpg,https://www.carfam.com/pre-owned-cars/detail/2019-Chevrolet-Suburban/1587040,inventory,,,,,URL only; full vehicle galleries recorded to avoid huge download,url_only
,https://images.dealersync.com/3067/Photos/1587040/20260921220603594_1790028363.jpg,https://www.carfam.com/pre-owned-cars/detail/2019-Chevrolet-Suburban/1587040,inventory,,,,,URL only; full vehicle galleries recorded to avoid huge download,url_only
,https://images.dealersync.com/3067/Photos/1587040/20260921220610823_1790028370.jpg,https://www.carfam.com/pre-owned-cars/detail/2019-Chevrolet-Suburban/1587040,inventory,,,,,URL only; full vehicle galleries recorded to avoid huge download,url_only
,https://images.dealersync.com/3067/Photos/1587040/20260921220637215_1790028396.jpg,https://www.carfam.com/pre-owned-cars/detail/2019-Chevrolet-Suburban/1587040,inventory,,,,,URL only; full vehicle galleries recorded to avoid huge download,url_only
,https://images.dealersync.com/3067/Photos/1587040/20260921220703451_1790028422.jpg,https://www.carfam.com/pre-owned-cars/detail/2019-Chevrolet-Suburban/1587040,inventory,,,,,URL only; full vehicle galleries recorded to avoid huge download,url_only
,https://images.dealersync.com/3067/Photos/1587040/20260921220710701_1790028430.jpg,https://www.carfam.com/pre-owned-cars/detail/2019-Chevrolet-Suburban/1587040,inventory,,,,,URL only; full vehicle galleries recorded to avoid huge download,url_only
,https://images.dealersync.com/3067/Photos/1587040/20260921220717788_1790028437.jpg,https://www.carfam.com/pre-owned-cars/detail/2019-Chevrolet-Suburban/1587040,inventory,,,,,URL only; full vehicle galleries recorded to avoid huge download,url_only
,https://images.dealersync.com/3067/Photos/1587040/20260921220725896_1790028445.jpg,https://www.carfam.com/pre-owned-cars/detail/2019-Chevrolet-Suburban/1587040,inventory,,,,,URL only; full vehicle galleries recorded to avoid huge download,url_only
,https://images.dealersync.com/3067/Photos/1587040/20260921220732699_1790028452.jpg,https://www.carfam.com/pre-owned-cars/detail/2019-Chevrolet-Suburban/1587040,inventory,,,,,URL only; full vehicle galleries recorded to avoid huge download,url_only
,https://images.dealersync.com/3067/Photos/1587040/20260921221116164_1790028673.jpg,https://www.carfam.com/pre-owned-cars/detail/2019-Chevrolet-Suburban/1587040,inventory,,,,,URL only; full vehicle galleries recorded to avoid huge download,url_only
,https://images.dealersync.com/3067/Photos/1587040/20260921220739634_1790028459.jpg,https://www.carfam.com/pre-owned-cars/detail/2019-Chevrolet-Suburban/1587040,inventory,,,,,URL only; full vehicle galleries recorded to avoid huge download,url_only
,https://images.dealersync.com/3067/Photos/1587040/20260921221135401_1790028695.jpg,https://www.carfam.com/pre-owned-cars/detail/2019-Chevrolet-Suburban/1587040,inventory,,,,,URL only; full vehicle galleries recorded to avoid huge download,url_only
,https://images.dealersync.com/3067/Photos/1587040/20260921220847504_1790028527.jpg,https://www.carfam.com/pre-owned-cars/detail/2019-Chevrolet-Suburban/1587040,inventory,,,,,URL only; full vehicle galleries recorded to avoid huge download,url_only
,https://images.dealersync.com/3067/Photos/1587040/20260921220859669_1790028539.jpg,https://www.carfam.com/pre-owned-cars/detail/2019-Chevrolet-Suburban/1587040,inventory,,,,,URL only; full vehicle galleries recorded to avoid huge download,url_only
,https://images.dealersync.com/3067/Photos/1587040/20260921220922202_1790028561.jpg,https://www.carfam.com/pre-owned-cars/detail/2019-Chevrolet-Suburban/1587040,inventory,,,,,URL only; full vehicle galleries recorded to avoid huge download,url_only
,https://images.dealersync.com/3067/Photos/1587040/20260921220932867_1790028572.jpg,https://www.carfam.com/pre-owned-cars/detail/2019-Chevrolet-Suburban/1587040,inventory,,,,,URL only; full vehicle galleries recorded to avoid huge download,url_only
,https://images.dealersync.com/3067/Photos/1587151/20260921213622178_1790026581.jpg,https://www.carfam.com/pre-owned-cars/detail/2015-BMW-4-Series/1587151,inventory,,,,,URL only; full vehicle galleries recorded to avoid huge download,url_only
,https://images.dealersync.com/3067/Photos/1587151/20260921213635086_1790026594.jpg,https://www.carfam.com/pre-owned-cars/detail/2015-BMW-4-Series/1587151,inventory,,,,,URL only; full vehicle galleries recorded to avoid huge download,url_only
,https://images.dealersync.com/3067/Photos/1587151/20260921213648091_1790026607.jpg,https://www.carfam.com/pre-owned-cars/detail/2015-BMW-4-Series/1587151,inventory,,,,,URL only; full vehicle galleries recorded to avoid huge download,url_only
,https://images.dealersync.com/3067/Photos/1587151/20260921213703787_1790026623.jpg,https://www.carfam.com/pre-owned-cars/detail/2015-BMW-4-Series/1587151,inventory,,,,,URL only; full vehicle galleries recorded to avoid huge download,url_only
,https://images.dealersync.com/3067/Photos/1587151/20260921213731170_1790026650.jpg,https://www.carfam.com/pre-owned-cars/detail/2015-BMW-4-Series/1587151,inventory,,,,,URL only; full vehicle galleries recorded to avoid huge download,url_only
,https://images.dealersync.com/3067/Photos/1587151/20260921213753201_1790026672.jpg,https://www.carfam.com/pre-owned-cars/detail/2015-BMW-4-Series/1587151,inventory,,,,,URL only; full vehicle galleries recorded to avoid huge download,url_only
,https://images.dealersync.com/3067/Photos/1587151/20260921213802717_1790026682.jpg,https://www.carfam.com/pre-owned-cars/detail/2015-BMW-4-Series/1587151,inventory,,,,,URL only; full vehicle galleries recorded to avoid huge download,url_only
,https://images.dealersync.com/3067/Photos/1587151/20260921213818617_1790026698.jpg,https://www.carfam.com/pre-owned-cars/detail/2015-BMW-4-Series/1587151,inventory,,,,,URL only; full vehicle galleries recorded to avoid huge download,url_only
,https://images.dealersync.com/3067/Photos/1587151/20260921213924736_1790026764.jpg,https://www.carfam.com/pre-owned-cars/detail/2015-BMW-4-Series/1587151,inventory,,,,,URL only; full vehicle galleries recorded to avoid huge download,url_only
,https://images.dealersync.com/3067/Photos/1587151/20260921213831012_1790026710.jpg,https://www.carfam.com/pre-owned-cars/detail/2015-BMW-4-Series/1587151,inventory,,,,,URL only; full vehicle galleries recorded to avoid huge download,url_only
,https://images.dealersync.com/3067/Photos/1587151/20260921213846212_1790026725.jpg,https://www.carfam.com/pre-owned-cars/detail/2015-BMW-4-Series/1587151,inventory,,,,,URL only; full vehicle galleries recorded to avoid huge download,url_only
,https://images.dealersync.com/3067/Photos/1587151/20260921213953580_1790026793.jpg,https://www.carfam.com/pre-owned-cars/detail/2015-BMW-4-Series/1587151,inventory,,,,,URL only; full vehicle galleries recorded to avoid huge download,url_only
,https://images.dealersync.com/3067/Photos/1587151/20260921214004991_1790026800.jpg,https://www.carfam.com/pre-owned-cars/detail/2015-BMW-4-Series/1587151,inventory,,,,,URL only; full vehicle galleries recorded to avoid huge download,url_only
,https://images.dealersync.com/3067/Photos/1587151/20260921214013104_1790026811.jpg,https://www.carfam.com/pre-owned-cars/detail/2015-BMW-4-Series/1587151,inventory,,,,,URL only; full vehicle galleries recorded to avoid huge download,url_only
,https://images.dealersync.com/3067/Photos/1587151/20260921214024046_1790026823.jpg,https://www.carfam.com/pre-owned-cars/detail/2015-BMW-4-Series/1587151,inventory,,,,,URL only; full vehicle galleries recorded to avoid huge download,url_only
,https://images.dealersync.com/3067/Photos/1587151/20260921214033904_1790026833.jpg,https://www.carfam.com/pre-owned-cars/detail/2015-BMW-4-Series/1587151,inventory,,,,,URL only; full vehicle galleries recorded to avoid huge download,url_only
,https://images.dealersync.com/3067/Photos/1587151/20260921214047223_1790026846.jpg,https://www.carfam.com/pre-owned-cars/detail/2015-BMW-4-Series/1587151,inventory,,,,,URL only; full vehicle galleries recorded to avoid huge download,url_only
,https://images.dealersync.com/3067/Photos/1587151/20260921214119062_1790026878.jpg,https://www.carfam.com/pre-owned-cars/detail/2015-BMW-4-Series/1587151,inventory,,,,,URL only; full vehicle galleries recorded to avoid huge download,url_only
,https://images.dealersync.com/3067/Photos/1587151/20260921214126900_1790026886.jpg,https://www.carfam.com/pre-owned-cars/detail/2015-BMW-4-Series/1587151,inventory,,,,,URL only; full vehicle galleries recorded to avoid huge download,url_only
,https://images.dealersync.com/3067/Photos/1587151/20260921214137511_1790026897.jpg,https://www.carfam.com/pre-owned-cars/detail/2015-BMW-4-Series/1587151,inventory,,,,,URL only; full vehicle galleries recorded to avoid huge download,url_only
,https://images.dealersync.com/3067/Photos/1587151/20260921214145618_1790026905.jpg,https://www.carfam.com/pre-owned-cars/detail/2015-BMW-4-Series/1587151,inventory,,,,,URL only; full vehicle galleries recorded to avoid huge download,url_only
,https://images.dealersync.com/3067/Photos/1587151/20260921214250361_1790026969.jpg,https://www.carfam.com/pre-owned-cars/detail/2015-BMW-4-Series/1587151,inventory,,,,,URL only; full vehicle galleries recorded to avoid huge download,url_only
,https://images.dealersync.com/3067/Photos/1587151/20260921214258577_1790026978.jpg,https://www.carfam.com/pre-owned-cars/detail/2015-BMW-4-Series/1587151,inventory,,,,,URL only; full vehicle galleries recorded to avoid huge download,url_only
,https://images.dealersync.com/3067/Photos/1587151/20260921214306757_1790026986.jpg,https://www.carfam.com/pre-owned-cars/detail/2015-BMW-4-Series/1587151,inventory,,,,,URL only; full vehicle galleries recorded to avoid huge download,url_only
,https://images.dealersync.com/3067/Photos/1587151/20260921214448134_1790027087.jpg,https://www.carfam.com/pre-owned-cars/detail/2015-BMW-4-Series/1587151,inventory,,,,,URL only; full vehicle galleries recorded to avoid huge download,url_only
,https://images.dealersync.com/3067/Photos/1587151/20260921214322094_1790027001.jpg,https://www.carfam.com/pre-owned-cars/detail/2015-BMW-4-Series/1587151,inventory,,,,,URL only; full vehicle galleries recorded to avoid huge download,url_only
,https://images.dealersync.com/3067/Photos/1587151/20260921214347185_1790027026.jpg,https://www.carfam.com/pre-owned-cars/detail/2015-BMW-4-Series/1587151,inventory,,,,,URL only; full vehicle galleries recorded to avoid huge download,url_only
,https://images.dealersync.com/3067/Photos/1587151/20260921214356791_1790027036.jpg,https://www.carfam.com/pre-owned-cars/detail/2015-BMW-4-Series/1587151,inventory,,,,,URL only; full vehicle galleries recorded to avoid huge download,url_only
,https://images.dealersync.com/3067/Photos/1587151/20260921214406609_1790027046.jpg,https://www.carfam.com/pre-owned-cars/detail/2015-BMW-4-Series/1587151,inventory,,,,,URL only; full vehicle galleries recorded to avoid huge download,url_only
,https://images.dealersync.com/3067/Photos/1587151/20260921214415713_1790027055.jpg,https://www.carfam.com/pre-owned-cars/detail/2015-BMW-4-Series/1587151,inventory,,,,,URL only; full vehicle galleries recorded to avoid huge download,url_only
,https://images.dealersync.com/3067/Photos/1587151/20260921214428673_1790027068.jpg,https://www.carfam.com/pre-owned-cars/detail/2015-BMW-4-Series/1587151,inventory,,,,,URL only; full vehicle galleries recorded to avoid huge download,url_only
,https://images.dealersync.com/3067/Photos/1587152/wm_5babd14c56cf45809c70d89903259c83_1587152.jpg,https://www.carfam.com/pre-owned-cars/detail/2024-Kia-K5/1587152,inventory,,,,,URL only; full vehicle galleries recorded to avoid huge download,url_only
,https://images.dealersync.com/3067/Photos/1587152/20260922001256243_1790035975.jpg,https://www.carfam.com/pre-owned-cars/detail/2024-Kia-K5/1587152,inventory,,,,,URL only; full vehicle galleries recorded to avoid huge download,url_only
,https://images.dealersync.com/3067/Photos/1587152/20260922001313966_1790035989.jpg,https://www.carfam.com/pre-owned-cars/detail/2024-Kia-K5/1587152,inventory,,,,,URL only; full vehicle galleries recorded to avoid huge download,url_only
,https://images.dealersync.com/3067/Photos/1587152/20260922001316888_1790035996.jpg,https://www.carfam.com/pre-owned-cars/detail/2024-Kia-K5/1587152,inventory,,,,,URL only; full vehicle galleries recorded to avoid huge download,url_only
,https://images.dealersync.com/3067/Photos/1587152/20260922001329071_1790036008.jpg,https://www.carfam.com/pre-owned-cars/detail/2024-Kia-K5/1587152,inventory,,,,,URL only; full vehicle galleries recorded to avoid huge download,url_only
,https://images.dealersync.com/3067/Photos/1587152/20260922001344434_1790036023.jpg,https://www.carfam.com/pre-owned-cars/detail/2024-Kia-K5/1587152,inventory,,,,,URL only; full vehicle galleries recorded to avoid huge download,url_only
,https://images.dealersync.com/3067/Photos/1587152/20260922001355896_1790036035.jpg,https://www.carfam.com/pre-owned-cars/detail/2024-Kia-K5/1587152,inventory,,,,,URL only; full vehicle galleries recorded to avoid huge download,url_only
,https://images.dealersync.com/3067/Photos/1587152/20260922001403277_1790036042.jpg,https://www.carfam.com/pre-owned-cars/detail/2024-Kia-K5/1587152,inventory,,,,,URL only; full vehicle galleries recorded to avoid huge download,url_only
,https://images.dealersync.com/3067/Photos/1587152/20260922001426615_1790036066.jpg,https://www.carfam.com/pre-owned-cars/detail/2024-Kia-K5/1587152,inventory,,,,,URL only; full vehicle galleries recorded to avoid huge download,url_only
,https://images.dealersync.com/3067/Photos/1587152/20260922001432451_1790036072.jpg,https://www.carfam.com/pre-owned-cars/detail/2024-Kia-K5/1587152,inventory,,,,,URL only; full vehicle galleries recorded to avoid huge download,url_only
,https://images.dealersync.com/3067/Photos/1587152/20260922001444550_1790036084.jpg,https://www.carfam.com/pre-owned-cars/detail/2024-Kia-K5/1587152,inventory,,,,,URL only; full vehicle galleries recorded to avoid huge download,url_only
,https://images.dealersync.com/3067/Photos/1587152/20260922001513549_1790036113.jpg,https://www.carfam.com/pre-owned-cars/detail/2024-Kia-K5/1587152,inventory,,,,,URL only; full vehicle galleries recorded to avoid huge download,url_only
,https://images.dealersync.com/3067/Photos/1587152/20260922001527484_1790036127.jpg,https://www.carfam.com/pre-owned-cars/detail/2024-Kia-K5/1587152,inventory,,,,,URL only; full vehicle galleries recorded to avoid huge download,url_only
,https://images.dealersync.com/3067/Photos/1587152/20260922001532762_1790036132.jpg,https://www.carfam.com/pre-owned-cars/detail/2024-Kia-K5/1587152,inventory,,,,,URL only; full vehicle galleries recorded to avoid huge download,url_only
,https://images.dealersync.com/3067/Photos/1587152/20260922001544943_1790036144.jpg,https://www.carfam.com/pre-owned-cars/detail/2024-Kia-K5/1587152,inventory,,,,,URL only; full vehicle galleries recorded to avoid huge download,url_only
,https://images.dealersync.com/3067/Photos/1587152/20260922001553340_1790036153.jpg,https://www.carfam.com/pre-owned-cars/detail/2024-Kia-K5/1587152,inventory,,,,,URL only; full vehicle galleries recorded to avoid huge download,url_only
,https://images.dealersync.com/3067/Photos/1587152/20260922001601916_1790036161.jpg,https://www.carfam.com/pre-owned-cars/detail/2024-Kia-K5/1587152,inventory,,,,,URL only; full vehicle galleries recorded to avoid huge download,url_only
,https://images.dealersync.com/3067/Photos/1587152/20260922001625217_1790036184.jpg,https://www.carfam.com/pre-owned-cars/detail/2024-Kia-K5/1587152,inventory,,,,,URL only; full vehicle galleries recorded to avoid huge download,url_only
,https://images.dealersync.com/3067/Photos/1587152/20260922001631083_1790036190.jpg,https://www.carfam.com/pre-owned-cars/detail/2024-Kia-K5/1587152,inventory,,,,,URL only; full vehicle galleries recorded to avoid huge download,url_only
,https://images.dealersync.com/3067/Photos/1587152/20260922001638144_1790036197.jpg,https://www.carfam.com/pre-owned-cars/detail/2024-Kia-K5/1587152,inventory,,,,,URL only; full vehicle galleries recorded to avoid huge download,url_only
,https://images.dealersync.com/3067/Photos/1587152/20260922001701896_1790036221.jpg,https://www.carfam.com/pre-owned-cars/detail/2024-Kia-K5/1587152,inventory,,,,,URL only; full vehicle galleries recorded to avoid huge download,url_only
,https://images.dealersync.com/3067/Photos/1587152/20260922001711188_1790036230.jpg,https://www.carfam.com/pre-owned-cars/detail/2024-Kia-K5/1587152,inventory,,,,,URL only; full vehicle galleries recorded to avoid huge download,url_only
,https://images.dealersync.com/3067/Photos/1587152/20260922001719344_1790036238.jpg,https://www.carfam.com/pre-owned-cars/detail/2024-Kia-K5/1587152,inventory,,,,,URL only; full vehicle galleries recorded to avoid huge download,url_only
,https://images.dealersync.com/3067/Photos/1587152/20260922001950246_1790036389.jpg,https://www.carfam.com/pre-owned-cars/detail/2024-Kia-K5/1587152,inventory,,,,,URL only; full vehicle galleries recorded to avoid huge download,url_only
,https://images.dealersync.com/3067/Photos/1587152/20260922001734454_1790036254.jpg,https://www.carfam.com/pre-owned-cars/detail/2024-Kia-K5/1587152,inventory,,,,,URL only; full vehicle galleries recorded to avoid huge download,url_only
,https://images.dealersync.com/3067/Photos/1587152/20260922001811246_1790036290.jpg,https://www.carfam.com/pre-owned-cars/detail/2024-Kia-K5/1587152,inventory,,,,,URL only; full vehicle galleries recorded to avoid huge download,url_only
,https://images.dealersync.com/3067/Photos/1587152/20260922001822694_1790036298.jpg,https://www.carfam.com/pre-owned-cars/detail/2024-Kia-K5/1587152,inventory,,,,,URL only; full vehicle galleries recorded to avoid huge download,url_only
,https://images.dealersync.com/3067/Photos/1587152/20260922001910442_1790036349.jpg,https://www.carfam.com/pre-owned-cars/detail/2024-Kia-K5/1587152,inventory,,,,,URL only; full vehicle galleries recorded to avoid huge download,url_only
,https://images.dealersync.com/3067/Photos/1587152/20260922001834008_1790036313.jpg,https://www.carfam.com/pre-owned-cars/detail/2024-Kia-K5/1587152,inventory,,,,,URL only; full vehicle galleries recorded to avoid huge download,url_only
,https://images.dealersync.com/3067/Photos/1587152/20260922001928497_1790036367.jpg,https://www.carfam.com/pre-owned-cars/detail/2024-Kia-K5/1587152,inventory,,,,,URL only; full vehicle galleries recorded to avoid huge download,url_only
,https://images.dealersync.com/3067/Photos/1587572/wm_468048a71c164d1baad37c0b76bc56f4_1587572.jpg,https://www.carfam.com/pre-owned-cars/detail/2017-Cadillac-Escalade-ESV/1587572,inventory,,,,,URL only; full vehicle galleries recorded to avoid huge download,url_only
,https://images.dealersync.com/3067/Photos/1587572/20260924191036870_1790277036.jpg,https://www.carfam.com/pre-owned-cars/detail/2017-Cadillac-Escalade-ESV/1587572,inventory,,,,,URL only; full vehicle galleries recorded to avoid huge download,url_only
,https://images.dealersync.com/3067/Photos/1587572/20260924191051847_1790277051.jpg,https://www.carfam.com/pre-owned-cars/detail/2017-Cadillac-Escalade-ESV/1587572,inventory,,,,,URL only; full vehicle galleries recorded to avoid huge download,url_only
,https://images.dealersync.com/3067/Photos/1587572/20260924191123921_1790277083.jpg,https://www.carfam.com/pre-owned-cars/detail/2017-Cadillac-Escalade-ESV/1587572,inventory,,,,,URL only; full vehicle galleries recorded to avoid huge download,url_only
,https://images.dealersync.com/3067/Photos/1587572/20260924191137638_1790277097.jpg,https://www.carfam.com/pre-owned-cars/detail/2017-Cadillac-Escalade-ESV/1587572,inventory,,,,,URL only; full vehicle galleries recorded to avoid huge download,url_only
,https://images.dealersync.com/3067/Photos/1587572/20260924191156651_1790277116.jpg,https://www.carfam.com/pre-owned-cars/detail/2017-Cadillac-Escalade-ESV/1587572,inventory,,,,,URL only; full vehicle galleries recorded to avoid huge download,url_only
,https://images.dealersync.com/3067/Photos/1587572/20260924191213249_1790277132.jpg,https://www.carfam.com/pre-owned-cars/detail/2017-Cadillac-Escalade-ESV/1587572,inventory,,,,,URL only; full vehicle galleries recorded to avoid huge download,url_only
,https://images.dealersync.com/3067/Photos/1587572/20260924191230898_1790277150.jpg,https://www.carfam.com/pre-owned-cars/detail/2017-Cadillac-Escalade-ESV/1587572,inventory,,,,,URL only; full vehicle galleries recorded to avoid huge download,url_only
,https://images.dealersync.com/3067/Photos/1587572/20260924191248631_1790277168.jpg,https://www.carfam.com/pre-owned-cars/detail/2017-Cadillac-Escalade-ESV/1587572,inventory,,,,,URL only; full vehicle galleries recorded to avoid huge download,url_only
,https://images.dealersync.com/3067/Photos/1587572/20260924191307546_1790277187.jpg,https://www.carfam.com/pre-owned-cars/detail/2017-Cadillac-Escalade-ESV/1587572,inventory,,,,,URL only; full vehicle galleries recorded to avoid huge download,url_only
,https://images.dealersync.com/3067/Photos/1587572/20260924191316451_1790277196.jpg,https://www.carfam.com/pre-owned-cars/detail/2017-Cadillac-Escalade-ESV/1587572,inventory,,,,,URL only; full vehicle galleries recorded to avoid huge download,url_only
,https://images.dealersync.com/3067/Photos/1587572/20260924191343554_1790277223.jpg,https://www.carfam.com/pre-owned-cars/detail/2017-Cadillac-Escalade-ESV/1587572,inventory,,,,,URL only; full vehicle galleries recorded to avoid huge download,url_only
,https://images.dealersync.com/3067/Photos/1587572/20260924191351494_1790277230.jpg,https://www.carfam.com/pre-owned-cars/detail/2017-Cadillac-Escalade-ESV/1587572,inventory,,,,,URL only; full vehicle galleries recorded to avoid huge download,url_only
,https://images.dealersync.com/3067/Photos/1587572/20260924191406954_1790277246.jpg,https://www.carfam.com/pre-owned-cars/detail/2017-Cadillac-Escalade-ESV/1587572,inventory,,,,,URL only; full vehicle galleries recorded to avoid huge download,url_only
,https://images.dealersync.com/3067/Photos/1587572/20260924191430823_1790277270.jpg,https://www.carfam.com/pre-owned-cars/detail/2017-Cadillac-Escalade-ESV/1587572,inventory,,,,,URL only; full vehicle galleries recorded to avoid huge download,url_only
,https://images.dealersync.com/3067/Photos/1587572/20260924191448900_1790277288.jpg,https://www.carfam.com/pre-owned-cars/detail/2017-Cadillac-Escalade-ESV/1587572,inventory,,,,,URL only; full vehicle galleries recorded to avoid huge download,url_only
,https://images.dealersync.com/3067/Photos/1587572/20260924191510888_1790277310.jpg,https://www.carfam.com/pre-owned-cars/detail/2017-Cadillac-Escalade-ESV/1587572,inventory,,,,,URL only; full vehicle galleries recorded to avoid huge download,url_only
,https://images.dealersync.com/3067/Photos/1587572/20260924191528190_1790277327.jpg,https://www.carfam.com/pre-owned-cars/detail/2017-Cadillac-Escalade-ESV/1587572,inventory,,,,,URL only; full vehicle galleries recorded to avoid huge download,url_only
,https://images.dealersync.com/3067/Photos/1587572/20260924191618730_1790277378.jpg,https://www.carfam.com/pre-owned-cars/detail/2017-Cadillac-Escalade-ESV/1587572,inventory,,,,,URL only; full vehicle galleries recorded to avoid huge download,url_only
,https://images.dealersync.com/3067/Photos/1587572/20260924191635926_1790277395.jpg,https://www.carfam.com/pre-owned-cars/detail/2017-Cadillac-Escalade-ESV/1587572,inventory,,,,,URL only; full vehicle galleries recorded to avoid huge download,url_only
,https://images.dealersync.com/3067/Photos/1587572/20260924191646783_1790277406.jpg,https://www.carfam.com/pre-owned-cars/detail/2017-Cadillac-Escalade-ESV/1587572,inventory,,,,,URL only; full vehicle galleries recorded to avoid huge download,url_only
,https://images.dealersync.com/3067/Photos/1587572/20260924191828289_1790277507.jpg,https://www.carfam.com/pre-owned-cars/detail/2017-Cadillac-Escalade-ESV/1587572,inventory,,,,,URL only; full vehicle galleries recorded to avoid huge download,url_only
,https://images.dealersync.com/3067/Photos/1587572/20260924191853884_1790277533.jpg,https://www.carfam.com/pre-owned-cars/detail/2017-Cadillac-Escalade-ESV/1587572,inventory,,,,,URL only; full vehicle galleries recorded to avoid huge download,url_only
,https://images.dealersync.com/3067/Photos/1587572/20260924191903401_1790277543.jpg,https://www.carfam.com/pre-owned-cars/detail/2017-Cadillac-Escalade-ESV/1587572,inventory,,,,,URL only; full vehicle galleries recorded to avoid huge download,url_only
,https://images.dealersync.com/3067/Photos/1587572/20260924191924865_1790277564.jpg,https://www.carfam.com/pre-owned-cars/detail/2017-Cadillac-Escalade-ESV/1587572,inventory,,,,,URL only; full vehicle galleries recorded to avoid huge download,url_only
,https://images.dealersync.com/3067/Photos/1587572/20260924191930721_1790277570.jpg,https://www.carfam.com/pre-owned-cars/detail/2017-Cadillac-Escalade-ESV/1587572,inventory,,,,,URL only; full vehicle galleries recorded to avoid huge download,url_only
,https://images.dealersync.com/3067/Photos/1587572/20260924192059558_1790277659.jpg,https://www.carfam.com/pre-owned-cars/detail/2017-Cadillac-Escalade-ESV/1587572,inventory,,,,,URL only; full vehicle galleries recorded to avoid huge download,url_only
,https://images.dealersync.com/3067/Photos/1587572/20260924192117548_1790277677.jpg,https://www.carfam.com/pre-owned-cars/detail/2017-Cadillac-Escalade-ESV/1587572,inventory,,,,,URL only; full vehicle galleries recorded to avoid huge download,url_only
,https://images.dealersync.com/3067/Photos/1587572/20260924192212757_1790277726.jpg,https://www.carfam.com/pre-owned-cars/detail/2017-Cadillac-Escalade-ESV/1587572,inventory,,,,,URL only; full vehicle galleries recorded to avoid huge download,url_only
,https://images.dealersync.com/3067/Photos/1587572/20260924192234560_1790277754.jpg,https://www.carfam.com/pre-owned-cars/detail/2017-Cadillac-Escalade-ESV/1587572,inventory,,,,,URL only; full vehicle galleries recorded to avoid huge download,url_only
,https://images.dealersync.com/3067/Photos/1587572/20260924192415967_1790277855.jpg,https://www.carfam.com/pre-owned-cars/detail/2017-Cadillac-Escalade-ESV/1587572,inventory,,,,,URL only; full vehicle galleries recorded to avoid huge download,url_only
,https://images.dealersync.com/3067/Photos/1587572/20260924192248344_1790277768.jpg,https://www.carfam.com/pre-owned-cars/detail/2017-Cadillac-Escalade-ESV/1587572,inventory,,,,,URL only; full vehicle galleries recorded to avoid huge download,url_only
,https://images.dealersync.com/3067/Photos/1587572/20260924192256046_1790277775.jpg,https://www.carfam.com/pre-owned-cars/detail/2017-Cadillac-Escalade-ESV/1587572,inventory,,,,,URL only; full vehicle galleries recorded to avoid huge download,url_only
,https://images.dealersync.com/3067/Photos/1587572/20260924192302775_1790277782.jpg,https://www.carfam.com/pre-owned-cars/detail/2017-Cadillac-Escalade-ESV/1587572,inventory,,,,,URL only; full vehicle galleries recorded to avoid huge download,url_only
,https://images.dealersync.com/3067/Photos/1587572/20260924192309454_1790277789.jpg,https://www.carfam.com/pre-owned-cars/detail/2017-Cadillac-Escalade-ESV/1587572,inventory,,,,,URL only; full vehicle galleries recorded to avoid huge download,url_only
,https://images.dealersync.com/3067/Photos/1587572/20260924192325354_1790277800.jpg,https://www.carfam.com/pre-owned-cars/detail/2017-Cadillac-Escalade-ESV/1587572,inventory,,,,,URL only; full vehicle galleries recorded to avoid huge download,url_only
,https://images.dealersync.com/3067/Photos/1587572/20260924192326870_1790277806.jpg,https://www.carfam.com/pre-owned-cars/detail/2017-Cadillac-Escalade-ESV/1587572,inventory,,,,,URL only; full vehicle galleries recorded to avoid huge download,url_only
,https://images.dealersync.com/3067/Photos/1587572/20260924192349452_1790277828.jpg,https://www.carfam.com/pre-owned-cars/detail/2017-Cadillac-Escalade-ESV/1587572,inventory,,,,,URL only; full vehicle galleries recorded to avoid huge download,url_only
,https://images.dealersync.com/3067/Photos/1590746/wm_b61bce8984b54301833afc996faf419e_1590746.jpg,https://www.carfam.com/pre-owned-cars/detail/2017-Ford-Fusion-Energi/1590746,inventory,,,,,URL only; full vehicle galleries recorded to avoid huge download,url_only
,https://images.dealersync.com/3067/Photos/1590746/20261002183835796_1790966315.jpg,https://www.carfam.com/pre-owned-cars/detail/2017-Ford-Fusion-Energi/1590746,inventory,,,,,URL only; full vehicle galleries recorded to avoid huge download,url_only
,https://images.dealersync.com/3067/Photos/1590746/20261002183850442_1790966330.jpg,https://www.carfam.com/pre-owned-cars/detail/2017-Ford-Fusion-Energi/1590746,inventory,,,,,URL only; full vehicle galleries recorded to avoid huge download,url_only
,https://images.dealersync.com/3067/Photos/1590746/20261002183857827_1790966337.jpg,https://www.carfam.com/pre-owned-cars/detail/2017-Ford-Fusion-Energi/1590746,inventory,,,,,URL only; full vehicle galleries recorded to avoid huge download,url_only
,https://images.dealersync.com/3067/Photos/1590746/20261002183907411_1790966347.jpg,https://www.carfam.com/pre-owned-cars/detail/2017-Ford-Fusion-Energi/1590746,inventory,,,,,URL only; full vehicle galleries recorded to avoid huge download,url_only
,https://images.dealersync.com/3067/Photos/1590746/20261002183929122_1790966368.jpg,https://www.carfam.com/pre-owned-cars/detail/2017-Ford-Fusion-Energi/1590746,inventory,,,,,URL only; full vehicle galleries recorded to avoid huge download,url_only
,https://images.dealersync.com/3067/Photos/1590746/20261002183950989_1790966390.jpg,https://www.carfam.com/pre-owned-cars/detail/2017-Ford-Fusion-Energi/1590746,inventory,,,,,URL only; full vehicle galleries recorded to avoid huge download,url_only
,https://images.dealersync.com/3067/Photos/1590746/20261002184001069_1790966400.jpg,https://www.carfam.com/pre-owned-cars/detail/2017-Ford-Fusion-Energi/1590746,inventory,,,,,URL only; full vehicle galleries recorded to avoid huge download,url_only
,https://images.dealersync.com/3067/Photos/1590746/20261002184145013_1790966504.jpg,https://www.carfam.com/pre-owned-cars/detail/2017-Ford-Fusion-Energi/1590746,inventory,,,,,URL only; full vehicle galleries recorded to avoid huge download,url_only
,https://images.dealersync.com/3067/Photos/1590746/20261002184300501_1790966579.jpg,https://www.carfam.com/pre-owned-cars/detail/2017-Ford-Fusion-Energi/1590746,inventory,,,,,URL only; full vehicle galleries recorded to avoid huge download,url_only
,https://images.dealersync.com/3067/Photos/1590746/20261002184316029_1790966595.jpg,https://www.carfam.com/pre-owned-cars/detail/2017-Ford-Fusion-Energi/1590746,inventory,,,,,URL only; full vehicle galleries recorded to avoid huge download,url_only
,https://images.dealersync.com/3067/Photos/1590746/20261002184337862_1790966617.jpg,https://www.carfam.com/pre-owned-cars/detail/2017-Ford-Fusion-Energi/1590746,inventory,,,,,URL only; full vehicle galleries recorded to avoid huge download,url_only
,https://images.dealersync.com/3067/Photos/1590746/20261002184411939_1790966651.jpg,https://www.carfam.com/pre-owned-cars/detail/2017-Ford-Fusion-Energi/1590746,inventory,,,,,URL only; full vehicle galleries recorded to avoid huge download,url_only
,https://images.dealersync.com/3067/Photos/1590746/20261002184423075_1790966662.jpg,https://www.carfam.com/pre-owned-cars/detail/2017-Ford-Fusion-Energi/1590746,inventory,,,,,URL only; full vehicle galleries recorded to avoid huge download,url_only
,https://images.dealersync.com/3067/Photos/1590746/20261002184437123_1790966676.jpg,https://www.carfam.com/pre-owned-cars/detail/2017-Ford-Fusion-Energi/1590746,inventory,,,,,URL only; full vehicle galleries recorded to avoid huge download,url_only
,https://images.dealersync.com/3067/Photos/1590746/20261002184452008_1790966691.jpg,https://www.carfam.com/pre-owned-cars/detail/2017-Ford-Fusion-Energi/1590746,inventory,,,,,URL only; full vehicle galleries recorded to avoid huge download,url_only
,https://images.dealersync.com/3067/Photos/1590746/20261002184501396_1790966700.jpg,https://www.carfam.com/pre-owned-cars/detail/2017-Ford-Fusion-Energi/1590746,inventory,,,,,URL only; full vehicle galleries recorded to avoid huge download,url_only
,https://images.dealersync.com/3067/Photos/1590746/20261002184506252_1790966705.jpg,https://www.carfam.com/pre-owned-cars/detail/2017-Ford-Fusion-Energi/1590746,inventory,,,,,URL only; full vehicle galleries recorded to avoid huge download,url_only
,https://images.dealersync.com/3067/Photos/1590746/20261002184625654_1790966784.jpg,https://www.carfam.com/pre-owned-cars/detail/2017-Ford-Fusion-Energi/1590746,inventory,,,,,URL only; full vehicle galleries recorded to avoid huge download,url_only
,https://images.dealersync.com/3067/Photos/1590746/20261002184724510_1790966844.jpg,https://www.carfam.com/pre-owned-cars/detail/2017-Ford-Fusion-Energi/1590746,inventory,,,,,URL only; full vehicle galleries recorded to avoid huge download,url_only
,https://images.dealersync.com/3067/Photos/1590746/20261002184737173_1790966856.jpg,https://www.carfam.com/pre-owned-cars/detail/2017-Ford-Fusion-Energi/1590746,inventory,,,,,URL only; full vehicle galleries recorded to avoid huge download,url_only
,https://images.dealersync.com/3067/Photos/1590746/20261002184743401_1790966862.jpg,https://www.carfam.com/pre-owned-cars/detail/2017-Ford-Fusion-Energi/1590746,inventory,,,,,URL only; full vehicle galleries recorded to avoid huge download,url_only
,https://images.dealersync.com/3067/Photos/1590746/20261002184850878_1790966930.jpg,https://www.carfam.com/pre-owned-cars/detail/2017-Ford-Fusion-Energi/1590746,inventory,,,,,URL only; full vehicle galleries recorded to avoid huge download,url_only
,https://images.dealersync.com/3067/Photos/1590746/20261002184753596_1790966873.jpg,https://www.carfam.com/pre-owned-cars/detail/2017-Ford-Fusion-Energi/1590746,inventory,,,,,URL only; full vehicle galleries recorded to avoid huge download,url_only
,https://images.dealersync.com/3067/Photos/1590746/20261002184823153_1790966902.jpg,https://www.carfam.com/pre-owned-cars/detail/2017-Ford-Fusion-Energi/1590746,inventory,,,,,URL only; full vehicle galleries recorded to avoid huge download,url_only
,https://images.dealersync.com/3067/Photos/1590746/20261002184827899_1790966907.jpg,https://www.carfam.com/pre-owned-cars/detail/2017-Ford-Fusion-Energi/1590746,inventory,,,,,URL only; full vehicle galleries recorded to avoid huge download,url_only
,https://images.dealersync.com/3067/Photos/1590746/20261002184834469_1790966914.jpg,https://www.carfam.com/pre-owned-cars/detail/2017-Ford-Fusion-Energi/1590746,inventory,,,,,URL only; full vehicle galleries recorded to avoid huge download,url_only
,https://images.dealersync.com/3067/Photos/1590747/wm_11c4eddb58e0440992605c4af92bc701_1590747.jpg,https://www.carfam.com/pre-owned-cars/detail/2020-Ram-1500/1590747,inventory,,,,,URL only; full vehicle galleries recorded to avoid huge download,url_only
,https://images.dealersync.com/3067/Photos/1590747/20260928211448097_1790630087.jpg,https://www.carfam.com/pre-owned-cars/detail/2020-Ram-1500/1590747,inventory,,,,,URL only; full vehicle galleries recorded to avoid huge download,url_only
,https://images.dealersync.com/3067/Photos/1590747/20260928211456550_1790630096.jpg,https://www.carfam.com/pre-owned-cars/detail/2020-Ram-1500/1590747,inventory,,,,,URL only; full vehicle galleries recorded to avoid huge download,url_only
,https://images.dealersync.com/3067/Photos/1590747/20260928211521162_1790630120.jpg,https://www.carfam.com/pre-owned-cars/detail/2020-Ram-1500/1590747,inventory,,,,,URL only; full vehicle galleries recorded to avoid huge download,url_only
,https://images.dealersync.com/3067/Photos/1590747/20260928211544742_1790630144.jpg,https://www.carfam.com/pre-owned-cars/detail/2020-Ram-1500/1590747,inventory,,,,,URL only; full vehicle galleries recorded to avoid huge download,url_only
,https://images.dealersync.com/3067/Photos/1590747/20260928211605091_1790630164.jpg,https://www.carfam.com/pre-owned-cars/detail/2020-Ram-1500/1590747,inventory,,,,,URL only; full vehicle galleries recorded to avoid huge download,url_only
,https://images.dealersync.com/3067/Photos/1590747/20260928211611686_1790630171.jpg,https://www.carfam.com/pre-owned-cars/detail/2020-Ram-1500/1590747,inventory,,,,,URL only; full vehicle galleries recorded to avoid huge download,url_only
,https://images.dealersync.com/3067/Photos/1590747/20260928211625984_1790630185.jpg,https://www.carfam.com/pre-owned-cars/detail/2020-Ram-1500/1590747,inventory,,,,,URL only; full vehicle galleries recorded to avoid huge download,url_only
,https://images.dealersync.com/3067/Photos/1590747/20260928211647811_1790630207.jpg,https://www.carfam.com/pre-owned-cars/detail/2020-Ram-1500/1590747,inventory,,,,,URL only; full vehicle galleries recorded to avoid huge download,url_only
,https://images.dealersync.com/3067/Photos/1590747/20260928211653876_1790630213.jpg,https://www.carfam.com/pre-owned-cars/detail/2020-Ram-1500/1590747,inventory,,,,,URL only; full vehicle galleries recorded to avoid huge download,url_only
,https://images.dealersync.com/3067/Photos/1590747/20260928211732497_1790630252.jpg,https://www.carfam.com/pre-owned-cars/detail/2020-Ram-1500/1590747,inventory,,,,,URL only; full vehicle galleries recorded to avoid huge download,url_only
,https://images.dealersync.com/3067/Photos/1590747/20260928211741422_1790630260.jpg,https://www.carfam.com/pre-owned-cars/detail/2020-Ram-1500/1590747,inventory,,,,,URL only; full vehicle galleries recorded to avoid huge download,url_only
,https://images.dealersync.com/3067/Photos/1590747/20260928211749251_1790630268.jpg,https://www.carfam.com/pre-owned-cars/detail/2020-Ram-1500/1590747,inventory,,,,,URL only; full vehicle galleries recorded to avoid huge download,url_only
,https://images.dealersync.com/3067/Photos/1590747/20260928211820006_1790630299.jpg,https://www.carfam.com/pre-owned-cars/detail/2020-Ram-1500/1590747,inventory,,,,,URL only; full vehicle galleries recorded to avoid huge download,url_only
,https://images.dealersync.com/3067/Photos/1590747/20260928211832946_1790630312.jpg,https://www.carfam.com/pre-owned-cars/detail/2020-Ram-1500/1590747,inventory,,,,,URL only; full vehicle galleries recorded to avoid huge download,url_only
,https://images.dealersync.com/3067/Photos/1590747/20260928211838306_1790630317.jpg,https://www.carfam.com/pre-owned-cars/detail/2020-Ram-1500/1590747,inventory,,,,,URL only; full vehicle galleries recorded to avoid huge download,url_only
,https://images.dealersync.com/3067/Photos/1590747/20260928211902720_1790630342.jpg,https://www.carfam.com/pre-owned-cars/detail/2020-Ram-1500/1590747,inventory,,,,,URL only; full vehicle galleries recorded to avoid huge download,url_only
,https://images.dealersync.com/3067/Photos/1590747/20260928211909298_1790630348.jpg,https://www.carfam.com/pre-owned-cars/detail/2020-Ram-1500/1590747,inventory,,,,,URL only; full vehicle galleries recorded to avoid huge download,url_only
,https://images.dealersync.com/3067/Photos/1590747/20260928211935862_1790630375.jpg,https://www.carfam.com/pre-owned-cars/detail/2020-Ram-1500/1590747,inventory,,,,,URL only; full vehicle galleries recorded to avoid huge download,url_only
,https://images.dealersync.com/3067/Photos/1590747/20260928211946838_1790630386.jpg,https://www.carfam.com/pre-owned-cars/detail/2020-Ram-1500/1590747,inventory,,,,,URL only; full vehicle galleries recorded to avoid huge download,url_only
,https://images.dealersync.com/3067/Photos/1590747/20260928211952447_1790630392.jpg,https://www.carfam.com/pre-owned-cars/detail/2020-Ram-1500/1590747,inventory,,,,,URL only; full vehicle galleries recorded to avoid huge download,url_only
,https://images.dealersync.com/3067/Photos/1590747/20260928212100753_1790630460.jpg,https://www.carfam.com/pre-owned-cars/detail/2020-Ram-1500/1590747,inventory,,,,,URL only; full vehicle galleries recorded to avoid huge download,url_only
,https://images.dealersync.com/3067/Photos/1590747/20260928212144736_1790630504.jpg,https://www.carfam.com/pre-owned-cars/detail/2020-Ram-1500/1590747,inventory,,,,,URL only; full vehicle galleries recorded to avoid huge download,url_only
,https://images.dealersync.com/3067/Photos/1590747/20260928212318102_1790630565.jpg,https://www.carfam.com/pre-owned-cars/detail/2020-Ram-1500/1590747,inventory,,,,,URL only; full vehicle galleries recorded to avoid huge download,url_only
,https://images.dealersync.com/3067/Photos/1590747/20260928212202096_1790630521.jpg,https://www.carfam.com/pre-owned-cars/detail/2020-Ram-1500/1590747,inventory,,,,,URL only; full vehicle galleries recorded to avoid huge download,url_only
,https://images.dealersync.com/3067/Photos/1590747/20260928212208603_1790630528.jpg,https://www.carfam.com/pre-owned-cars/detail/2020-Ram-1500/1590747,inventory,,,,,URL only; full vehicle galleries recorded to avoid huge download,url_only
,https://images.dealersync.com/3067/Photos/1590747/20260928212217964_1790630537.jpg,https://www.carfam.com/pre-owned-cars/detail/2020-Ram-1500/1590747,inventory,,,,,URL only; full vehicle galleries recorded to avoid huge download,url_only
,https://images.dealersync.com/3067/Photos/1590747/20260928211923532_1790630363.jpg,https://www.carfam.com/pre-owned-cars/detail/2020-Ram-1500/1590747,inventory,,,,,URL only; full vehicle galleries recorded to avoid huge download,url_only
,https://images.dealersync.com/3067/Photos/1590894/wm_41e8de70ea8745fd85b10c566e93a064_1590894.jpg,https://www.carfam.com/pre-owned-cars/detail/2015-Cadillac-Escalade-ESV/1590894,inventory,,,,,URL only; full vehicle galleries recorded to avoid huge download,url_only
,https://images.dealersync.com/3067/Photos/1590894/20261002170738269_1790960857.jpg,https://www.carfam.com/pre-owned-cars/detail/2015-Cadillac-Escalade-ESV/1590894,inventory,,,,,URL only; full vehicle galleries recorded to avoid huge download,url_only
,https://images.dealersync.com/3067/Photos/1590894/20261002170756046_1790960875.jpg,https://www.carfam.com/pre-owned-cars/detail/2015-Cadillac-Escalade-ESV/1590894,inventory,,,,,URL only; full vehicle galleries recorded to avoid huge download,url_only
,https://images.dealersync.com/3067/Photos/1590894/20261002170807938_1790960887.jpg,https://www.carfam.com/pre-owned-cars/detail/2015-Cadillac-Escalade-ESV/1590894,inventory,,,,,URL only; full vehicle galleries recorded to avoid huge download,url_only
,https://images.dealersync.com/3067/Photos/1590894/20261002170839354_1790960919.jpg,https://www.carfam.com/pre-owned-cars/detail/2015-Cadillac-Escalade-ESV/1590894,inventory,,,,,URL only; full vehicle galleries recorded to avoid huge download,url_only
,https://images.dealersync.com/3067/Photos/1590894/20261002170856072_1790960935.jpg,https://www.carfam.com/pre-owned-cars/detail/2015-Cadillac-Escalade-ESV/1590894,inventory,,,,,URL only; full vehicle galleries recorded to avoid huge download,url_only
,https://images.dealersync.com/3067/Photos/1590894/20261002170912242_1790960951.jpg,https://www.carfam.com/pre-owned-cars/detail/2015-Cadillac-Escalade-ESV/1590894,inventory,,,,,URL only; full vehicle galleries recorded to avoid huge download,url_only
,https://images.dealersync.com/3067/Photos/1590894/20261002170930729_1790960970.jpg,https://www.carfam.com/pre-owned-cars/detail/2015-Cadillac-Escalade-ESV/1590894,inventory,,,,,URL only; full vehicle galleries recorded to avoid huge download,url_only
,https://images.dealersync.com/3067/Photos/1590894/20261002171008253_1790961007.jpg,https://www.carfam.com/pre-owned-cars/detail/2015-Cadillac-Escalade-ESV/1590894,inventory,,,,,URL only; full vehicle galleries recorded to avoid huge download,url_only
,https://images.dealersync.com/3067/Photos/1590894/20261002171027853_1790961027.jpg,https://www.carfam.com/pre-owned-cars/detail/2015-Cadillac-Escalade-ESV/1590894,inventory,,,,,URL only; full vehicle galleries recorded to avoid huge download,url_only
,https://images.dealersync.com/3067/Photos/1590894/20261002171043881_1790961043.jpg,https://www.carfam.com/pre-owned-cars/detail/2015-Cadillac-Escalade-ESV/1590894,inventory,,,,,URL only; full vehicle galleries recorded to avoid huge download,url_only
,https://images.dealersync.com/3067/Photos/1590894/20261002171049909_1790961049.jpg,https://www.carfam.com/pre-owned-cars/detail/2015-Cadillac-Escalade-ESV/1590894,inventory,,,,,URL only; full vehicle galleries recorded to avoid huge download,url_only
,https://images.dealersync.com/3067/Photos/1590894/20261002171103751_1790961063.jpg,https://www.carfam.com/pre-owned-cars/detail/2015-Cadillac-Escalade-ESV/1590894,inventory,,,,,URL only; full vehicle galleries recorded to avoid huge download,url_only
,https://images.dealersync.com/3067/Photos/1590894/20261002171123751_1790961083.jpg,https://www.carfam.com/pre-owned-cars/detail/2015-Cadillac-Escalade-ESV/1590894,inventory,,,,,URL only; full vehicle galleries recorded to avoid huge download,url_only
,https://images.dealersync.com/3067/Photos/1590894/20261002171200734_1790961120.jpg,https://www.carfam.com/pre-owned-cars/detail/2015-Cadillac-Escalade-ESV/1590894,inventory,,,,,URL only; full vehicle galleries recorded to avoid huge download,url_only
,https://images.dealersync.com/3067/Photos/1590894/20261002171219578_1790961139.jpg,https://www.carfam.com/pre-owned-cars/detail/2015-Cadillac-Escalade-ESV/1590894,inventory,,,,,URL only; full vehicle galleries recorded to avoid huge download,url_only
,https://images.dealersync.com/3067/Photos/1590894/20261002171247556_1790961167.jpg,https://www.carfam.com/pre-owned-cars/detail/2015-Cadillac-Escalade-ESV/1590894,inventory,,,,,URL only; full vehicle galleries recorded to avoid huge download,url_only
,https://images.dealersync.com/3067/Photos/1590894/20261002171253307_1790961173.jpg,https://www.carfam.com/pre-owned-cars/detail/2015-Cadillac-Escalade-ESV/1590894,inventory,,,,,URL only; full vehicle galleries recorded to avoid huge download,url_only
,https://images.dealersync.com/3067/Photos/1590894/20261002171307888_1790961187.jpg,https://www.carfam.com/pre-owned-cars/detail/2015-Cadillac-Escalade-ESV/1590894,inventory,,,,,URL only; full vehicle galleries recorded to avoid huge download,url_only
,https://images.dealersync.com/3067/Photos/1590894/20261002171336896_1790961216.jpg,https://www.carfam.com/pre-owned-cars/detail/2015-Cadillac-Escalade-ESV/1590894,inventory,,,,,URL only; full vehicle galleries recorded to avoid huge download,url_only
,https://images.dealersync.com/3067/Photos/1590894/20261002171358487_1790961237.jpg,https://www.carfam.com/pre-owned-cars/detail/2015-Cadillac-Escalade-ESV/1590894,inventory,,,,,URL only; full vehicle galleries recorded to avoid huge download,url_only
,https://images.dealersync.com/3067/Photos/1590894/20261002171419711_1790961259.jpg,https://www.carfam.com/pre-owned-cars/detail/2015-Cadillac-Escalade-ESV/1590894,inventory,,,,,URL only; full vehicle galleries recorded to avoid huge download,url_only
,https://images.dealersync.com/3067/Photos/1590894/20261002171428325_1790961268.jpg,https://www.carfam.com/pre-owned-cars/detail/2015-Cadillac-Escalade-ESV/1590894,inventory,,,,,URL only; full vehicle galleries recorded to avoid huge download,url_only
,https://images.dealersync.com/3067/Photos/1590894/20261002171444234_1790961283.jpg,https://www.carfam.com/pre-owned-cars/detail/2015-Cadillac-Escalade-ESV/1590894,inventory,,,,,URL only; full vehicle galleries recorded to avoid huge download,url_only
,https://images.dealersync.com/3067/Photos/1590894/20261002171450374_1790961289.jpg,https://www.carfam.com/pre-owned-cars/detail/2015-Cadillac-Escalade-ESV/1590894,inventory,,,,,URL only; full vehicle galleries recorded to avoid huge download,url_only
,https://images.dealersync.com/3067/Photos/1590894/20261002171503701_1790961302.jpg,https://www.carfam.com/pre-owned-cars/detail/2015-Cadillac-Escalade-ESV/1590894,inventory,,,,,URL only; full vehicle galleries recorded to avoid huge download,url_only
,https://images.dealersync.com/3067/Photos/1590894/20261002171558126_1790961357.jpg,https://www.carfam.com/pre-owned-cars/detail/2015-Cadillac-Escalade-ESV/1590894,inventory,,,,,URL only; full vehicle galleries recorded to avoid huge download,url_only
,https://images.dealersync.com/3067/Photos/1590894/20261002171905436_1790961544.jpg,https://www.carfam.com/pre-owned-cars/detail/2015-Cadillac-Escalade-ESV/1590894,inventory,,,,,URL only; full vehicle galleries recorded to avoid huge download,url_only
,https://images.dealersync.com/3067/Photos/1590894/20261002171739459_1790961458.jpg,https://www.carfam.com/pre-owned-cars/detail/2015-Cadillac-Escalade-ESV/1590894,inventory,,,,,URL only; full vehicle galleries recorded to avoid huge download,url_only
,https://images.dealersync.com/3067/Photos/1590894/20261002171757416_1790961476.jpg,https://www.carfam.com/pre-owned-cars/detail/2015-Cadillac-Escalade-ESV/1590894,inventory,,,,,URL only; full vehicle galleries recorded to avoid huge download,url_only
,https://images.dealersync.com/3067/Photos/1590894/20261002171810445_1790961489.jpg,https://www.carfam.com/pre-owned-cars/detail/2015-Cadillac-Escalade-ESV/1590894,inventory,,,,,URL only; full vehicle galleries recorded to avoid huge download,url_only
,https://images.dealersync.com/3067/Photos/1590894/20261002171819637_1790961498.jpg,https://www.carfam.com/pre-owned-cars/detail/2015-Cadillac-Escalade-ESV/1590894,inventory,,,,,URL only; full vehicle galleries recorded to avoid huge download,url_only
,https://images.dealersync.com/3067/Photos/1590894/20261002171826776_1790961506.jpg,https://www.carfam.com/pre-owned-cars/detail/2015-Cadillac-Escalade-ESV/1590894,inventory,,,,,URL only; full vehicle galleries recorded to avoid huge download,url_only
,https://images.dealersync.com/3067/Photos/1590894/20261002171844391_1790961523.jpg,https://www.carfam.com/pre-owned-cars/detail/2015-Cadillac-Escalade-ESV/1590894,inventory,,,,,URL only; full vehicle galleries recorded to avoid huge download,url_only
,https://images.dealersync.com/3067/Photos/1590897/wm_dda9760e44564ced963a61637330743d_1590897.jpg,https://www.carfam.com/pre-owned-cars/detail/2016-Jeep-Wrangler-Unlimited/1590897,inventory,,,,,URL only; full vehicle galleries recorded to avoid huge download,url_only
,https://images.dealersync.com/3067/Photos/1590897/20260929224347962_1790721827.jpg,https://www.carfam.com/pre-owned-cars/detail/2016-Jeep-Wrangler-Unlimited/1590897,inventory,,,,,URL only; full vehicle galleries recorded to avoid huge download,url_only
,https://images.dealersync.com/3067/Photos/1590897/20260929224449654_1790721889.jpg,https://www.carfam.com/pre-owned-cars/detail/2016-Jeep-Wrangler-Unlimited/1590897,inventory,,,,,URL only; full vehicle galleries recorded to avoid huge download,url_only
,https://images.dealersync.com/3067/Photos/1590897/20260929224503512_1790721902.jpg,https://www.carfam.com/pre-owned-cars/detail/2016-Jeep-Wrangler-Unlimited/1590897,inventory,,,,,URL only; full vehicle galleries recorded to avoid huge download,url_only
,https://images.dealersync.com/3067/Photos/1590897/20260929224545052_1790721944.jpg,https://www.carfam.com/pre-owned-cars/detail/2016-Jeep-Wrangler-Unlimited/1590897,inventory,,,,,URL only; full vehicle galleries recorded to avoid huge download,url_only
,https://images.dealersync.com/3067/Photos/1590897/20260929224603803_1790721963.jpg,https://www.carfam.com/pre-owned-cars/detail/2016-Jeep-Wrangler-Unlimited/1590897,inventory,,,,,URL only; full vehicle galleries recorded to avoid huge download,url_only
,https://images.dealersync.com/3067/Photos/1590897/20260929224621913_1790721981.jpg,https://www.carfam.com/pre-owned-cars/detail/2016-Jeep-Wrangler-Unlimited/1590897,inventory,,,,,URL only; full vehicle galleries recorded to avoid huge download,url_only
,https://images.dealersync.com/3067/Photos/1590897/20260929224643287_1790722002.jpg,https://www.carfam.com/pre-owned-cars/detail/2016-Jeep-Wrangler-Unlimited/1590897,inventory,,,,,URL only; full vehicle galleries recorded to avoid huge download,url_only
,https://images.dealersync.com/3067/Photos/1590897/20260929224701827_1790722021.jpg,https://www.carfam.com/pre-owned-cars/detail/2016-Jeep-Wrangler-Unlimited/1590897,inventory,,,,,URL only; full vehicle galleries recorded to avoid huge download,url_only
,https://images.dealersync.com/3067/Photos/1590897/20260929224724129_1790722043.jpg,https://www.carfam.com/pre-owned-cars/detail/2016-Jeep-Wrangler-Unlimited/1590897,inventory,,,,,URL only; full vehicle galleries recorded to avoid huge download,url_only
,https://images.dealersync.com/3067/Photos/1590897/20260929224801263_1790722080.jpg,https://www.carfam.com/pre-owned-cars/detail/2016-Jeep-Wrangler-Unlimited/1590897,inventory,,,,,URL only; full vehicle galleries recorded to avoid huge download,url_only
,https://images.dealersync.com/3067/Photos/1590897/20260929224815925_1790722095.jpg,https://www.carfam.com/pre-owned-cars/detail/2016-Jeep-Wrangler-Unlimited/1590897,inventory,,,,,URL only; full vehicle galleries recorded to avoid huge download,url_only
,https://images.dealersync.com/3067/Photos/1590897/20260929224835300_1790722114.jpg,https://www.carfam.com/pre-owned-cars/detail/2016-Jeep-Wrangler-Unlimited/1590897,inventory,,,,,URL only; full vehicle galleries recorded to avoid huge download,url_only
,https://images.dealersync.com/3067/Photos/1590897/20260929224849843_1790722129.jpg,https://www.carfam.com/pre-owned-cars/detail/2016-Jeep-Wrangler-Unlimited/1590897,inventory,,,,,URL only; full vehicle galleries recorded to avoid huge download,url_only
,https://images.dealersync.com/3067/Photos/1590897/20260929224904679_1790722144.jpg,https://www.carfam.com/pre-owned-cars/detail/2016-Jeep-Wrangler-Unlimited/1590897,inventory,,,,,URL only; full vehicle galleries recorded to avoid huge download,url_only
,https://images.dealersync.com/3067/Photos/1590897/20260929224919025_1790722158.jpg,https://www.carfam.com/pre-owned-cars/detail/2016-Jeep-Wrangler-Unlimited/1590897,inventory,,,,,URL only; full vehicle galleries recorded to avoid huge download,url_only
,https://images.dealersync.com/3067/Photos/1590897/20260929224925293_1790722164.jpg,https://www.carfam.com/pre-owned-cars/detail/2016-Jeep-Wrangler-Unlimited/1590897,inventory,,,,,URL only; full vehicle galleries recorded to avoid huge download,url_only
,https://images.dealersync.com/3067/Photos/1590897/20260929224948225_1790722187.jpg,https://www.carfam.com/pre-owned-cars/detail/2016-Jeep-Wrangler-Unlimited/1590897,inventory,,,,,URL only; full vehicle galleries recorded to avoid huge download,url_only
,https://images.dealersync.com/3067/Photos/1590897/20260929224955674_1790722195.jpg,https://www.carfam.com/pre-owned-cars/detail/2016-Jeep-Wrangler-Unlimited/1590897,inventory,,,,,URL only; full vehicle galleries recorded to avoid huge download,url_only
,https://images.dealersync.com/3067/Photos/1590897/20260929225029873_1790722229.jpg,https://www.carfam.com/pre-owned-cars/detail/2016-Jeep-Wrangler-Unlimited/1590897,inventory,,,,,URL only; full vehicle galleries recorded to avoid huge download,url_only
,https://images.dealersync.com/3067/Photos/1590897/20260929225035638_1790722235.jpg,https://www.carfam.com/pre-owned-cars/detail/2016-Jeep-Wrangler-Unlimited/1590897,inventory,,,,,URL only; full vehicle galleries recorded to avoid huge download,url_only
,https://images.dealersync.com/3067/Photos/1590897/20260929225058183_1790722257.jpg,https://www.carfam.com/pre-owned-cars/detail/2016-Jeep-Wrangler-Unlimited/1590897,inventory,,,,,URL only; full vehicle galleries recorded to avoid huge download,url_only
,https://images.dealersync.com/3067/Photos/1590897/20260929225540939_1790722540.jpg,https://www.carfam.com/pre-owned-cars/detail/2016-Jeep-Wrangler-Unlimited/1590897,inventory,,,,,URL only; full vehicle galleries recorded to avoid huge download,url_only
,https://images.dealersync.com/3067/Photos/1590897/20260929225107557_1790722267.jpg,https://www.carfam.com/pre-owned-cars/detail/2016-Jeep-Wrangler-Unlimited/1590897,inventory,,,,,URL only; full vehicle galleries recorded to avoid huge download,url_only
,https://images.dealersync.com/3067/Photos/1590897/20260929225522885_1790722522.jpg,https://www.carfam.com/pre-owned-cars/detail/2016-Jeep-Wrangler-Unlimited/1590897,inventory,,,,,URL only; full vehicle galleries recorded to avoid huge download,url_only
,https://images.dealersync.com/3067/Photos/1590898/wm_7b998ed303044074b842b3d9a80abd81_1590898.jpg,https://www.carfam.com/pre-owned-cars/detail/2020-Jeep-Wrangler-Unlimited/1590898,inventory,,,,,URL only; full vehicle galleries recorded to avoid huge download,url_only
,https://images.dealersync.com/3067/Photos/1590898/20260928223826199_1790635105.jpg,https://www.carfam.com/pre-owned-cars/detail/2020-Jeep-Wrangler-Unlimited/1590898,inventory,,,,,URL only; full vehicle galleries recorded to avoid huge download,url_only
,https://images.dealersync.com/3067/Photos/1590898/20260928223837280_1790635117.jpg,https://www.carfam.com/pre-owned-cars/detail/2020-Jeep-Wrangler-Unlimited/1590898,inventory,,,,,URL only; full vehicle galleries recorded to avoid huge download,url_only
,https://images.dealersync.com/3067/Photos/1590898/20260928223846578_1790635126.jpg,https://www.carfam.com/pre-owned-cars/detail/2020-Jeep-Wrangler-Unlimited/1590898,inventory,,,,,URL only; full vehicle galleries recorded to avoid huge download,url_only
,https://images.dealersync.com/3067/Photos/1590898/20260928223858346_1790635137.jpg,https://www.carfam.com/pre-owned-cars/detail/2020-Jeep-Wrangler-Unlimited/1590898,inventory,,,,,URL only; full vehicle galleries recorded to avoid huge download,url_only
,https://images.dealersync.com/3067/Photos/1590898/20260928223911308_1790635150.jpg,https://www.carfam.com/pre-owned-cars/detail/2020-Jeep-Wrangler-Unlimited/1590898,inventory,,,,,URL only; full vehicle galleries recorded to avoid huge download,url_only
,https://images.dealersync.com/3067/Photos/1590898/20260928223924226_1790635163.jpg,https://www.carfam.com/pre-owned-cars/detail/2020-Jeep-Wrangler-Unlimited/1590898,inventory,,,,,URL only; full vehicle galleries recorded to avoid huge download,url_only
,https://images.dealersync.com/3067/Photos/1590898/20260928223931612_1790635171.jpg,https://www.carfam.com/pre-owned-cars/detail/2020-Jeep-Wrangler-Unlimited/1590898,inventory,,,,,URL only; full vehicle galleries recorded to avoid huge download,url_only
,https://images.dealersync.com/3067/Photos/1590898/20260928223945665_1790635185.jpg,https://www.carfam.com/pre-owned-cars/detail/2020-Jeep-Wrangler-Unlimited/1590898,inventory,,,,,URL only; full vehicle galleries recorded to avoid huge download,url_only
,https://images.dealersync.com/3067/Photos/1590898/20260928224011618_1790635211.jpg,https://www.carfam.com/pre-owned-cars/detail/2020-Jeep-Wrangler-Unlimited/1590898,inventory,,,,,URL only; full vehicle galleries recorded to avoid huge download,url_only
,https://images.dealersync.com/3067/Photos/1590898/20260928224021596_1790635221.jpg,https://www.carfam.com/pre-owned-cars/detail/2020-Jeep-Wrangler-Unlimited/1590898,inventory,,,,,URL only; full vehicle galleries recorded to avoid huge download,url_only
,https://images.dealersync.com/3067/Photos/1590898/20260928224029401_1790635229.jpg,https://www.carfam.com/pre-owned-cars/detail/2020-Jeep-Wrangler-Unlimited/1590898,inventory,,,,,URL only; full vehicle galleries recorded to avoid huge download,url_only
,https://images.dealersync.com/3067/Photos/1590898/20260928224054981_1790635254.jpg,https://www.carfam.com/pre-owned-cars/detail/2020-Jeep-Wrangler-Unlimited/1590898,inventory,,,,,URL only; full vehicle galleries recorded to avoid huge download,url_only
,https://images.dealersync.com/3067/Photos/1590898/20260928224131802_1790635291.jpg,https://www.carfam.com/pre-owned-cars/detail/2020-Jeep-Wrangler-Unlimited/1590898,inventory,,,,,URL only; full vehicle galleries recorded to avoid huge download,url_only
,https://images.dealersync.com/3067/Photos/1590898/20260928224137719_1790635297.jpg,https://www.carfam.com/pre-owned-cars/detail/2020-Jeep-Wrangler-Unlimited/1590898,inventory,,,,,URL only; full vehicle galleries recorded to avoid huge download,url_only
,https://images.dealersync.com/3067/Photos/1590898/20260928224155796_1790635315.jpg,https://www.carfam.com/pre-owned-cars/detail/2020-Jeep-Wrangler-Unlimited/1590898,inventory,,,,,URL only; full vehicle galleries recorded to avoid huge download,url_only
,https://images.dealersync.com/3067/Photos/1590898/20260928224201577_1790635321.jpg,https://www.carfam.com/pre-owned-cars/detail/2020-Jeep-Wrangler-Unlimited/1590898,inventory,,,,,URL only; full vehicle galleries recorded to avoid huge download,url_only
,https://images.dealersync.com/3067/Photos/1590898/20260928224244042_1790635363.jpg,https://www.carfam.com/pre-owned-cars/detail/2020-Jeep-Wrangler-Unlimited/1590898,inventory,,,,,URL only; full vehicle galleries recorded to avoid huge download,url_only
,https://images.dealersync.com/3067/Photos/1590898/20260928224253373_1790635373.jpg,https://www.carfam.com/pre-owned-cars/detail/2020-Jeep-Wrangler-Unlimited/1590898,inventory,,,,,URL only; full vehicle galleries recorded to avoid huge download,url_only
,https://images.dealersync.com/3067/Photos/1590898/20260928224329106_1790635408.jpg,https://www.carfam.com/pre-owned-cars/detail/2020-Jeep-Wrangler-Unlimited/1590898,inventory,,,,,URL only; full vehicle galleries recorded to avoid huge download,url_only
,https://images.dealersync.com/3067/Photos/1590898/20260928224355729_1790635435.jpg,https://www.carfam.com/pre-owned-cars/detail/2020-Jeep-Wrangler-Unlimited/1590898,inventory,,,,,URL only; full vehicle galleries recorded to avoid huge download,url_only
,https://images.dealersync.com/3067/Photos/1590898/20260928224405464_1790635445.jpg,https://www.carfam.com/pre-owned-cars/detail/2020-Jeep-Wrangler-Unlimited/1590898,inventory,,,,,URL only; full vehicle galleries recorded to avoid huge download,url_only
,https://images.dealersync.com/3067/Photos/1590898/20260928224423880_1790635463.jpg,https://www.carfam.com/pre-owned-cars/detail/2020-Jeep-Wrangler-Unlimited/1590898,inventory,,,,,URL only; full vehicle galleries recorded to avoid huge download,url_only
,https://images.dealersync.com/3067/Photos/1590898/20260928224432646_1790635472.jpg,https://www.carfam.com/pre-owned-cars/detail/2020-Jeep-Wrangler-Unlimited/1590898,inventory,,,,,URL only; full vehicle galleries recorded to avoid huge download,url_only
,https://images.dealersync.com/3067/Photos/1590898/20260928224440249_1790635479.jpg,https://www.carfam.com/pre-owned-cars/detail/2020-Jeep-Wrangler-Unlimited/1590898,inventory,,,,,URL only; full vehicle galleries recorded to avoid huge download,url_only
,https://images.dealersync.com/3067/Photos/1590898/20260928224535953_1790635533.jpg,https://www.carfam.com/pre-owned-cars/detail/2020-Jeep-Wrangler-Unlimited/1590898,inventory,,,,,URL only; full vehicle galleries recorded to avoid huge download,url_only
,https://images.dealersync.com/3067/Photos/1590898/20260928224319394_1790635398.jpg,https://www.carfam.com/pre-owned-cars/detail/2020-Jeep-Wrangler-Unlimited/1590898,inventory,,,,,URL only; full vehicle galleries recorded to avoid huge download,url_only
,https://images.dealersync.com/3067/Photos/1591070/wm_ccedb7a8637f41a0a16be98dbfa9af6d_1591070.jpg,https://www.carfam.com/pre-owned-cars/detail/2017-Lexus-IS-Turbo/1591070,inventory,,,,,URL only; full vehicle galleries recorded to avoid huge download,url_only
,https://images.dealersync.com/3067/Photos/1591070/20260925230422405_1790377462.jpg,https://www.carfam.com/pre-owned-cars/detail/2017-Lexus-IS-Turbo/1591070,inventory,,,,,URL only; full vehicle galleries recorded to avoid huge download,url_only
,https://images.dealersync.com/3067/Photos/1591070/20260925230437048_1790377474.jpg,https://www.carfam.com/pre-owned-cars/detail/2017-Lexus-IS-Turbo/1591070,inventory,,,,,URL only; full vehicle galleries recorded to avoid huge download,url_only
,https://images.dealersync.com/3067/Photos/1591070/20260925230442267_1790377481.jpg,https://www.carfam.com/pre-owned-cars/detail/2017-Lexus-IS-Turbo/1591070,inventory,,,,,URL only; full vehicle galleries recorded to avoid huge download,url_only
,https://images.dealersync.com/3067/Photos/1591070/20260925230449811_1790377489.jpg,https://www.carfam.com/pre-owned-cars/detail/2017-Lexus-IS-Turbo/1591070,inventory,,,,,URL only; full vehicle galleries recorded to avoid huge download,url_only
,https://images.dealersync.com/3067/Photos/1591070/20260925230526903_1790377526.jpg,https://www.carfam.com/pre-owned-cars/detail/2017-Lexus-IS-Turbo/1591070,inventory,,,,,URL only; full vehicle galleries recorded to avoid huge download,url_only
,https://images.dealersync.com/3067/Photos/1591070/20260925230540751_1790377540.jpg,https://www.carfam.com/pre-owned-cars/detail/2017-Lexus-IS-Turbo/1591070,inventory,,,,,URL only; full vehicle galleries recorded to avoid huge download,url_only
,https://images.dealersync.com/3067/Photos/1591070/20260925230549208_1790377548.jpg,https://www.carfam.com/pre-owned-cars/detail/2017-Lexus-IS-Turbo/1591070,inventory,,,,,URL only; full vehicle galleries recorded to avoid huge download,url_only
,https://images.dealersync.com/3067/Photos/1591070/20260925230604635_1790377564.jpg,https://www.carfam.com/pre-owned-cars/detail/2017-Lexus-IS-Turbo/1591070,inventory,,,,,URL only; full vehicle galleries recorded to avoid huge download,url_only
,https://images.dealersync.com/3067/Photos/1591070/20260925230646615_1790377602.jpg,https://www.carfam.com/pre-owned-cars/detail/2017-Lexus-IS-Turbo/1591070,inventory,,,,,URL only; full vehicle galleries recorded to avoid huge download,url_only
,https://images.dealersync.com/3067/Photos/1591070/20260925230646457_1790377588.jpg,https://www.carfam.com/pre-owned-cars/detail/2017-Lexus-IS-Turbo/1591070,inventory,,,,,URL only; full vehicle galleries recorded to avoid huge download,url_only
,https://images.dealersync.com/3067/Photos/1591070/20260925230649715_1790377608.jpg,https://www.carfam.com/pre-owned-cars/detail/2017-Lexus-IS-Turbo/1591070,inventory,,,,,URL only; full vehicle galleries recorded to avoid huge download,url_only
,https://images.dealersync.com/3067/Photos/1591070/20260925230705078_1790377624.jpg,https://www.carfam.com/pre-owned-cars/detail/2017-Lexus-IS-Turbo/1591070,inventory,,,,,URL only; full vehicle galleries recorded to avoid huge download,url_only
,https://images.dealersync.com/3067/Photos/1591070/20260925230710446_1790377630.jpg,https://www.carfam.com/pre-owned-cars/detail/2017-Lexus-IS-Turbo/1591070,inventory,,,,,URL only; full vehicle galleries recorded to avoid huge download,url_only
,https://images.dealersync.com/3067/Photos/1591070/20260925230736667_1790377656.jpg,https://www.carfam.com/pre-owned-cars/detail/2017-Lexus-IS-Turbo/1591070,inventory,,,,,URL only; full vehicle galleries recorded to avoid huge download,url_only
,https://images.dealersync.com/3067/Photos/1591070/20260925230751833_1790377671.jpg,https://www.carfam.com/pre-owned-cars/detail/2017-Lexus-IS-Turbo/1591070,inventory,,,,,URL only; full vehicle galleries recorded to avoid huge download,url_only
,https://images.dealersync.com/3067/Photos/1591070/20260925230804058_1790377683.jpg,https://www.carfam.com/pre-owned-cars/detail/2017-Lexus-IS-Turbo/1591070,inventory,,,,,URL only; full vehicle galleries recorded to avoid huge download,url_only
,https://images.dealersync.com/3067/Photos/1591070/20260925230825394_1790377705.jpg,https://www.carfam.com/pre-owned-cars/detail/2017-Lexus-IS-Turbo/1591070,inventory,,,,,URL only; full vehicle galleries recorded to avoid huge download,url_only
,https://images.dealersync.com/3067/Photos/1591070/20260925230833505_1790377713.jpg,https://www.carfam.com/pre-owned-cars/detail/2017-Lexus-IS-Turbo/1591070,inventory,,,,,URL only; full vehicle galleries recorded to avoid huge download,url_only
,https://images.dealersync.com/3067/Photos/1591070/20260925230844345_1790377723.jpg,https://www.carfam.com/pre-owned-cars/detail/2017-Lexus-IS-Turbo/1591070,inventory,,,,,URL only; full vehicle galleries recorded to avoid huge download,url_only
,https://images.dealersync.com/3067/Photos/1591070/20260925230904235_1790377743.jpg,https://www.carfam.com/pre-owned-cars/detail/2017-Lexus-IS-Turbo/1591070,inventory,,,,,URL only; full vehicle galleries recorded to avoid huge download,url_only
,https://images.dealersync.com/3067/Photos/1591070/20260925230914585_1790377754.jpg,https://www.carfam.com/pre-owned-cars/detail/2017-Lexus-IS-Turbo/1591070,inventory,,,,,URL only; full vehicle galleries recorded to avoid huge download,url_only
,https://images.dealersync.com/3067/Photos/1591070/20260925230923318_1790377762.jpg,https://www.carfam.com/pre-owned-cars/detail/2017-Lexus-IS-Turbo/1591070,inventory,,,,,URL only; full vehicle galleries recorded to avoid huge download,url_only
,https://images.dealersync.com/3067/Photos/1591070/20260925231437195_1790378076.jpg,https://www.carfam.com/pre-owned-cars/detail/2017-Lexus-IS-Turbo/1591070,inventory,,,,,URL only; full vehicle galleries recorded to avoid huge download,url_only
,https://images.dealersync.com/3067/Photos/1591070/20260925231121524_1790377881.jpg,https://www.carfam.com/pre-owned-cars/detail/2017-Lexus-IS-Turbo/1591070,inventory,,,,,URL only; full vehicle galleries recorded to avoid huge download,url_only
,https://images.dealersync.com/3067/Photos/1591070/20260925231130154_1790377889.jpg,https://www.carfam.com/pre-owned-cars/detail/2017-Lexus-IS-Turbo/1591070,inventory,,,,,URL only; full vehicle galleries recorded to avoid huge download,url_only
,https://images.dealersync.com/3067/Photos/1591070/20260925231139280_1790377898.jpg,https://www.carfam.com/pre-owned-cars/detail/2017-Lexus-IS-Turbo/1591070,inventory,,,,,URL only; full vehicle galleries recorded to avoid huge download,url_only
,https://images.dealersync.com/3067/Photos/1591070/20260925231146903_1790377906.jpg,https://www.carfam.com/pre-owned-cars/detail/2017-Lexus-IS-Turbo/1591070,inventory,,,,,URL only; full vehicle galleries recorded to avoid huge download,url_only
,https://images.dealersync.com/3067/Photos/1591070/20260925231158928_1790377918.jpg,https://www.carfam.com/pre-owned-cars/detail/2017-Lexus-IS-Turbo/1591070,inventory,,,,,URL only; full vehicle galleries recorded to avoid huge download,url_only
,https://images.dealersync.com/3067/Photos/1591332/wm_aabf6cb52e634005b076bd5ab8af648a_1591332.jpg,https://www.carfam.com/pre-owned-cars/detail/2020-Ford-Ranger/1591332,inventory,,,,,URL only; full vehicle galleries recorded to avoid huge download,url_only
,https://images.dealersync.com/3067/Photos/1591332/20261001230130582_1790895690.jpg,https://www.carfam.com/pre-owned-cars/detail/2020-Ford-Ranger/1591332,inventory,,,,,URL only; full vehicle galleries recorded to avoid huge download,url_only
,https://images.dealersync.com/3067/Photos/1591332/20261001230148851_1790895708.jpg,https://www.carfam.com/pre-owned-cars/detail/2020-Ford-Ranger/1591332,inventory,,,,,URL only; full vehicle galleries recorded to avoid huge download,url_only
,https://images.dealersync.com/3067/Photos/1591332/20261001230204230_1790895723.jpg,https://www.carfam.com/pre-owned-cars/detail/2020-Ford-Ranger/1591332,inventory,,,,,URL only; full vehicle galleries recorded to avoid huge download,url_only
,https://images.dealersync.com/3067/Photos/1591332/20261001230216525_1790895736.jpg,https://www.carfam.com/pre-owned-cars/detail/2020-Ford-Ranger/1591332,inventory,,,,,URL only; full vehicle galleries recorded to avoid huge download,url_only
,https://images.dealersync.com/3067/Photos/1591332/20261001230232274_1790895751.jpg,https://www.carfam.com/pre-owned-cars/detail/2020-Ford-Ranger/1591332,inventory,,,,,URL only; full vehicle galleries recorded to avoid huge download,url_only
,https://images.dealersync.com/3067/Photos/1591332/20261001230256993_1790895776.jpg,https://www.carfam.com/pre-owned-cars/detail/2020-Ford-Ranger/1591332,inventory,,,,,URL only; full vehicle galleries recorded to avoid huge download,url_only
,https://images.dealersync.com/3067/Photos/1591332/20261001230304621_1790895784.jpg,https://www.carfam.com/pre-owned-cars/detail/2020-Ford-Ranger/1591332,inventory,,,,,URL only; full vehicle galleries recorded to avoid huge download,url_only
,https://images.dealersync.com/3067/Photos/1591332/20261001230319128_1790895798.jpg,https://www.carfam.com/pre-owned-cars/detail/2020-Ford-Ranger/1591332,inventory,,,,,URL only; full vehicle galleries recorded to avoid huge download,url_only
,https://images.dealersync.com/3067/Photos/1591332/20261001230339951_1790895819.jpg,https://www.carfam.com/pre-owned-cars/detail/2020-Ford-Ranger/1591332,inventory,,,,,URL only; full vehicle galleries recorded to avoid huge download,url_only
,https://images.dealersync.com/3067/Photos/1591332/20261001230347847_1790895827.jpg,https://www.carfam.com/pre-owned-cars/detail/2020-Ford-Ranger/1591332,inventory,,,,,URL only; full vehicle galleries recorded to avoid huge download,url_only
,https://images.dealersync.com/3067/Photos/1591332/20261001230412832_1790895852.jpg,https://www.carfam.com/pre-owned-cars/detail/2020-Ford-Ranger/1591332,inventory,,,,,URL only; full vehicle galleries recorded to avoid huge download,url_only
,https://images.dealersync.com/3067/Photos/1591332/20261001230423338_1790895863.jpg,https://www.carfam.com/pre-owned-cars/detail/2020-Ford-Ranger/1591332,inventory,,,,,URL only; full vehicle galleries recorded to avoid huge download,url_only
,https://images.dealersync.com/3067/Photos/1591332/20261001230443837_1790895883.jpg,https://www.carfam.com/pre-owned-cars/detail/2020-Ford-Ranger/1591332,inventory,,,,,URL only; full vehicle galleries recorded to avoid huge download,url_only
,https://images.dealersync.com/3067/Photos/1591332/20261001230647288_1790896006.jpg,https://www.carfam.com/pre-owned-cars/detail/2020-Ford-Ranger/1591332,inventory,,,,,URL only; full vehicle galleries recorded to avoid huge download,url_only
,https://images.dealersync.com/3067/Photos/1591332/20261001230658192_1790896017.jpg,https://www.carfam.com/pre-owned-cars/detail/2020-Ford-Ranger/1591332,inventory,,,,,URL only; full vehicle galleries recorded to avoid huge download,url_only
,https://images.dealersync.com/3067/Photos/1591332/20261001230735512_1790896055.jpg,https://www.carfam.com/pre-owned-cars/detail/2020-Ford-Ranger/1591332,inventory,,,,,URL only; full vehicle galleries recorded to avoid huge download,url_only
,https://images.dealersync.com/3067/Photos/1591332/20261001230741210_1790896060.jpg,https://www.carfam.com/pre-owned-cars/detail/2020-Ford-Ranger/1591332,inventory,,,,,URL only; full vehicle galleries recorded to avoid huge download,url_only
,https://images.dealersync.com/3067/Photos/1591332/20261001230855476_1790896134.jpg,https://www.carfam.com/pre-owned-cars/detail/2020-Ford-Ranger/1591332,inventory,,,,,URL only; full vehicle galleries recorded to avoid huge download,url_only
,https://images.dealersync.com/3067/Photos/1591332/20261001230903682_1790896143.jpg,https://www.carfam.com/pre-owned-cars/detail/2020-Ford-Ranger/1591332,inventory,,,,,URL only; full vehicle galleries recorded to avoid huge download,url_only
,https://images.dealersync.com/3067/Photos/1591332/20261001230913024_1790896152.jpg,https://www.carfam.com/pre-owned-cars/detail/2020-Ford-Ranger/1591332,inventory,,,,,URL only; full vehicle galleries recorded to avoid huge download,url_only
,https://images.dealersync.com/3067/Photos/1591332/20261001230922141_1790896161.jpg,https://www.carfam.com/pre-owned-cars/detail/2020-Ford-Ranger/1591332,inventory,,,,,URL only; full vehicle galleries recorded to avoid huge download,url_only
,https://images.dealersync.com/3067/Photos/1591332/20261001231019635_1790896219.jpg,https://www.carfam.com/pre-owned-cars/detail/2020-Ford-Ranger/1591332,inventory,,,,,URL only; full vehicle galleries recorded to avoid huge download,url_only
,https://images.dealersync.com/3067/Photos/1591332/20261001230929964_1790896169.jpg,https://www.carfam.com/pre-owned-cars/detail/2020-Ford-Ranger/1591332,inventory,,,,,URL only; full vehicle galleries recorded to avoid huge download,url_only
,https://images.dealersync.com/3067/Photos/1591332/20261001230943696_1790896183.jpg,https://www.carfam.com/pre-owned-cars/detail/2020-Ford-Ranger/1591332,inventory,,,,,URL only; full vehicle galleries recorded to avoid huge download,url_only
,https://images.dealersync.com/3067/Photos/1591332/20261001230954183_1790896193.jpg,https://www.carfam.com/pre-owned-cars/detail/2020-Ford-Ranger/1591332,inventory,,,,,URL only; full vehicle galleries recorded to avoid huge download,url_only
,https://images.dealersync.com/3067/Photos/1591332/20261001231015365_1790896213.jpg,https://www.carfam.com/pre-owned-cars/detail/2020-Ford-Ranger/1591332,inventory,,,,,URL only; full vehicle galleries recorded to avoid huge download,url_only
,https://images.dealersync.com/3067/Photos/1591377/wm_d014d72f22aa44ce89bb6ba419bbfcb9_1591377.jpg,https://www.carfam.com/pre-owned-cars/detail/2017-Chevrolet-Silverado-1500/1591377,inventory,,,,,URL only; full vehicle galleries recorded to avoid huge download,url_only
,https://images.dealersync.com/3067/Photos/1591377/20260926003743994_1790383063.jpg,https://www.carfam.com/pre-owned-cars/detail/2017-Chevrolet-Silverado-1500/1591377,inventory,,,,,URL only; full vehicle galleries recorded to avoid huge download,url_only
,https://images.dealersync.com/3067/Photos/1591377/20260926003757758_1790383077.jpg,https://www.carfam.com/pre-owned-cars/detail/2017-Chevrolet-Silverado-1500/1591377,inventory,,,,,URL only; full vehicle galleries recorded to avoid huge download,url_only
,https://images.dealersync.com/3067/Photos/1591377/20260926003806330_1790383085.jpg,https://www.carfam.com/pre-owned-cars/detail/2017-Chevrolet-Silverado-1500/1591377,inventory,,,,,URL only; full vehicle galleries recorded to avoid huge download,url_only
,https://images.dealersync.com/3067/Photos/1591377/20260926003816575_1790383096.jpg,https://www.carfam.com/pre-owned-cars/detail/2017-Chevrolet-Silverado-1500/1591377,inventory,,,,,URL only; full vehicle galleries recorded to avoid huge download,url_only
,https://images.dealersync.com/3067/Photos/1591377/20260926003832235_1790383111.jpg,https://www.carfam.com/pre-owned-cars/detail/2017-Chevrolet-Silverado-1500/1591377,inventory,,,,,URL only; full vehicle galleries recorded to avoid huge download,url_only
,https://images.dealersync.com/3067/Photos/1591377/20260926003850090_1790383129.jpg,https://www.carfam.com/pre-owned-cars/detail/2017-Chevrolet-Silverado-1500/1591377,inventory,,,,,URL only; full vehicle galleries recorded to avoid huge download,url_only
,https://images.dealersync.com/3067/Photos/1591377/20260926003901186_1790383140.jpg,https://www.carfam.com/pre-owned-cars/detail/2017-Chevrolet-Silverado-1500/1591377,inventory,,,,,URL only; full vehicle galleries recorded to avoid huge download,url_only
,https://images.dealersync.com/3067/Photos/1591377/20260926003915553_1790383155.jpg,https://www.carfam.com/pre-owned-cars/detail/2017-Chevrolet-Silverado-1500/1591377,inventory,,,,,URL only; full vehicle galleries recorded to avoid huge download,url_only
,https://images.dealersync.com/3067/Photos/1591377/20260926003947694_1790383187.jpg,https://www.carfam.com/pre-owned-cars/detail/2017-Chevrolet-Silverado-1500/1591377,inventory,,,,,URL only; full vehicle galleries recorded to avoid huge download,url_only
,https://images.dealersync.com/3067/Photos/1591377/20260926003955939_1790383195.jpg,https://www.carfam.com/pre-owned-cars/detail/2017-Chevrolet-Silverado-1500/1591377,inventory,,,,,URL only; full vehicle galleries recorded to avoid huge download,url_only
,https://images.dealersync.com/3067/Photos/1591377/20260926004015726_1790383215.jpg,https://www.carfam.com/pre-owned-cars/detail/2017-Chevrolet-Silverado-1500/1591377,inventory,,,,,URL only; full vehicle galleries recorded to avoid huge download,url_only
,https://images.dealersync.com/3067/Photos/1591377/20260926004051903_1790383251.jpg,https://www.carfam.com/pre-owned-cars/detail/2017-Chevrolet-Silverado-1500/1591377,inventory,,,,,URL only; full vehicle galleries recorded to avoid huge download,url_only
,https://images.dealersync.com/3067/Photos/1591377/20260926004100034_1790383259.jpg,https://www.carfam.com/pre-owned-cars/detail/2017-Chevrolet-Silverado-1500/1591377,inventory,,,,,URL only; full vehicle galleries recorded to avoid huge download,url_only
,https://images.dealersync.com/3067/Photos/1591377/20260926004106400_1790383266.jpg,https://www.carfam.com/pre-owned-cars/detail/2017-Chevrolet-Silverado-1500/1591377,inventory,,,,,URL only; full vehicle galleries recorded to avoid huge download,url_only
,https://images.dealersync.com/3067/Photos/1591377/20260926004112677_1790383272.jpg,https://www.carfam.com/pre-owned-cars/detail/2017-Chevrolet-Silverado-1500/1591377,inventory,,,,,URL only; full vehicle galleries recorded to avoid huge download,url_only
,https://images.dealersync.com/3067/Photos/1591377/20260926004137632_1790383297.jpg,https://www.carfam.com/pre-owned-cars/detail/2017-Chevrolet-Silverado-1500/1591377,inventory,,,,,URL only; full vehicle galleries recorded to avoid huge download,url_only
,https://images.dealersync.com/3067/Photos/1591377/20260926004144307_1790383304.jpg,https://www.carfam.com/pre-owned-cars/detail/2017-Chevrolet-Silverado-1500/1591377,inventory,,,,,URL only; full vehicle galleries recorded to avoid huge download,url_only
,https://images.dealersync.com/3067/Photos/1591377/20260926004151107_1790383310.jpg,https://www.carfam.com/pre-owned-cars/detail/2017-Chevrolet-Silverado-1500/1591377,inventory,,,,,URL only; full vehicle galleries recorded to avoid huge download,url_only
,https://images.dealersync.com/3067/Photos/1591377/20260926004206415_1790383326.jpg,https://www.carfam.com/pre-owned-cars/detail/2017-Chevrolet-Silverado-1500/1591377,inventory,,,,,URL only; full vehicle galleries recorded to avoid huge download,url_only
,https://images.dealersync.com/3067/Photos/1591377/20260926004214460_1790383334.jpg,https://www.carfam.com/pre-owned-cars/detail/2017-Chevrolet-Silverado-1500/1591377,inventory,,,,,URL only; full vehicle galleries recorded to avoid huge download,url_only
,https://images.dealersync.com/3067/Photos/1591377/20260926004224819_1790383344.jpg,https://www.carfam.com/pre-owned-cars/detail/2017-Chevrolet-Silverado-1500/1591377,inventory,,,,,URL only; full vehicle galleries recorded to avoid huge download,url_only
,https://images.dealersync.com/3067/Photos/1591377/20260926004303591_1790383382.jpg,https://www.carfam.com/pre-owned-cars/detail/2017-Chevrolet-Silverado-1500/1591377,inventory,,,,,URL only; full vehicle galleries recorded to avoid huge download,url_only
,https://images.dealersync.com/3067/Photos/1591377/20260926004229643_1790383349.jpg,https://www.carfam.com/pre-owned-cars/detail/2017-Chevrolet-Silverado-1500/1591377,inventory,,,,,URL only; full vehicle galleries recorded to avoid huge download,url_only
,https://images.dealersync.com/3067/Photos/1591377/20260926004239980_1790383359.jpg,https://www.carfam.com/pre-owned-cars/detail/2017-Chevrolet-Silverado-1500/1591377,inventory,,,,,URL only; full vehicle galleries recorded to avoid huge download,url_only
,https://images.dealersync.com/3067/Photos/1591377/20260926004247694_1790383367.jpg,https://www.carfam.com/pre-owned-cars/detail/2017-Chevrolet-Silverado-1500/1591377,inventory,,,,,URL only; full vehicle galleries recorded to avoid huge download,url_only
,https://images.dealersync.com/3067/Photos/1592525/wm_35303f35b3e3458dad2429a20f5cd65a_1592525.jpg,https://www.carfam.com/pre-owned-cars/detail/2022-Cadillac-Escalade/1592525,inventory,,,,,URL only; full vehicle galleries recorded to avoid huge download,url_only
,https://images.dealersync.com/3067/Photos/1592525/20261001234901174_1790898537.jpg,https://www.carfam.com/pre-owned-cars/detail/2022-Cadillac-Escalade/1592525,inventory,,,,,URL only; full vehicle galleries recorded to avoid huge download,url_only
,https://images.dealersync.com/3067/Photos/1592525/20261001234912982_1790898552.jpg,https://www.carfam.com/pre-owned-cars/detail/2022-Cadillac-Escalade/1592525,inventory,,,,,URL only; full vehicle galleries recorded to avoid huge download,url_only
,https://images.dealersync.com/3067/Photos/1592525/20261001234923599_1790898563.jpg,https://www.carfam.com/pre-owned-cars/detail/2022-Cadillac-Escalade/1592525,inventory,,,,,URL only; full vehicle galleries recorded to avoid huge download,url_only
,https://images.dealersync.com/3067/Photos/1592525/20261001234936994_1790898576.jpg,https://www.carfam.com/pre-owned-cars/detail/2022-Cadillac-Escalade/1592525,inventory,,,,,URL only; full vehicle galleries recorded to avoid huge download,url_only
,https://images.dealersync.com/3067/Photos/1592525/20261001234951504_1790898591.jpg,https://www.carfam.com/pre-owned-cars/detail/2022-Cadillac-Escalade/1592525,inventory,,,,,URL only; full vehicle galleries recorded to avoid huge download,url_only
,https://images.dealersync.com/3067/Photos/1592525/20261001235007917_1790898607.jpg,https://www.carfam.com/pre-owned-cars/detail/2022-Cadillac-Escalade/1592525,inventory,,,,,URL only; full vehicle galleries recorded to avoid huge download,url_only
,https://images.dealersync.com/3067/Photos/1592525/20261001235018387_1790898618.jpg,https://www.carfam.com/pre-owned-cars/detail/2022-Cadillac-Escalade/1592525,inventory,,,,,URL only; full vehicle galleries recorded to avoid huge download,url_only
,https://images.dealersync.com/3067/Photos/1592525/20261001235031058_1790898630.jpg,https://www.carfam.com/pre-owned-cars/detail/2022-Cadillac-Escalade/1592525,inventory,,,,,URL only; full vehicle galleries recorded to avoid huge download,url_only
,https://images.dealersync.com/3067/Photos/1592525/20261001235151540_1790898711.jpg,https://www.carfam.com/pre-owned-cars/detail/2022-Cadillac-Escalade/1592525,inventory,,,,,URL only; full vehicle galleries recorded to avoid huge download,url_only
,https://images.dealersync.com/3067/Photos/1592525/20261001235211683_1790898731.jpg,https://www.carfam.com/pre-owned-cars/detail/2022-Cadillac-Escalade/1592525,inventory,,,,,URL only; full vehicle galleries recorded to avoid huge download,url_only
,https://images.dealersync.com/3067/Photos/1592525/20261001235217032_1790898736.jpg,https://www.carfam.com/pre-owned-cars/detail/2022-Cadillac-Escalade/1592525,inventory,,,,,URL only; full vehicle galleries recorded to avoid huge download,url_only
,https://images.dealersync.com/3067/Photos/1592525/20261001235226540_1790898746.jpg,https://www.carfam.com/pre-owned-cars/detail/2022-Cadillac-Escalade/1592525,inventory,,,,,URL only; full vehicle galleries recorded to avoid huge download,url_only
,https://images.dealersync.com/3067/Photos/1592525/20261001235327893_1790898807.jpg,https://www.carfam.com/pre-owned-cars/detail/2022-Cadillac-Escalade/1592525,inventory,,,,,URL only; full vehicle galleries recorded to avoid huge download,url_only
,https://images.dealersync.com/3067/Photos/1592525/20261001235630782_1790898990.jpg,https://www.carfam.com/pre-owned-cars/detail/2022-Cadillac-Escalade/1592525,inventory,,,,,URL only; full vehicle galleries recorded to avoid huge download,url_only
,https://images.dealersync.com/3067/Photos/1592525/20261001235635942_1790898995.jpg,https://www.carfam.com/pre-owned-cars/detail/2022-Cadillac-Escalade/1592525,inventory,,,,,URL only; full vehicle galleries recorded to avoid huge download,url_only
,https://images.dealersync.com/3067/Photos/1592525/20261001235649553_1790899009.jpg,https://www.carfam.com/pre-owned-cars/detail/2022-Cadillac-Escalade/1592525,inventory,,,,,URL only; full vehicle galleries recorded to avoid huge download,url_only
,https://images.dealersync.com/3067/Photos/1592525/20261001235659057_1790899018.jpg,https://www.carfam.com/pre-owned-cars/detail/2022-Cadillac-Escalade/1592525,inventory,,,,,URL only; full vehicle galleries recorded to avoid huge download,url_only
,https://images.dealersync.com/3067/Photos/1592525/20261001235704974_1790899024.jpg,https://www.carfam.com/pre-owned-cars/detail/2022-Cadillac-Escalade/1592525,inventory,,,,,URL only; full vehicle galleries recorded to avoid huge download,url_only
,https://images.dealersync.com/3067/Photos/1592525/20261001235752902_1790899072.jpg,https://www.carfam.com/pre-owned-cars/detail/2022-Cadillac-Escalade/1592525,inventory,,,,,URL only; full vehicle galleries recorded to avoid huge download,url_only
,https://images.dealersync.com/3067/Photos/1592525/20261001235758863_1790899078.jpg,https://www.carfam.com/pre-owned-cars/detail/2022-Cadillac-Escalade/1592525,inventory,,,,,URL only; full vehicle galleries recorded to avoid huge download,url_only
,https://images.dealersync.com/3067/Photos/1592525/20261001235807001_1790899086.jpg,https://www.carfam.com/pre-owned-cars/detail/2022-Cadillac-Escalade/1592525,inventory,,,,,URL only; full vehicle galleries recorded to avoid huge download,url_only
,https://images.dealersync.com/3067/Photos/1592525/20261001235814158_1790899093.jpg,https://www.carfam.com/pre-owned-cars/detail/2022-Cadillac-Escalade/1592525,inventory,,,,,URL only; full vehicle galleries recorded to avoid huge download,url_only
,https://images.dealersync.com/3067/Photos/1592525/20261001235925357_1790899164.jpg,https://www.carfam.com/pre-owned-cars/detail/2022-Cadillac-Escalade/1592525,inventory,,,,,URL only; full vehicle galleries recorded to avoid huge download,url_only
,https://images.dealersync.com/3067/Photos/1592525/20261001235948796_1790899188.jpg,https://www.carfam.com/pre-owned-cars/detail/2022-Cadillac-Escalade/1592525,inventory,,,,,URL only; full vehicle galleries recorded to avoid huge download,url_only
,https://images.dealersync.com/3067/Photos/1592525/20261002000058236_1790899258.jpg,https://www.carfam.com/pre-owned-cars/detail/2022-Cadillac-Escalade/1592525,inventory,,,,,URL only; full vehicle galleries recorded to avoid huge download,url_only
,https://images.dealersync.com/3067/Photos/1592525/20261001235958003_1790899197.jpg,https://www.carfam.com/pre-owned-cars/detail/2022-Cadillac-Escalade/1592525,inventory,,,,,URL only; full vehicle galleries recorded to avoid huge download,url_only
,https://images.dealersync.com/3067/Photos/1592525/20261002000010376_1790899210.jpg,https://www.carfam.com/pre-owned-cars/detail/2022-Cadillac-Escalade/1592525,inventory,,,,,URL only; full vehicle galleries recorded to avoid huge download,url_only
,https://images.dealersync.com/3067/Photos/1592525/20261002000033913_1790899233.jpg,https://www.carfam.com/pre-owned-cars/detail/2022-Cadillac-Escalade/1592525,inventory,,,,,URL only; full vehicle galleries recorded to avoid huge download,url_only
,https://images.dealersync.com/3067/Photos/1592525/20261002000016603_1790899216.jpg,https://www.carfam.com/pre-owned-cars/detail/2022-Cadillac-Escalade/1592525,inventory,,,,,URL only; full vehicle galleries recorded to avoid huge download,url_only
,https://images.dealersync.com/3067/Photos/1592525/20261002000046095_1790899245.jpg,https://www.carfam.com/pre-owned-cars/detail/2022-Cadillac-Escalade/1592525,inventory,,,,,URL only; full vehicle galleries recorded to avoid huge download,url_only
,https://images.dealersync.com/3067/Photos/1594525/wm_e08a90136a514466931792c0f2a6e062_1594525.jpg,https://www.carfam.com/pre-owned-cars/detail/2023-Honda-Accord-Hybrid/1594525,inventory,,,,,URL only; full vehicle galleries recorded to avoid huge download,url_only
,https://images.dealersync.com/3067/Photos/1594525/20261001233026868_1790897425.jpg,https://www.carfam.com/pre-owned-cars/detail/2023-Honda-Accord-Hybrid/1594525,inventory,,,,,URL only; full vehicle galleries recorded to avoid huge download,url_only
,https://images.dealersync.com/3067/Photos/1594525/20261001233040488_1790897440.jpg,https://www.carfam.com/pre-owned-cars/detail/2023-Honda-Accord-Hybrid/1594525,inventory,,,,,URL only; full vehicle galleries recorded to avoid huge download,url_only
,https://images.dealersync.com/3067/Photos/1594525/20261001233050479_1790897450.jpg,https://www.carfam.com/pre-owned-cars/detail/2023-Honda-Accord-Hybrid/1594525,inventory,,,,,URL only; full vehicle galleries recorded to avoid huge download,url_only
,https://images.dealersync.com/3067/Photos/1594525/20261001233059461_1790897459.jpg,https://www.carfam.com/pre-owned-cars/detail/2023-Honda-Accord-Hybrid/1594525,inventory,,,,,URL only; full vehicle galleries recorded to avoid huge download,url_only
,https://images.dealersync.com/3067/Photos/1594525/20261001233113613_1790897473.jpg,https://www.carfam.com/pre-owned-cars/detail/2023-Honda-Accord-Hybrid/1594525,inventory,,,,,URL only; full vehicle galleries recorded to avoid huge download,url_only
,https://images.dealersync.com/3067/Photos/1594525/20261001233135046_1790897494.jpg,https://www.carfam.com/pre-owned-cars/detail/2023-Honda-Accord-Hybrid/1594525,inventory,,,,,URL only; full vehicle galleries recorded to avoid huge download,url_only
,https://images.dealersync.com/3067/Photos/1594525/20261001233142916_1790897502.jpg,https://www.carfam.com/pre-owned-cars/detail/2023-Honda-Accord-Hybrid/1594525,inventory,,,,,URL only; full vehicle galleries recorded to avoid huge download,url_only
,https://images.dealersync.com/3067/Photos/1594525/20261001233251192_1790897570.jpg,https://www.carfam.com/pre-owned-cars/detail/2023-Honda-Accord-Hybrid/1594525,inventory,,,,,URL only; full vehicle galleries recorded to avoid huge download,url_only
,https://images.dealersync.com/3067/Photos/1594525/20261001233212977_1790897532.jpg,https://www.carfam.com/pre-owned-cars/detail/2023-Honda-Accord-Hybrid/1594525,inventory,,,,,URL only; full vehicle galleries recorded to avoid huge download,url_only
,https://images.dealersync.com/3067/Photos/1594525/20261001233229104_1790897548.jpg,https://www.carfam.com/pre-owned-cars/detail/2023-Honda-Accord-Hybrid/1594525,inventory,,,,,URL only; full vehicle galleries recorded to avoid huge download,url_only
,https://images.dealersync.com/3067/Photos/1594525/20261001233234833_1790897554.jpg,https://www.carfam.com/pre-owned-cars/detail/2023-Honda-Accord-Hybrid/1594525,inventory,,,,,URL only; full vehicle galleries recorded to avoid huge download,url_only
,https://images.dealersync.com/3067/Photos/1594525/20261001233304490_1790897584.jpg,https://www.carfam.com/pre-owned-cars/detail/2023-Honda-Accord-Hybrid/1594525,inventory,,,,,URL only; full vehicle galleries recorded to avoid huge download,url_only
,https://images.dealersync.com/3067/Photos/1594525/20261001233309976_1790897589.jpg,https://www.carfam.com/pre-owned-cars/detail/2023-Honda-Accord-Hybrid/1594525,inventory,,,,,URL only; full vehicle galleries recorded to avoid huge download,url_only
,https://images.dealersync.com/3067/Photos/1594525/20261001233321596_1790897601.jpg,https://www.carfam.com/pre-owned-cars/detail/2023-Honda-Accord-Hybrid/1594525,inventory,,,,,URL only; full vehicle galleries recorded to avoid huge download,url_only
,https://images.dealersync.com/3067/Photos/1594525/20261001233336155_1790897615.jpg,https://www.carfam.com/pre-owned-cars/detail/2023-Honda-Accord-Hybrid/1594525,inventory,,,,,URL only; full vehicle galleries recorded to avoid huge download,url_only
,https://images.dealersync.com/3067/Photos/1594525/20261001233342062_1790897621.jpg,https://www.carfam.com/pre-owned-cars/detail/2023-Honda-Accord-Hybrid/1594525,inventory,,,,,URL only; full vehicle galleries recorded to avoid huge download,url_only
,https://images.dealersync.com/3067/Photos/1594525/20261001233404257_1790897643.jpg,https://www.carfam.com/pre-owned-cars/detail/2023-Honda-Accord-Hybrid/1594525,inventory,,,,,URL only; full vehicle galleries recorded to avoid huge download,url_only
,https://images.dealersync.com/3067/Photos/1594525/20261001233412196_1790897651.jpg,https://www.carfam.com/pre-owned-cars/detail/2023-Honda-Accord-Hybrid/1594525,inventory,,,,,URL only; full vehicle galleries recorded to avoid huge download,url_only
,https://images.dealersync.com/3067/Photos/1594525/20261001233419701_1790897659.jpg,https://www.carfam.com/pre-owned-cars/detail/2023-Honda-Accord-Hybrid/1594525,inventory,,,,,URL only; full vehicle galleries recorded to avoid huge download,url_only
,https://images.dealersync.com/3067/Photos/1594525/20261001233429383_1790897669.jpg,https://www.carfam.com/pre-owned-cars/detail/2023-Honda-Accord-Hybrid/1594525,inventory,,,,,URL only; full vehicle galleries recorded to avoid huge download,url_only
,https://images.dealersync.com/3067/Photos/1594525/20261001233435438_1790897675.jpg,https://www.carfam.com/pre-owned-cars/detail/2023-Honda-Accord-Hybrid/1594525,inventory,,,,,URL only; full vehicle galleries recorded to avoid huge download,url_only
,https://images.dealersync.com/3067/Photos/1594525/20261001233447426_1790897687.jpg,https://www.carfam.com/pre-owned-cars/detail/2023-Honda-Accord-Hybrid/1594525,inventory,,,,,URL only; full vehicle galleries recorded to avoid huge download,url_only
,https://images.dealersync.com/3067/Photos/1594525/20261001233506641_1790897706.jpg,https://www.carfam.com/pre-owned-cars/detail/2023-Honda-Accord-Hybrid/1594525,inventory,,,,,URL only; full vehicle galleries recorded to avoid huge download,url_only
,https://images.dealersync.com/3067/Photos/1594525/20261001233513443_1790897713.jpg,https://www.carfam.com/pre-owned-cars/detail/2023-Honda-Accord-Hybrid/1594525,inventory,,,,,URL only; full vehicle galleries recorded to avoid huge download,url_only
,https://images.dealersync.com/3067/Photos/1594525/20261001233524203_1790897723.jpg,https://www.carfam.com/pre-owned-cars/detail/2023-Honda-Accord-Hybrid/1594525,inventory,,,,,URL only; full vehicle galleries recorded to avoid huge download,url_only
,https://images.dealersync.com/3067/Photos/1594525/20261001233531759_1790897731.jpg,https://www.carfam.com/pre-owned-cars/detail/2023-Honda-Accord-Hybrid/1594525,inventory,,,,,URL only; full vehicle galleries recorded to avoid huge download,url_only
,https://images.dealersync.com/3067/Photos/1594525/20261001233543201_1790897742.jpg,https://www.carfam.com/pre-owned-cars/detail/2023-Honda-Accord-Hybrid/1594525,inventory,,,,,URL only; full vehicle galleries recorded to avoid huge download,url_only
,https://images.dealersync.com/3067/Photos/1594525/20261001233609162_1790897768.jpg,https://www.carfam.com/pre-owned-cars/detail/2023-Honda-Accord-Hybrid/1594525,inventory,,,,,URL only; full vehicle galleries recorded to avoid huge download,url_only
about-us-bg.jpg,https://images.dealersync.com/3067/themes/customizations/carfam/images/about-us-bg.jpg,https://www.carfam.com/,homepage,2600,1640,JPEG,assets/homepage/about-us-bg.jpg,Background image observed in original custom brand CSS,200
